=== DOGE src=research_runs/maker_labels_tb3s_h150 H=1500 nwork=6 2026-07-30T19:42:52Z ===
[strictfill DOGE] src=research_runs/maker_labels_tb3s_h150 out=research_runs/maker_labels_tb3s_h150strict H=1500 days=371 todo=369 workers=6
  [1/369 0m] {"day": "2025-05-09", "status": "ok", "parity": true, "ts_ok": true, "lab_ok": true, "n": 23121, "dup": 1.0, "fill_f": 0.8644, "fill_s": 0.7942, "netl_f": -2.279, "netl_s": -3.388, "sec": 10.5}
  [2/369 0m] {"day": "2025-05-10", "status": "ok", "parity": true, "ts_ok": true, "lab_ok": true, "n": 24297, "dup": 1.0, "fill_f": 0.873, "fill_s": 0.8278, "netl_f": 0.479, "netl_s": -0.413, "sec": 11.0}
  [3/369 0m] {"day": "2025-05-11", "status": "ok", "parity": true, "ts_ok": true, "lab_ok": true, "n": 24548, "dup": 1.0, "fill_f": 0.8755, "fill_s": 0.8277, "netl_f": -4.441, "netl_s": -5.44, "sec": 10.7}
  [4/369 0m] {"day": "2025-05-12", "status": "ok", "parity": true, "ts_ok": true, "lab_ok": true, "n": 23318, "dup": 1.0, "fill_f": 0.8876, "fill_s": 0.86, "netl_f": -3.375, "netl_s": -4.047, "sec": 10.9}
  [5/369 0m] {"day": "2025-05-13", "status": "ok", "parity": true, "ts_ok": true, "lab_ok": true, "n": 23293, "dup": 1.0, "fill_f": 0.8772, "fill_s": 0.8287, "netl_f": -1.894, "netl_s": -2.704, "sec": 8.6}
  [6/369 0m] {"day": "2025-05-14", "status": "ok", "parity": true, "ts_ok": true, "lab_ok": true, "n": 23519, "dup": 1.0, "fill_f": 0.8646, "fill_s": 0.8027, "netl_f": -3.067, "netl_s": -3.959, "sec": 8.8}
  [7/369 0m] {"day": "2025-05-15", "status": "ok", "parity": true, "ts_ok": true, "lab_ok": true, "n": 23060, "dup": 1.0, "fill_f": 0.883, "fill_s": 0.8329, "netl_f": -4.144, "netl_s": -5.314, "sec": 9.1}
  [8/369 0m] {"day": "2025-05-16", "status": "ok", "parity": true, "ts_ok": true, "lab_ok": true, "n": 23790, "dup": 1.0, "fill_f": 0.8752, "fill_s": 0.8135, "netl_f": -2.283, "netl_s": -3.262, "sec": 7.3}
  [9/369 0m] {"day": "2025-05-17", "status": "ok", "parity": true, "ts_ok": true, "lab_ok": true, "n": 23780, "dup": 1.0, "fill_f": 0.8642, "fill_s": 0.7899, "netl_f": -3.067, "netl_s": -4.236, "sec": 6.9}
  [10/369 0m] {"day": "2025-05-18", "status": "ok", "parity": true, "ts_ok": true, "lab_ok": true, "n": 24439, "dup": 1.0, "fill_f": 0.8603, "fill_s": 0.7916, "netl_f": -0.811, "netl_s": -1.69, "sec": 8.1}
  [11/369 0m] {"day": "2025-05-19", "status": "ok", "parity": true, "ts_ok": true, "lab_ok": true, "n": 23737, "dup": 1.0, "fill_f": 0.8801, "fill_s": 0.8215, "netl_f": -2.935, "netl_s": -3.799, "sec": 7.9}
  [12/369 0m] {"day": "2025-05-20", "status": "ok", "parity": true, "ts_ok": true, "lab_ok": true, "n": 24256, "dup": 1.0, "fill_f": 0.8692, "fill_s": 0.8003, "netl_f": -2.184, "netl_s": -3.276, "sec": 6.9}
  [13/369 0m] {"day": "2025-05-21", "status": "ok", "parity": true, "ts_ok": true, "lab_ok": true, "n": 23866, "dup": 1.0, "fill_f": 0.865, "fill_s": 0.8059, "netl_f": -2.029, "netl_s": -3.019, "sec": 7.7}
  [14/369 0m] {"day": "2025-05-22", "status": "ok", "parity": true, "ts_ok": true, "lab_ok": true, "n": 24637, "dup": 1.0, "fill_f": 0.8734, "fill_s": 0.8245, "netl_f": -1.42, "netl_s": -2.171, "sec": 8.8}
  [15/369 0m] {"day": "2025-05-23", "status": "ok", "parity": true, "ts_ok": true, "lab_ok": true, "n": 24245, "dup": 1.0, "fill_f": 0.8757, "fill_s": 0.8252, "netl_f": -4.205, "netl_s": -5.17, "sec": 9.1}
  [16/369 0m] {"day": "2025-05-24", "status": "ok", "parity": true, "ts_ok": true, "lab_ok": true, "n": 25478, "dup": 1.0, "fill_f": 0.8321, "fill_s": 0.7072, "netl_f": -2.35, "netl_s": -3.472, "sec": 7.2}
  [17/369 0m] {"day": "2025-05-25", "status": "ok", "parity": true, "ts_ok": true, "lab_ok": true, "n": 25465, "dup": 1.0, "fill_f": 0.8353, "fill_s": 0.7473, "netl_f": -2.199, "netl_s": -3.094, "sec": 7.7}
  [18/369 0m] {"day": "2025-05-26", "status": "ok", "parity": true, "ts_ok": true, "lab_ok": true, "n": 25523, "dup": 1.0, "fill_f": 0.8408, "fill_s": 0.744, "netl_f": -2.296, "netl_s": -3.35, "sec": 7.7}
  [19/369 1m] {"day": "2025-05-27", "status": "ok", "parity": true, "ts_ok": true, "lab_ok": true, "n": 25137, "dup": 1.0, "fill_f": 0.8465, "fill_s": 0.7499, "netl_f": -2.114, "netl_s": -3.216, "sec": 7.7}
  [20/369 1m] {"day": "2025-05-28", "status": "ok", "parity": true, "ts_ok": true, "lab_ok": true, "n": 25038, "dup": 1.0, "fill_f": 0.8269, "fill_s": 0.7025, "netl_f": -2.495, "netl_s": -3.632, "sec": 7.6}
  [21/369 1m] {"day": "2025-05-29", "status": "ok", "parity": true, "ts_ok": true, "lab_ok": true, "n": 24942, "dup": 1.0, "fill_f": 0.8393, "fill_s": 0.7198, "netl_f": -2.767, "netl_s": -4.052, "sec": 7.7}
  [22/369 1m] {"day": "2025-05-30", "status": "ok", "parity": true, "ts_ok": true, "lab_ok": true, "n": 24207, "dup": 1.0, "fill_f": 0.8715, "fill_s": 0.8048, "netl_f": -4.522, "netl_s": -5.519, "sec": 7.2}
  [23/369 1m] {"day": "2025-05-31", "status": "ok", "parity": true, "ts_ok": true, "lab_ok": true, "n": 25325, "dup": 1.0, "fill_f": 0.851, "fill_s": 0.77, "netl_f": -2.839, "netl_s": -3.81, "sec": 8.1}
  [24/369 1m] {"day": "2025-06-01", "status": "ok", "parity": true, "ts_ok": true, "lab_ok": true, "n": 25864, "dup": 1.0, "fill_f": 0.8264, "fill_s": 0.7145, "netl_f": -2.064, "netl_s": -3.168, "sec": 7.4}
  [25/369 1m] {"day": "2025-06-02", "status": "ok", "parity": true, "ts_ok": true, "lab_ok": true, "n": 25378, "dup": 1.0, "fill_f": 0.8495, "fill_s": 0.736, "netl_f": -2.442, "netl_s": -3.81, "sec": 7.2}
  [26/369 1m] {"day": "2025-06-03", "status": "ok", "parity": true, "ts_ok": true, "lab_ok": true, "n": 25796, "dup": 1.0, "fill_f": 0.8305, "fill_s": 0.6869, "netl_f": -2.403, "netl_s": -3.713, "sec": 7.8}
  [27/369 1m] {"day": "2025-06-04", "status": "ok", "parity": true, "ts_ok": true, "lab_ok": true, "n": 25526, "dup": 1.0, "fill_f": 0.8264, "fill_s": 0.7023, "netl_f": -2.713, "netl_s": -3.716, "sec": 7.4}
  [28/369 1m] {"day": "2025-06-05", "status": "ok", "parity": true, "ts_ok": true, "lab_ok": true, "n": 25081, "dup": 1.0, "fill_f": 0.852, "fill_s": 0.7561, "netl_f": -4.02, "netl_s": -5.143, "sec": 7.7}
  [29/369 1m] {"day": "2025-06-06", "status": "ok", "parity": true, "ts_ok": true, "lab_ok": true, "n": 25741, "dup": 1.0, "fill_f": 0.8387, "fill_s": 0.718, "netl_f": -1.545, "netl_s": -2.764, "sec": 6.9}
  [30/369 1m] {"day": "2025-06-07", "status": "ok", "parity": true, "ts_ok": true, "lab_ok": true, "n": 26710, "dup": 1.0, "fill_f": 0.8125, "fill_s": 0.6979, "netl_f": -1.505, "netl_s": -2.35, "sec": 7.2}
  [31/369 1m] {"day": "2025-06-08", "status": "ok", "parity": true, "ts_ok": true, "lab_ok": true, "n": 26545, "dup": 1.0, "fill_f": 0.8131, "fill_s": 0.6419, "netl_f": -2.029, "netl_s": -3.008, "sec": 7.7}
  [32/369 1m] {"day": "2025-06-09", "status": "ok", "parity": true, "ts_ok": true, "lab_ok": true, "n": 25807, "dup": 1.0, "fill_f": 0.8353, "fill_s": 0.7147, "netl_f": -1.246, "netl_s": -2.341, "sec": 7.6}
  [33/369 1m] {"day": "2025-06-10", "status": "ok", "parity": true, "ts_ok": true, "lab_ok": true, "n": 25310, "dup": 1.0, "fill_f": 0.8489, "fill_s": 0.7165, "netl_f": -2.08, "netl_s": -3.538, "sec": 7.2}
  [34/369 1m] {"day": "2025-06-11", "status": "ok", "parity": true, "ts_ok": true, "lab_ok": true, "n": 24552, "dup": 1.0, "fill_f": 0.861, "fill_s": 0.7815, "netl_f": -2.884, "netl_s": -4.025, "sec": 8.4}
  [35/369 1m] {"day": "2025-06-12", "status": "ok", "parity": true, "ts_ok": true, "lab_ok": true, "n": 23891, "dup": 1.0, "fill_f": 0.8527, "fill_s": 0.7245, "netl_f": -3.544, "netl_s": -4.863, "sec": 7.4}
  [36/369 1m] {"day": "2025-06-13", "status": "ok", "parity": true, "ts_ok": true, "lab_ok": true, "n": 23575, "dup": 1.0, "fill_f": 0.8503, "fill_s": 0.7434, "netl_f": -2.983, "netl_s": -4.379, "sec": 7.1}
  [37/369 1m] {"day": "2025-06-14", "status": "ok", "parity": true, "ts_ok": true, "lab_ok": true, "n": 25678, "dup": 1.0, "fill_f": 0.7961, "fill_s": 0.6471, "netl_f": -2.43, "netl_s": -3.362, "sec": 6.7}
  [38/369 1m] {"day": "2025-06-15", "status": "ok", "parity": true, "ts_ok": true, "lab_ok": true, "n": 25714, "dup": 1.0, "fill_f": 0.7946, "fill_s": 0.6452, "netl_f": -2.593, "netl_s": -3.566, "sec": 6.9}
  [39/369 1m] {"day": "2025-06-16", "status": "ok", "parity": true, "ts_ok": true, "lab_ok": true, "n": 25237, "dup": 1.0, "fill_f": 0.8175, "fill_s": 0.6531, "netl_f": -2.224, "netl_s": -3.565, "sec": 7.3}
  [40/369 1m] {"day": "2025-06-17", "status": "ok", "parity": true, "ts_ok": true, "lab_ok": true, "n": 24354, "dup": 1.0, "fill_f": 0.8401, "fill_s": 0.7366, "netl_f": -2.794, "netl_s": -3.812, "sec": 7.4}
  [41/369 1m] {"day": "2025-06-18", "status": "ok", "parity": true, "ts_ok": true, "lab_ok": true, "n": 24620, "dup": 1.0, "fill_f": 0.827, "fill_s": 0.697, "netl_f": -2.46, "netl_s": -3.732, "sec": 6.4}
  [42/369 1m] {"day": "2025-06-19", "status": "ok", "parity": true, "ts_ok": true, "lab_ok": true, "n": 25901, "dup": 1.0, "fill_f": 0.7974, "fill_s": 0.5945, "netl_f": -2.407, "netl_s": -3.734, "sec": 6.2}
  [43/369 1m] {"day": "2025-06-20", "status": "ok", "parity": true, "ts_ok": true, "lab_ok": true, "n": 25155, "dup": 1.0, "fill_f": 0.8174, "fill_s": 0.6841, "netl_f": -3.231, "netl_s": -4.47, "sec": 7.2}
  [44/369 1m] {"day": "2025-06-21", "status": "ok", "parity": true, "ts_ok": true, "lab_ok": true, "n": 25471, "dup": 1.0, "fill_f": 0.7839, "fill_s": 0.6413, "netl_f": -3.772, "netl_s": -5.023, "sec": 7.3}
  [45/369 1m] {"day": "2025-06-22", "status": "ok", "parity": true, "ts_ok": true, "lab_ok": true, "n": 23625, "dup": 1.0, "fill_f": 0.8602, "fill_s": 0.7746, "netl_f": -3.568, "netl_s": -5.053, "sec": 7.3}
  [46/369 1m] {"day": "?", "status": "EXC FileNotFoundError: [Errno 2] No such file or directory: '/home/delmi/strictfill_DOGE/w3/bs/entry_q.npy'"}
  [47/369 1m] {"day": "2025-06-24", "status": "ok", "parity": true, "ts_ok": true, "lab_ok": true, "n": 25107, "dup": 1.0, "fill_f": 0.8163, "fill_s": 0.6718, "netl_f": -2.4, "netl_s": -4.034, "sec": 6.6}
  [48/369 1m] {"day": "2025-06-25", "status": "ok", "parity": true, "ts_ok": true, "lab_ok": true, "n": 25444, "dup": 1.0, "fill_f": 0.8206, "fill_s": 0.694, "netl_f": -2.624, "netl_s": -3.887, "sec": 7.1}
  [49/369 1m] {"day": "2025-06-26", "status": "ok", "parity": true, "ts_ok": true, "lab_ok": true, "n": 25325, "dup": 1.0, "fill_f": 0.8324, "fill_s": 0.6901, "netl_f": -2.9, "netl_s": -4.216, "sec": 7.5}
  [50/369 1m] {"day": "2025-06-27", "status": "ok", "parity": true, "ts_ok": true, "lab_ok": true, "n": 25555, "dup": 1.0, "fill_f": 0.8013, "fill_s": 0.6198, "netl_f": -2.559, "netl_s": -3.907, "sec": 7.3}
  [51/369 1m] {"day": "2025-06-28", "status": "ok", "parity": true, "ts_ok": true, "lab_ok": true, "n": 26758, "dup": 1.0, "fill_f": 0.7256, "fill_s": 0.5087, "netl_f": -1.52, "netl_s": -2.277, "sec": 7.3}
  [52/369 1m] {"day": "2025-06-29", "status": "ok", "parity": true, "ts_ok": true, "lab_ok": true, "n": 26710, "dup": 1.0, "fill_f": 0.7063, "fill_s": 0.4984, "netl_f": -1.279, "netl_s": -2.081, "sec": 7.6}
  [53/369 1m] {"day": "2025-06-30", "status": "ok", "parity": true, "ts_ok": true, "lab_ok": true, "n": 25533, "dup": 1.0, "fill_f": 0.8034, "fill_s": 0.6302, "netl_f": -2.805, "netl_s": -4.154, "sec": 7.0}
  [54/369 1m] {"day": "2025-07-01", "status": "ok", "parity": true, "ts_ok": true, "lab_ok": true, "n": 25748, "dup": 1.0, "fill_f": 0.812, "fill_s": 0.604, "netl_f": -2.965, "netl_s": -4.315, "sec": 6.7}
  [55/369 1m] {"day": "2025-07-02", "status": "ok", "parity": true, "ts_ok": true, "lab_ok": true, "n": 25370, "dup": 1.0, "fill_f": 0.7997, "fill_s": 0.6338, "netl_f": -0.874, "netl_s": -1.899, "sec": 7.2}
  [56/369 1m] {"day": "2025-07-03", "status": "ok", "parity": true, "ts_ok": true, "lab_ok": true, "n": 25336, "dup": 1.0, "fill_f": 0.7997, "fill_s": 0.6424, "netl_f": -1.695, "netl_s": -2.885, "sec": 7.8}
  [57/369 1m] {"day": "2025-07-04", "status": "ok", "parity": true, "ts_ok": true, "lab_ok": true, "n": 25580, "dup": 1.0, "fill_f": 0.8006, "fill_s": 0.6451, "netl_f": -3.32, "netl_s": -4.502, "sec": 6.9}
  [58/369 1m] {"day": "2025-07-05", "status": "ok", "parity": true, "ts_ok": true, "lab_ok": true, "n": 26736, "dup": 1.0, "fill_f": 0.7292, "fill_s": 0.5447, "netl_f": -1.903, "netl_s": -2.76, "sec": 7.1}
  [59/369 1m] {"day": "2025-07-06", "status": "ok", "parity": true, "ts_ok": true, "lab_ok": true, "n": 26345, "dup": 1.0, "fill_f": 0.7538, "fill_s": 0.5783, "netl_f": -1.321, "netl_s": -2.173, "sec": 6.9}
  [60/369 1m] {"day": "2025-07-07", "status": "ok", "parity": true, "ts_ok": true, "lab_ok": true, "n": 25597, "dup": 1.0, "fill_f": 0.8276, "fill_s": 0.6973, "netl_f": -2.431, "netl_s": -3.633, "sec": 6.6}
  [61/369 1m] {"day": "2025-07-08", "status": "ok", "parity": true, "ts_ok": true, "lab_ok": true, "n": 25634, "dup": 1.0, "fill_f": 0.7894, "fill_s": 0.6198, "netl_f": -1.873, "netl_s": -2.927, "sec": 6.6}
  [62/369 1m] {"day": "2025-07-09", "status": "ok", "parity": true, "ts_ok": true, "lab_ok": true, "n": 25459, "dup": 1.0, "fill_f": 0.808, "fill_s": 0.6753, "netl_f": -1.514, "netl_s": -2.458, "sec": 7.1}
  [63/369 1m] {"day": "2025-07-10", "status": "ok", "parity": true, "ts_ok": true, "lab_ok": true, "n": 25343, "dup": 1.0, "fill_f": 0.825, "fill_s": 0.7218, "netl_f": -0.899, "netl_s": -1.804, "sec": 7.6}
  [64/369 1m] {"day": "2025-07-11", "status": "ok", "parity": true, "ts_ok": true, "lab_ok": true, "n": 23966, "dup": 1.0, "fill_f": 0.8714, "fill_s": 0.824, "netl_f": -2.589, "netl_s": -3.478, "sec": 9.1}
  [65/369 1m] {"day": "2025-07-12", "status": "ok", "parity": true, "ts_ok": true, "lab_ok": true, "n": 25270, "dup": 1.0, "fill_f": 0.845, "fill_s": 0.748, "netl_f": -2.978, "netl_s": -4.096, "sec": 7.6}
  [66/369 1m] {"day": "2025-07-13", "status": "ok", "parity": true, "ts_ok": true, "lab_ok": true, "n": 25496, "dup": 1.0, "fill_f": 0.8481, "fill_s": 0.7423, "netl_f": -2.343, "netl_s": -3.401, "sec": 7.3}
  [67/369 1m] {"day": "2025-07-14", "status": "ok", "parity": true, "ts_ok": true, "lab_ok": true, "n": 23974, "dup": 1.0, "fill_f": 0.8676, "fill_s": 0.7804, "netl_f": -2.477, "netl_s": -3.737, "sec": 7.4}
  [68/369 2m] {"day": "2025-07-15", "status": "ok", "parity": true, "ts_ok": true, "lab_ok": true, "n": 23765, "dup": 1.0, "fill_f": 0.8511, "fill_s": 0.7492, "netl_f": -2.469, "netl_s": -3.946, "sec": 6.7}
  [69/369 2m] {"day": "2025-07-16", "status": "ok", "parity": true, "ts_ok": true, "lab_ok": true, "n": 24300, "dup": 1.0, "fill_f": 0.8596, "fill_s": 0.7781, "netl_f": -1.101, "netl_s": -2.094, "sec": 7.3}
  [70/369 2m] {"day": "2025-07-17", "status": "ok", "parity": true, "ts_ok": true, "lab_ok": true, "n": 24098, "dup": 1.0, "fill_f": 0.8746, "fill_s": 0.8169, "netl_f": -2.602, "netl_s": -3.782, "sec": 7.5}
  [71/369 2m] {"day": "2025-07-18", "status": "ok", "parity": true, "ts_ok": true, "lab_ok": true, "n": 24299, "dup": 1.0, "fill_f": 0.888, "fill_s": 0.8593, "netl_f": -1.406, "netl_s": -2.182, "sec": 9.5}
  [72/369 2m] {"day": "2025-07-19", "status": "ok", "parity": true, "ts_ok": true, "lab_ok": true, "n": 24910, "dup": 1.0, "fill_f": 0.8837, "fill_s": 0.8442, "netl_f": -2.103, "netl_s": -2.799, "sec": 8.6}
  [73/369 2m] {"day": "2025-07-20", "status": "ok", "parity": true, "ts_ok": true, "lab_ok": true, "n": 25388, "dup": 1.0, "fill_f": 0.8855, "fill_s": 0.8542, "netl_f": -0.457, "netl_s": -1.079, "sec": 9.1}
  [74/369 2m] {"day": "2025-07-21", "status": "ok", "parity": true, "ts_ok": true, "lab_ok": true, "n": 25028, "dup": 1.0, "fill_f": 0.8931, "fill_s": 0.8635, "netl_f": -2.707, "netl_s": -3.398, "sec": 8.9}
  [75/369 2m] {"day": "2025-07-22", "status": "ok", "parity": true, "ts_ok": true, "lab_ok": true, "n": 24715, "dup": 1.0, "fill_f": 0.8817, "fill_s": 0.8393, "netl_f": -2.919, "netl_s": -3.709, "sec": 8.1}
  [76/369 2m] {"day": "2025-07-23", "status": "ok", "parity": true, "ts_ok": true, "lab_ok": true, "n": 24875, "dup": 1.0, "fill_f": 0.879, "fill_s": 0.8229, "netl_f": -5.019, "netl_s": -5.967, "sec": 8.5}
  [77/369 2m] {"day": "2025-07-24", "status": "ok", "parity": true, "ts_ok": true, "lab_ok": true, "n": 23778, "dup": 1.0, "fill_f": 0.884, "fill_s": 0.853, "netl_f": -3.407, "netl_s": -3.986, "sec": 8.7}
  [78/369 2m] {"day": "2025-07-25", "status": "ok", "parity": true, "ts_ok": true, "lab_ok": true, "n": 23590, "dup": 1.0, "fill_f": 0.8776, "fill_s": 0.8305, "netl_f": -2.672, "netl_s": -3.539, "sec": 8.2}
  [79/369 2m] {"day": "2025-07-26", "status": "ok", "parity": true, "ts_ok": true, "lab_ok": true, "n": 25452, "dup": 1.0, "fill_f": 0.8373, "fill_s": 0.7507, "netl_f": -2.158, "netl_s": -2.989, "sec": 6.7}
  [80/369 2m] {"day": "2025-07-27", "status": "ok", "parity": true, "ts_ok": true, "lab_ok": true, "n": 25137, "dup": 1.0, "fill_f": 0.8563, "fill_s": 0.782, "netl_f": -1.816, "netl_s": -2.737, "sec": 6.2}
  [81/369 2m] {"day": "2025-07-28", "status": "ok", "parity": true, "ts_ok": true, "lab_ok": true, "n": 23976, "dup": 1.0, "fill_f": 0.8749, "fill_s": 0.811, "netl_f": -3.652, "netl_s": -4.735, "sec": 6.9}
  [82/369 2m] {"day": "2025-07-29", "status": "ok", "parity": true, "ts_ok": true, "lab_ok": true, "n": 23804, "dup": 1.0, "fill_f": 0.8572, "fill_s": 0.7747, "netl_f": -2.61, "netl_s": -3.728, "sec": 6.9}
  [83/369 2m] {"day": "2025-07-30", "status": "ok", "parity": true, "ts_ok": true, "lab_ok": true, "n": 24409, "dup": 1.0, "fill_f": 0.8655, "fill_s": 0.7833, "netl_f": -3.016, "netl_s": -4.198, "sec": 6.8}
  [84/369 2m] {"day": "2025-07-31", "status": "ok", "parity": true, "ts_ok": true, "lab_ok": true, "n": 25083, "dup": 1.0, "fill_f": 0.855, "fill_s": 0.7437, "netl_f": -3.261, "netl_s": -4.414, "sec": 6.8}
  [85/369 2m] {"day": "2025-08-01", "status": "ok", "parity": true, "ts_ok": true, "lab_ok": true, "n": 24605, "dup": 1.0, "fill_f": 0.8838, "fill_s": 0.8197, "netl_f": -3.861, "netl_s": -5.064, "sec": 7.9}
  [86/369 2m] {"day": "2025-08-02", "status": "ok", "parity": true, "ts_ok": true, "lab_ok": true, "n": 25582, "dup": 1.0, "fill_f": 0.8634, "fill_s": 0.7834, "netl_f": -3.491, "netl_s": -4.719, "sec": 7.4}
  [87/369 2m] {"day": "2025-08-03", "status": "ok", "parity": true, "ts_ok": true, "lab_ok": true, "n": 25887, "dup": 1.0, "fill_f": 0.8285, "fill_s": 0.6859, "netl_f": -1.234, "netl_s": -2.347, "sec": 7.4}
  [88/369 2m] {"day": "2025-08-04", "status": "ok", "parity": true, "ts_ok": true, "lab_ok": true, "n": 25458, "dup": 1.0, "fill_f": 0.8435, "fill_s": 0.7239, "netl_f": -1.099, "netl_s": -2.287, "sec": 6.8}
  [89/369 2m] {"day": "2025-08-05", "status": "ok", "parity": true, "ts_ok": true, "lab_ok": true, "n": 25167, "dup": 1.0, "fill_f": 0.8533, "fill_s": 0.7392, "netl_f": -3.224, "netl_s": -4.53, "sec": 7.3}
  [90/369 2m] {"day": "2025-08-06", "status": "ok", "parity": true, "ts_ok": true, "lab_ok": true, "n": 25861, "dup": 1.0, "fill_f": 0.8393, "fill_s": 0.6824, "netl_f": -1.703, "netl_s": -3.236, "sec": 7.0}
  [91/369 2m] {"day": "2025-08-07", "status": "ok", "parity": true, "ts_ok": true, "lab_ok": true, "n": 25672, "dup": 1.0, "fill_f": 0.8255, "fill_s": 0.6774, "netl_f": -0.537, "netl_s": -1.676, "sec": 6.6}
  [92/369 2m] {"day": "2025-08-08", "status": "ok", "parity": true, "ts_ok": true, "lab_ok": true, "n": 25738, "dup": 1.0, "fill_f": 0.855, "fill_s": 0.742, "netl_f": -1.669, "netl_s": -3.031, "sec": 6.9}
  [93/369 2m] {"day": "2025-08-09", "status": "ok", "parity": true, "ts_ok": true, "lab_ok": true, "n": 26209, "dup": 1.0, "fill_f": 0.8593, "fill_s": 0.7705, "netl_f": -1.719, "netl_s": -2.879, "sec": 7.7}
  [94/369 2m] {"day": "2025-08-10", "status": "ok", "parity": true, "ts_ok": true, "lab_ok": true, "n": 25968, "dup": 1.0, "fill_f": 0.8536, "fill_s": 0.7153, "netl_f": -2.703, "netl_s": -4.229, "sec": 7.6}
  [95/369 2m] {"day": "2025-08-11", "status": "ok", "parity": true, "ts_ok": true, "lab_ok": true, "n": 25563, "dup": 1.0, "fill_f": 0.8733, "fill_s": 0.7732, "netl_f": -3.542, "netl_s": -4.879, "sec": 7.5}
  [96/369 2m] {"day": "2025-08-12", "status": "ok", "parity": true, "ts_ok": true, "lab_ok": true, "n": 25827, "dup": 1.0, "fill_f": 0.8584, "fill_s": 0.7373, "netl_f": -1.388, "netl_s": -2.734, "sec": 7.1}
  [97/369 2m] {"day": "2025-08-13", "status": "ok", "parity": true, "ts_ok": true, "lab_ok": true, "n": 15973, "dup": 1.0, "fill_f": 0.8789, "fill_s": 0.791, "netl_f": -2.151, "netl_s": -3.214, "sec": 5.0}
  [98/369 2m] {"day": "2025-08-14", "status": "ok", "parity": true, "ts_ok": true, "lab_ok": true, "n": 24021, "dup": 1.0, "fill_f": 0.8747, "fill_s": 0.7963, "netl_f": -4.635, "netl_s": -6.0, "sec": 8.9}
  [99/369 2m] {"day": "2025-08-15", "status": "ok", "parity": true, "ts_ok": true, "lab_ok": true, "n": 25048, "dup": 1.0, "fill_f": 0.8641, "fill_s": 0.7702, "netl_f": -2.309, "netl_s": -3.754, "sec": 7.8}
  [100/369 2m] {"day": "2025-08-16", "status": "ok", "parity": true, "ts_ok": true, "lab_ok": true, "n": 26239, "dup": 1.0, "fill_f": 0.8436, "fill_s": 0.7253, "netl_f": -2.093, "netl_s": -3.108, "sec": 7.9}
  [101/369 2m] {"day": "2025-08-17", "status": "ok", "parity": true, "ts_ok": true, "lab_ok": true, "n": 26357, "dup": 1.0, "fill_f": 0.8479, "fill_s": 0.7353, "netl_f": -1.898, "netl_s": -2.772, "sec": 8.1}
  [102/369 2m] {"day": "2025-08-18", "status": "ok", "parity": true, "ts_ok": true, "lab_ok": true, "n": 25516, "dup": 1.0, "fill_f": 0.8657, "fill_s": 0.7632, "netl_f": -3.352, "netl_s": -4.482, "sec": 7.8}
  [103/369 2m] {"day": "2025-08-19", "status": "ok", "parity": true, "ts_ok": true, "lab_ok": true, "n": 24460, "dup": 1.0, "fill_f": 0.865, "fill_s": 0.7306, "netl_f": -3.359, "netl_s": -4.962, "sec": 7.7}
  [104/369 2m] {"day": "2025-08-20", "status": "ok", "parity": true, "ts_ok": true, "lab_ok": true, "n": 25092, "dup": 1.0, "fill_f": 0.8522, "fill_s": 0.7268, "netl_f": -1.331, "netl_s": -2.669, "sec": 7.8}
  [105/369 2m] {"day": "2025-08-21", "status": "ok", "parity": true, "ts_ok": true, "lab_ok": true, "n": 25427, "dup": 1.0, "fill_f": 0.848, "fill_s": 0.7098, "netl_f": -3.066, "netl_s": -4.557, "sec": 6.7}
  [106/369 2m] {"day": "2025-08-22", "status": "ok", "parity": true, "ts_ok": true, "lab_ok": true, "n": 25225, "dup": 1.0, "fill_f": 0.8579, "fill_s": 0.7628, "netl_f": -0.576, "netl_s": -1.604, "sec": 7.7}
  [107/369 2m] {"day": "2025-08-23", "status": "ok", "parity": true, "ts_ok": true, "lab_ok": true, "n": 25851, "dup": 1.0, "fill_f": 0.8325, "fill_s": 0.6842, "netl_f": -2.59, "netl_s": -3.952, "sec": 6.8}
  [108/369 2m] {"day": "2025-08-24", "status": "ok", "parity": true, "ts_ok": true, "lab_ok": true, "n": 25655, "dup": 1.0, "fill_f": 0.8541, "fill_s": 0.7328, "netl_f": -3.058, "netl_s": -4.533, "sec": 8.6}
  [109/369 2m] {"day": "2025-08-25", "status": "ok", "parity": true, "ts_ok": true, "lab_ok": true, "n": 25186, "dup": 1.0, "fill_f": 0.8876, "fill_s": 0.8061, "netl_f": -4.393, "netl_s": -5.607, "sec": 8.5}
  [110/369 2m] {"day": "2025-08-26", "status": "ok", "parity": true, "ts_ok": true, "lab_ok": true, "n": 25916, "dup": 1.0, "fill_f": 0.8508, "fill_s": 0.7182, "netl_f": -1.481, "netl_s": -2.909, "sec": 7.3}
  [111/369 2m] {"day": "2025-08-27", "status": "ok", "parity": true, "ts_ok": true, "lab_ok": true, "n": 26026, "dup": 1.0, "fill_f": 0.8557, "fill_s": 0.7354, "netl_f": -2.301, "netl_s": -3.61, "sec": 7.2}
  [112/369 2m] {"day": "2025-08-28", "status": "ok", "parity": true, "ts_ok": true, "lab_ok": true, "n": 25653, "dup": 1.0, "fill_f": 0.8307, "fill_s": 0.7088, "netl_f": -1.656, "netl_s": -2.818, "sec": 6.9}
  [113/369 2m] {"day": "2025-08-29", "status": "ok", "parity": true, "ts_ok": true, "lab_ok": true, "n": 24414, "dup": 1.0, "fill_f": 0.8471, "fill_s": 0.7371, "netl_f": -3.61, "netl_s": -5.139, "sec": 6.7}
  [114/369 2m] {"day": "2025-08-30", "status": "ok", "parity": true, "ts_ok": true, "lab_ok": true, "n": 26643, "dup": 1.0, "fill_f": 0.7769, "fill_s": 0.5788, "netl_f": -1.943, "netl_s": -2.952, "sec": 6.8}
  [115/369 2m] {"day": "2025-08-31", "status": "ok", "parity": true, "ts_ok": true, "lab_ok": true, "n": 26579, "dup": 1.0, "fill_f": 0.7901, "fill_s": 0.6012, "netl_f": -2.273, "netl_s": -3.312, "sec": 7.0}
  [116/369 3m] {"day": "2025-09-01", "status": "ok", "parity": true, "ts_ok": true, "lab_ok": true, "n": 24916, "dup": 1.0, "fill_f": 0.8629, "fill_s": 0.7278, "netl_f": -2.959, "netl_s": -4.684, "sec": 7.2}
  [117/369 3m] {"day": "2025-09-02", "status": "ok", "parity": true, "ts_ok": true, "lab_ok": true, "n": 25326, "dup": 1.0, "fill_f": 0.8417, "fill_s": 0.6891, "netl_f": -2.093, "netl_s": -3.537, "sec": 7.1}
  [118/369 3m] {"day": "2025-09-03", "status": "ok", "parity": true, "ts_ok": true, "lab_ok": true, "n": 26079, "dup": 1.0, "fill_f": 0.8263, "fill_s": 0.6919, "netl_f": -1.562, "netl_s": -2.667, "sec": 7.2}
  [119/369 3m] {"day": "2025-09-04", "status": "ok", "parity": true, "ts_ok": true, "lab_ok": true, "n": 26092, "dup": 1.0, "fill_f": 0.8214, "fill_s": 0.6732, "netl_f": -2.75, "netl_s": -3.764, "sec": 6.6}
  [120/369 3m] {"day": "2025-09-05", "status": "ok", "parity": true, "ts_ok": true, "lab_ok": true, "n": 25949, "dup": 1.0, "fill_f": 0.7978, "fill_s": 0.6544, "netl_f": -1.673, "netl_s": -2.665, "sec": 7.2}
  [121/369 3m] {"day": "2025-09-06", "status": "ok", "parity": true, "ts_ok": true, "lab_ok": true, "n": 27145, "dup": 1.0, "fill_f": 0.7281, "fill_s": 0.5691, "netl_f": -2.274, "netl_s": -2.986, "sec": 7.0}
  [122/369 3m] {"day": "2025-09-07", "status": "ok", "parity": true, "ts_ok": true, "lab_ok": true, "n": 27002, "dup": 1.0, "fill_f": 0.7483, "fill_s": 0.6237, "netl_f": -0.993, "netl_s": -1.575, "sec": 6.7}
  [123/369 3m] {"day": "2025-09-08", "status": "ok", "parity": true, "ts_ok": true, "lab_ok": true, "n": 26230, "dup": 1.0, "fill_f": 0.8491, "fill_s": 0.758, "netl_f": -1.373, "netl_s": -2.397, "sec": 7.7}
  [124/369 3m] {"day": "2025-09-09", "status": "ok", "parity": true, "ts_ok": true, "lab_ok": true, "n": 25345, "dup": 1.0, "fill_f": 0.8486, "fill_s": 0.7602, "netl_f": -2.529, "netl_s": -3.712, "sec": 7.4}
  [125/369 3m] {"day": "2025-09-10", "status": "ok", "parity": true, "ts_ok": true, "lab_ok": true, "n": 25536, "dup": 1.0, "fill_f": 0.827, "fill_s": 0.7202, "netl_f": -1.902, "netl_s": -2.928, "sec": 7.0}
  [126/369 3m] {"day": "2025-09-11", "status": "ok", "parity": true, "ts_ok": true, "lab_ok": true, "n": 25685, "dup": 1.0, "fill_f": 0.8386, "fill_s": 0.7617, "netl_f": -1.318, "netl_s": -2.004, "sec": 7.4}
  [127/369 3m] {"day": "2025-09-12", "status": "ok", "parity": true, "ts_ok": true, "lab_ok": true, "n": 25438, "dup": 1.0, "fill_f": 0.8543, "fill_s": 0.7858, "netl_f": -0.887, "netl_s": -1.611, "sec": 7.7}
  [128/369 3m] {"day": "2025-09-13", "status": "ok", "parity": true, "ts_ok": true, "lab_ok": true, "n": 26362, "dup": 1.0, "fill_f": 0.8776, "fill_s": 0.829, "netl_f": -1.796, "netl_s": -2.622, "sec": 8.8}
  [129/369 3m] {"day": "2025-09-14", "status": "ok", "parity": true, "ts_ok": true, "lab_ok": true, "n": 25995, "dup": 1.0, "fill_f": 0.8706, "fill_s": 0.818, "netl_f": -3.171, "netl_s": -3.921, "sec": 8.5}
  [130/369 3m] {"day": "2025-09-16", "status": "ok", "parity": true, "ts_ok": true, "lab_ok": true, "n": 25989, "dup": 1.0, "fill_f": 0.8638, "fill_s": 0.7911, "netl_f": -2.156, "netl_s": -3.054, "sec": 8.3}
  [131/369 3m] {"day": "2025-09-17", "status": "ok", "parity": true, "ts_ok": true, "lab_ok": true, "n": 25283, "dup": 1.0, "fill_f": 0.8565, "fill_s": 0.7878, "netl_f": -1.84, "netl_s": -2.683, "sec": 8.5}
  [132/369 3m] {"day": "2025-09-18", "status": "ok", "parity": true, "ts_ok": true, "lab_ok": true, "n": 25182, "dup": 1.0, "fill_f": 0.868, "fill_s": 0.8033, "netl_f": -2.344, "netl_s": -3.047, "sec": 7.0}
  [133/369 3m] {"day": "2025-09-19", "status": "ok", "parity": true, "ts_ok": true, "lab_ok": true, "n": 25273, "dup": 1.0, "fill_f": 0.8458, "fill_s": 0.7597, "netl_f": -2.853, "netl_s": -3.633, "sec": 7.3}
  [134/369 3m] {"day": "2025-09-20", "status": "ok", "parity": true, "ts_ok": true, "lab_ok": true, "n": 26269, "dup": 1.0, "fill_f": 0.7937, "fill_s": 0.668, "netl_f": -1.913, "netl_s": -2.643, "sec": 6.7}
  [135/369 3m] {"day": "2025-09-21", "status": "ok", "parity": true, "ts_ok": true, "lab_ok": true, "n": 26271, "dup": 1.0, "fill_f": 0.8152, "fill_s": 0.7029, "netl_f": -2.772, "netl_s": -3.609, "sec": 7.4}
  [136/369 3m] {"day": "2025-09-22", "status": "ok", "parity": true, "ts_ok": true, "lab_ok": true, "n": 25262, "dup": 1.0, "fill_f": 0.8664, "fill_s": 0.7865, "netl_f": -3.822, "netl_s": -4.77, "sec": 7.4}
  [137/369 3m] {"day": "2025-09-23", "status": "ok", "parity": true, "ts_ok": true, "lab_ok": true, "n": 25901, "dup": 1.0, "fill_f": 0.8621, "fill_s": 0.7547, "netl_f": -3.005, "netl_s": -4.29, "sec": 7.3}
  [138/369 3m] {"day": "2025-09-24", "status": "ok", "parity": true, "ts_ok": true, "lab_ok": true, "n": 25267, "dup": 1.0, "fill_f": 0.8443, "fill_s": 0.7376, "netl_f": -2.045, "netl_s": -3.152, "sec": 7.0}
  [139/369 3m] {"day": "2025-09-25", "status": "ok", "parity": true, "ts_ok": true, "lab_ok": true, "n": 23505, "dup": 1.0, "fill_f": 0.877, "fill_s": 0.7927, "netl_f": -3.966, "netl_s": -5.116, "sec": 6.1}
  [140/369 3m] {"day": "2025-09-26", "status": "ok", "parity": true, "ts_ok": true, "lab_ok": true, "n": 23634, "dup": 1.0, "fill_f": 0.8541, "fill_s": 0.7297, "netl_f": -1.84, "netl_s": -3.223, "sec": 7.3}
  [141/369 3m] {"day": "2025-09-27", "status": "ok", "parity": true, "ts_ok": true, "lab_ok": true, "n": 26295, "dup": 1.0, "fill_f": 0.7782, "fill_s": 0.5897, "netl_f": -1.96, "netl_s": -2.946, "sec": 7.1}
  [142/369 3m] {"day": "2025-09-28", "status": "ok", "parity": true, "ts_ok": true, "lab_ok": true, "n": 26118, "dup": 1.0, "fill_f": 0.7821, "fill_s": 0.6034, "netl_f": -1.577, "netl_s": -2.73, "sec": 6.5}
  [143/369 3m] {"day": "2025-09-29", "status": "ok", "parity": true, "ts_ok": true, "lab_ok": true, "n": 25448, "dup": 1.0, "fill_f": 0.833, "fill_s": 0.6943, "netl_f": -2.425, "netl_s": -3.578, "sec": 6.8}
  [144/369 3m] {"day": "2025-09-30", "status": "ok", "parity": true, "ts_ok": true, "lab_ok": true, "n": 25635, "dup": 1.0, "fill_f": 0.8343, "fill_s": 0.6911, "netl_f": -2.4, "netl_s": -3.583, "sec": 7.2}
  [145/369 3m] {"day": "2025-10-01", "status": "ok", "parity": true, "ts_ok": true, "lab_ok": true, "n": 25681, "dup": 1.0, "fill_f": 0.8258, "fill_s": 0.6742, "netl_f": -1.105, "netl_s": -2.092, "sec": 6.8}
  [146/369 3m] {"day": "2025-10-02", "status": "ok", "parity": true, "ts_ok": true, "lab_ok": true, "n": 25532, "dup": 1.0, "fill_f": 0.85, "fill_s": 0.7366, "netl_f": -1.45, "netl_s": -2.502, "sec": 7.6}
  [147/369 3m] {"day": "2025-10-03", "status": "ok", "parity": true, "ts_ok": true, "lab_ok": true, "n": 25584, "dup": 1.0, "fill_f": 0.8481, "fill_s": 0.7172, "netl_f": -2.326, "netl_s": -3.512, "sec": 7.2}
  [148/369 3m] {"day": "2025-10-04", "status": "ok", "parity": true, "ts_ok": true, "lab_ok": true, "n": 25773, "dup": 1.0, "fill_f": 0.8198, "fill_s": 0.664, "netl_f": -2.375, "netl_s": -3.314, "sec": 7.1}
  [149/369 3m] {"day": "2025-10-05", "status": "ok", "parity": true, "ts_ok": true, "lab_ok": true, "n": 24794, "dup": 1.0, "fill_f": 0.8343, "fill_s": 0.71, "netl_f": -2.32, "netl_s": -3.488, "sec": 7.2}
  [150/369 3m] {"day": "2025-10-06", "status": "ok", "parity": true, "ts_ok": true, "lab_ok": true, "n": 25088, "dup": 1.0, "fill_f": 0.8491, "fill_s": 0.7224, "netl_f": -1.674, "netl_s": -3.117, "sec": 7.8}
  [151/369 3m] {"day": "2025-10-07", "status": "ok", "parity": true, "ts_ok": true, "lab_ok": true, "n": 25071, "dup": 1.0, "fill_f": 0.8694, "fill_s": 0.7489, "netl_f": -3.692, "netl_s": -5.209, "sec": 7.0}
  [152/369 3m] {"day": "2025-10-08", "status": "ok", "parity": true, "ts_ok": true, "lab_ok": true, "n": 24228, "dup": 1.0, "fill_f": 0.851, "fill_s": 0.7191, "netl_f": -1.868, "netl_s": -3.108, "sec": 6.5}
  [153/369 3m] {"day": "2025-10-09", "status": "ok", "parity": true, "ts_ok": true, "lab_ok": true, "n": 23706, "dup": 1.0, "fill_f": 0.8507, "fill_s": 0.7364, "netl_f": -3.007, "netl_s": -4.302, "sec": 6.7}
  [154/369 3m] {"day": "2025-10-10", "status": "BS-fail:alid starts (total range 165319)\nbuild_samples: 2057748 trades aggregated in 0.30s\nbuild_samples: level-flow pass \u2014 2057748 priced trades in 0.32s\nError: Parquet argument error: External: end of file\n"}
  [155/369 3m] {"day": "2025-10-11", "status": "ok", "parity": true, "ts_ok": true, "lab_ok": true, "n": 22181, "dup": 1.0, "fill_f": 0.8877, "fill_s": 0.8465, "netl_f": -4.063, "netl_s": -4.897, "sec": 8.5}
  [156/369 3m] {"day": "2025-10-12", "status": "ok", "parity": true, "ts_ok": true, "lab_ok": true, "n": 22980, "dup": 1.0, "fill_f": 0.8665, "fill_s": 0.8013, "netl_f": -1.094, "netl_s": -2.09, "sec": 7.8}
  [157/369 3m] {"day": "2025-10-13", "status": "ok", "parity": true, "ts_ok": true, "lab_ok": true, "n": 23184, "dup": 1.0, "fill_f": 0.869, "fill_s": 0.8087, "netl_f": -2.265, "netl_s": -3.305, "sec": 7.3}
  [158/369 3m] {"day": "2025-10-14", "status": "ok", "parity": true, "ts_ok": true, "lab_ok": true, "n": 23479, "dup": 1.0, "fill_f": 0.872, "fill_s": 0.8053, "netl_f": -3.811, "netl_s": -5.004, "sec": 6.8}
  [159/369 3m] {"day": "2025-10-15", "status": "ok", "parity": true, "ts_ok": true, "lab_ok": true, "n": 22974, "dup": 1.0, "fill_f": 0.8648, "fill_s": 0.7596, "netl_f": -3.494, "netl_s": -4.921, "sec": 6.5}
  [160/369 3m] {"day": "2025-10-16", "status": "ok", "parity": true, "ts_ok": true, "lab_ok": true, "n": 22639, "dup": 1.0, "fill_f": 0.8641, "fill_s": 0.7662, "netl_f": -3.532, "netl_s": -4.879, "sec": 7.7}
  [161/369 3m] {"day": "2025-10-17", "status": "ok", "parity": true, "ts_ok": true, "lab_ok": true, "n": 22367, "dup": 1.0, "fill_f": 0.8591, "fill_s": 0.7726, "netl_f": -2.901, "netl_s": -4.024, "sec": 6.8}
  [162/369 3m] {"day": "2025-10-18", "status": "ok", "parity": true, "ts_ok": true, "lab_ok": true, "n": 24141, "dup": 1.0, "fill_f": 0.8027, "fill_s": 0.6519, "netl_f": -1.872, "netl_s": -3.049, "sec": 6.7}
  [163/369 3m] {"day": "2025-10-19", "status": "ok", "parity": true, "ts_ok": true, "lab_ok": true, "n": 24614, "dup": 1.0, "fill_f": 0.8212, "fill_s": 0.7136, "netl_f": -1.89, "netl_s": -2.707, "sec": 6.8}
  [164/369 3m] {"day": "2025-10-20", "status": "ok", "parity": true, "ts_ok": true, "lab_ok": true, "n": 24367, "dup": 1.0, "fill_f": 0.8311, "fill_s": 0.7051, "netl_f": -1.734, "netl_s": -3.024, "sec": 6.6}
  [165/369 3m] {"day": "2025-10-21", "status": "ok", "parity": true, "ts_ok": true, "lab_ok": true, "n": 23831, "dup": 1.0, "fill_f": 0.8352, "fill_s": 0.7284, "netl_f": -3.178, "netl_s": -4.333, "sec": 6.7}
  [166/369 4m] {"day": "2025-10-22", "status": "ok", "parity": true, "ts_ok": true, "lab_ok": true, "n": 24564, "dup": 1.0, "fill_f": 0.8539, "fill_s": 0.7452, "netl_f": -3.213, "netl_s": -4.355, "sec": 7.7}
  [167/369 4m] {"day": "2025-10-23", "status": "ok", "parity": true, "ts_ok": true, "lab_ok": true, "n": 25018, "dup": 1.0, "fill_f": 0.7988, "fill_s": 0.6614, "netl_f": -1.718, "netl_s": -2.944, "sec": 6.3}
  [168/369 4m] {"day": "2025-10-24", "status": "ok", "parity": true, "ts_ok": true, "lab_ok": true, "n": 25021, "dup": 1.0, "fill_f": 0.793, "fill_s": 0.6139, "netl_f": -1.808, "netl_s": -2.936, "sec": 7.0}
  [169/369 4m] {"day": "2025-10-25", "status": "ok", "parity": true, "ts_ok": true, "lab_ok": true, "n": 26015, "dup": 1.0, "fill_f": 0.7337, "fill_s": 0.523, "netl_f": -2.014, "netl_s": -2.978, "sec": 6.7}
  [170/369 4m] {"day": "2025-10-26", "status": "ok", "parity": true, "ts_ok": true, "lab_ok": true, "n": 25870, "dup": 1.0, "fill_f": 0.7493, "fill_s": 0.5563, "netl_f": -1.122, "netl_s": -1.9, "sec": 7.0}
  [171/369 4m] {"day": "2025-10-27", "status": "ok", "parity": true, "ts_ok": true, "lab_ok": true, "n": 24491, "dup": 1.0, "fill_f": 0.8221, "fill_s": 0.6925, "netl_f": -2.847, "netl_s": -4.054, "sec": 6.9}
  [172/369 4m] {"day": "2025-10-28", "status": "ok", "parity": true, "ts_ok": true, "lab_ok": true, "n": 24296, "dup": 1.0, "fill_f": 0.8244, "fill_s": 0.6491, "netl_f": -2.889, "netl_s": -4.487, "sec": 6.8}
  [173/369 4m] {"day": "2025-10-29", "status": "ok", "parity": true, "ts_ok": true, "lab_ok": true, "n": 24679, "dup": 1.0, "fill_f": 0.8127, "fill_s": 0.6443, "netl_f": -2.49, "netl_s": -3.89, "sec": 6.6}
  [174/369 4m] {"day": "2025-10-30", "status": "ok", "parity": true, "ts_ok": true, "lab_ok": true, "n": 23007, "dup": 1.0, "fill_f": 0.8579, "fill_s": 0.7496, "netl_f": -3.629, "netl_s": -4.776, "sec": 7.2}
  [175/369 4m] {"day": "2025-10-31", "status": "ok", "parity": true, "ts_ok": true, "lab_ok": true, "n": 24202, "dup": 1.0, "fill_f": 0.8135, "fill_s": 0.6859, "netl_f": -1.753, "netl_s": -2.797, "sec": 6.4}
  [176/369 4m] {"day": "2025-11-01", "status": "ok", "parity": true, "ts_ok": true, "lab_ok": true, "n": 26344, "dup": 1.0, "fill_f": 0.7284, "fill_s": 0.5547, "netl_f": -1.877, "netl_s": -2.722, "sec": 6.1}
  [177/369 4m] {"day": "2025-11-02", "status": "ok", "parity": true, "ts_ok": true, "lab_ok": true, "n": 26026, "dup": 1.0, "fill_f": 0.7572, "fill_s": 0.5785, "netl_f": -2.295, "netl_s": -3.219, "sec": 6.7}
  [178/369 4m] {"day": "2025-11-03", "status": "ok", "parity": true, "ts_ok": true, "lab_ok": true, "n": 23782, "dup": 1.0, "fill_f": 0.8585, "fill_s": 0.7772, "netl_f": -5.174, "netl_s": -6.344, "sec": 7.9}
  [179/369 4m] {"day": "2025-11-04", "status": "ok", "parity": true, "ts_ok": true, "lab_ok": true, "n": 21606, "dup": 1.0, "fill_f": 0.8773, "fill_s": 0.8173, "netl_f": -4.54, "netl_s": -5.724, "sec": 7.6}
  [180/369 4m] {"day": "2025-11-05", "status": "ok", "parity": true, "ts_ok": true, "lab_ok": true, "n": 23730, "dup": 1.0, "fill_f": 0.846, "fill_s": 0.7532, "netl_f": -1.973, "netl_s": -3.088, "sec": 7.4}
  [181/369 4m] {"day": "2025-11-06", "status": "ok", "parity": true, "ts_ok": true, "lab_ok": true, "n": 23762, "dup": 1.0, "fill_f": 0.8441, "fill_s": 0.7341, "netl_f": -3.274, "netl_s": -4.586, "sec": 6.2}
  [182/369 4m] {"day": "2025-11-07", "status": "ok", "parity": true, "ts_ok": true, "lab_ok": true, "n": 23122, "dup": 1.0, "fill_f": 0.8499, "fill_s": 0.7843, "netl_f": -0.712, "netl_s": -1.524, "sec": 7.3}
  [183/369 4m] {"day": "2025-11-08", "status": "ok", "parity": true, "ts_ok": true, "lab_ok": true, "n": 22683, "dup": 1.0, "fill_f": 0.8471, "fill_s": 0.7557, "netl_f": -2.609, "netl_s": -3.709, "sec": 6.2}
  [184/369 4m] {"day": "2025-11-09", "status": "ok", "parity": true, "ts_ok": true, "lab_ok": true, "n": 23401, "dup": 1.0, "fill_f": 0.8302, "fill_s": 0.7124, "netl_f": -1.975, "netl_s": -3.056, "sec": 5.7}
  [185/369 4m] {"day": "2025-11-10", "status": "ok", "parity": true, "ts_ok": true, "lab_ok": true, "n": 21936, "dup": 1.0, "fill_f": 0.8429, "fill_s": 0.7546, "netl_f": -1.861, "netl_s": -2.782, "sec": 6.2}
  [186/369 4m] {"day": "2025-11-11", "status": "ok", "parity": true, "ts_ok": true, "lab_ok": true, "n": 22197, "dup": 1.0, "fill_f": 0.8581, "fill_s": 0.7541, "netl_f": -3.546, "netl_s": -4.711, "sec": 6.6}
  [187/369 4m] {"day": "2025-11-12", "status": "ok", "parity": true, "ts_ok": true, "lab_ok": true, "n": 22529, "dup": 1.0, "fill_f": 0.8296, "fill_s": 0.7013, "netl_f": -2.441, "netl_s": -3.584, "sec": 6.7}
  [188/369 4m] {"day": "2025-11-13", "status": "ok", "parity": true, "ts_ok": true, "lab_ok": true, "n": 22086, "dup": 1.0, "fill_f": 0.8487, "fill_s": 0.7707, "netl_f": -3.027, "netl_s": -4.158, "sec": 7.4}
  [189/369 4m] {"day": "2025-11-14", "status": "ok", "parity": true, "ts_ok": true, "lab_ok": true, "n": 21590, "dup": 1.0, "fill_f": 0.8668, "fill_s": 0.7966, "netl_f": -3.692, "netl_s": -4.894, "sec": 6.3}
  [190/369 4m] {"day": "2025-11-15", "status": "ok", "parity": true, "ts_ok": true, "lab_ok": true, "n": 24195, "dup": 1.0, "fill_f": 0.8075, "fill_s": 0.658, "netl_f": -1.425, "netl_s": -2.384, "sec": 5.6}
  [191/369 4m] {"day": "2025-11-16", "status": "ok", "parity": true, "ts_ok": true, "lab_ok": true, "n": 22618, "dup": 1.0, "fill_f": 0.8283, "fill_s": 0.7134, "netl_f": -3.305, "netl_s": -4.587, "sec": 5.8}
  [192/369 4m] {"day": "2025-11-17", "status": "ok", "parity": true, "ts_ok": true, "lab_ok": true, "n": 21843, "dup": 1.0, "fill_f": 0.843, "fill_s": 0.7299, "netl_f": -3.376, "netl_s": -4.672, "sec": 6.9}
  [193/369 4m] {"day": "2025-11-18", "status": "ok", "parity": true, "ts_ok": true, "lab_ok": true, "n": 22085, "dup": 1.0, "fill_f": 0.8482, "fill_s": 0.7327, "netl_f": -1.415, "netl_s": -2.634, "sec": 6.3}
  [194/369 4m] {"day": "2025-11-19", "status": "ok", "parity": true, "ts_ok": true, "lab_ok": true, "n": 22808, "dup": 1.0, "fill_f": 0.8478, "fill_s": 0.7425, "netl_f": -3.145, "netl_s": -4.423, "sec": 6.1}
  [195/369 4m] {"day": "2025-11-20", "status": "ok", "parity": true, "ts_ok": true, "lab_ok": true, "n": 22937, "dup": 1.0, "fill_f": 0.8309, "fill_s": 0.7243, "netl_f": -2.72, "netl_s": -4.042, "sec": 6.1}
  [196/369 4m] {"day": "2025-11-21", "status": "ok", "parity": true, "ts_ok": true, "lab_ok": true, "n": 21032, "dup": 1.0, "fill_f": 0.8701, "fill_s": 0.7931, "netl_f": -4.849, "netl_s": -6.48, "sec": 7.1}
  [197/369 4m] {"day": "2025-11-22", "status": "ok", "parity": true, "ts_ok": true, "lab_ok": true, "n": 23939, "dup": 1.0, "fill_f": 0.8419, "fill_s": 0.7089, "netl_f": -3.002, "netl_s": -4.587, "sec": 6.3}
  [198/369 4m] {"day": "2025-11-23", "status": "ok", "parity": true, "ts_ok": true, "lab_ok": true, "n": 24681, "dup": 1.0, "fill_f": 0.8224, "fill_s": 0.6704, "netl_f": -1.143, "netl_s": -2.456, "sec": 7.0}
  [199/369 4m] {"day": "2025-11-24", "status": "ok", "parity": true, "ts_ok": true, "lab_ok": true, "n": 23952, "dup": 1.0, "fill_f": 0.8462, "fill_s": 0.7302, "netl_f": -1.453, "netl_s": -2.826, "sec": 6.7}
  [200/369 4m] {"day": "2025-11-25", "status": "ok", "parity": true, "ts_ok": true, "lab_ok": true, "n": 24541, "dup": 1.0, "fill_f": 0.8281, "fill_s": 0.6846, "netl_f": -1.992, "netl_s": -3.347, "sec": 5.9}
  [201/369 4m] {"day": "2025-11-26", "status": "ok", "parity": true, "ts_ok": true, "lab_ok": true, "n": 25037, "dup": 1.0, "fill_f": 0.8126, "fill_s": 0.6798, "netl_f": -2.132, "netl_s": -3.178, "sec": 6.1}
  [202/369 4m] {"day": "2025-11-27", "status": "ok", "parity": true, "ts_ok": true, "lab_ok": true, "n": 25240, "dup": 1.0, "fill_f": 0.7796, "fill_s": 0.6009, "netl_f": -2.316, "netl_s": -3.413, "sec": 6.7}
  [203/369 4m] {"day": "2025-11-28", "status": "ok", "parity": true, "ts_ok": true, "lab_ok": true, "n": 24507, "dup": 1.0, "fill_f": 0.8053, "fill_s": 0.6467, "netl_f": -2.482, "netl_s": -3.802, "sec": 7.0}
  [204/369 4m] {"day": "2025-11-29", "status": "ok", "parity": true, "ts_ok": true, "lab_ok": true, "n": 26125, "dup": 1.0, "fill_f": 0.7446, "fill_s": 0.5163, "netl_f": -2.18, "netl_s": -3.236, "sec": 6.9}
  [205/369 4m] {"day": "2025-11-30", "status": "ok", "parity": true, "ts_ok": true, "lab_ok": true, "n": 26090, "dup": 1.0, "fill_f": 0.7583, "fill_s": 0.5468, "netl_f": -2.283, "netl_s": -3.434, "sec": 6.1}
  [206/369 4m] {"day": "2025-12-01", "status": "ok", "parity": true, "ts_ok": true, "lab_ok": true, "n": 23825, "dup": 1.0, "fill_f": 0.8302, "fill_s": 0.6864, "netl_f": -3.631, "netl_s": -5.077, "sec": 6.9}
  [207/369 4m] {"day": "2025-12-02", "status": "ok", "parity": true, "ts_ok": true, "lab_ok": true, "n": 24475, "dup": 1.0, "fill_f": 0.8116, "fill_s": 0.607, "netl_f": -0.852, "netl_s": -2.105, "sec": 5.9}
  [208/369 4m] {"day": "2025-12-03", "status": "ok", "parity": true, "ts_ok": true, "lab_ok": true, "n": 24692, "dup": 1.0, "fill_f": 0.8216, "fill_s": 0.6653, "netl_f": -1.291, "netl_s": -2.654, "sec": 6.9}
  [209/369 4m] {"day": "2025-12-04", "status": "ok", "parity": true, "ts_ok": true, "lab_ok": true, "n": 25270, "dup": 1.0, "fill_f": 0.7995, "fill_s": 0.6338, "netl_f": -2.771, "netl_s": -4.085, "sec": 7.5}
  [210/369 4m] {"day": "2025-12-05", "status": "ok", "parity": true, "ts_ok": true, "lab_ok": true, "n": 24949, "dup": 1.0, "fill_f": 0.8023, "fill_s": 0.633, "netl_f": -3.092, "netl_s": -4.451, "sec": 5.9}
  [211/369 4m] {"day": "2025-12-06", "status": "ok", "parity": true, "ts_ok": true, "lab_ok": true, "n": 26059, "dup": 1.0, "fill_f": 0.7311, "fill_s": 0.5075, "netl_f": -1.824, "netl_s": -2.754, "sec": 6.3}
  [212/369 4m] {"day": "2025-12-07", "status": "ok", "parity": true, "ts_ok": true, "lab_ok": true, "n": 25370, "dup": 1.0, "fill_f": 0.762, "fill_s": 0.5838, "netl_f": -2.437, "netl_s": -3.585, "sec": 6.7}
  [213/369 4m] {"day": "2025-12-08", "status": "ok", "parity": true, "ts_ok": true, "lab_ok": true, "n": 24785, "dup": 1.0, "fill_f": 0.8014, "fill_s": 0.6405, "netl_f": -1.572, "netl_s": -2.99, "sec": 6.5}
  [214/369 4m] {"day": "2025-12-09", "status": "ok", "parity": true, "ts_ok": true, "lab_ok": true, "n": 24480, "dup": 1.0, "fill_f": 0.8011, "fill_s": 0.6496, "netl_f": -1.729, "netl_s": -2.948, "sec": 6.6}
  [215/369 4m] {"day": "2025-12-10", "status": "ok", "parity": true, "ts_ok": true, "lab_ok": true, "n": 24721, "dup": 1.0, "fill_f": 0.8117, "fill_s": 0.6869, "netl_f": -2.893, "netl_s": -4.027, "sec": 6.8}
  [216/369 4m] {"day": "2025-12-11", "status": "ok", "parity": true, "ts_ok": true, "lab_ok": true, "n": 24578, "dup": 1.0, "fill_f": 0.8199, "fill_s": 0.7119, "netl_f": -2.417, "netl_s": -3.366, "sec": 7.4}
  [217/369 4m] {"day": "2025-12-12", "status": "ok", "parity": true, "ts_ok": true, "lab_ok": true, "n": 25140, "dup": 1.0, "fill_f": 0.781, "fill_s": 0.6289, "netl_f": -2.277, "netl_s": -3.34, "sec": 6.5}
  [218/369 4m] {"day": "2025-12-13", "status": "ok", "parity": true, "ts_ok": true, "lab_ok": true, "n": 26809, "dup": 1.0, "fill_f": 0.6803, "fill_s": 0.5191, "netl_f": -1.66, "netl_s": -2.168, "sec": 6.6}
  [219/369 4m] {"day": "2025-12-14", "status": "ok", "parity": true, "ts_ok": true, "lab_ok": true, "n": 26126, "dup": 1.0, "fill_f": 0.7163, "fill_s": 0.5676, "netl_f": -2.779, "netl_s": -3.645, "sec": 6.2}
  [220/369 5m] {"day": "2025-12-15", "status": "ok", "parity": true, "ts_ok": true, "lab_ok": true, "n": 24611, "dup": 1.0, "fill_f": 0.7879, "fill_s": 0.637, "netl_f": -2.628, "netl_s": -4.015, "sec": 7.0}
  [221/369 5m] {"day": "2025-12-16", "status": "ok", "parity": true, "ts_ok": true, "lab_ok": true, "n": 24785, "dup": 1.0, "fill_f": 0.7883, "fill_s": 0.6261, "netl_f": -1.831, "netl_s": -2.872, "sec": 7.1}
  [222/369 5m] {"day": "2025-12-17", "status": "ok", "parity": true, "ts_ok": true, "lab_ok": true, "n": 25043, "dup": 1.0, "fill_f": 0.7898, "fill_s": 0.6273, "netl_f": -3.067, "netl_s": -4.581, "sec": 7.1}
  [223/369 5m] {"day": "2025-12-18", "status": "ok", "parity": true, "ts_ok": true, "lab_ok": true, "n": 24578, "dup": 1.0, "fill_f": 0.8136, "fill_s": 0.6632, "netl_f": -2.946, "netl_s": -4.561, "sec": 6.7}
  [224/369 5m] {"day": "2025-12-19", "status": "ok", "parity": true, "ts_ok": true, "lab_ok": true, "n": 24743, "dup": 1.0, "fill_f": 0.808, "fill_s": 0.6943, "netl_f": -0.915, "netl_s": -1.949, "sec": 6.9}
  [225/369 5m] {"day": "2025-12-20", "status": "ok", "parity": true, "ts_ok": true, "lab_ok": true, "n": 27216, "dup": 1.0, "fill_f": 0.6672, "fill_s": 0.477, "netl_f": -1.728, "netl_s": -2.514, "sec": 6.1}
  [226/369 5m] {"day": "2025-12-21", "status": "ok", "parity": true, "ts_ok": true, "lab_ok": true, "n": 26598, "dup": 1.0, "fill_f": 0.7254, "fill_s": 0.5289, "netl_f": -2.284, "netl_s": -3.267, "sec": 6.9}
  [227/369 5m] {"day": "2025-12-22", "status": "ok", "parity": true, "ts_ok": true, "lab_ok": true, "n": 25372, "dup": 1.0, "fill_f": 0.8052, "fill_s": 0.6469, "netl_f": -2.126, "netl_s": -3.667, "sec": 7.1}
  [228/369 5m] {"day": "2025-12-23", "status": "ok", "parity": true, "ts_ok": true, "lab_ok": true, "n": 25580, "dup": 1.0, "fill_f": 0.7773, "fill_s": 0.6276, "netl_f": -2.564, "netl_s": -3.756, "sec": 7.0}
  [229/369 5m] {"day": "2025-12-24", "status": "ok", "parity": true, "ts_ok": true, "lab_ok": true, "n": 25603, "dup": 1.0, "fill_f": 0.7437, "fill_s": 0.5657, "netl_f": -2.181, "netl_s": -3.222, "sec": 5.8}
  [230/369 5m] {"day": "2025-12-25", "status": "ok", "parity": true, "ts_ok": true, "lab_ok": true, "n": 26634, "dup": 1.0, "fill_f": 0.6869, "fill_s": 0.5021, "netl_f": -3.054, "netl_s": -4.083, "sec": 7.3}
  [231/369 5m] {"day": "2025-12-26", "status": "ok", "parity": true, "ts_ok": true, "lab_ok": true, "n": 25447, "dup": 1.0, "fill_f": 0.7481, "fill_s": 0.5826, "netl_f": -2.395, "netl_s": -3.378, "sec": 6.8}
  [232/369 5m] {"day": "2025-12-27", "status": "ok", "parity": true, "ts_ok": true, "lab_ok": true, "n": 26819, "dup": 1.0, "fill_f": 0.6519, "fill_s": 0.4666, "netl_f": -1.246, "netl_s": -1.845, "sec": 6.8}
  [233/369 5m] {"day": "2025-12-28", "status": "ok", "parity": true, "ts_ok": true, "lab_ok": true, "n": 26851, "dup": 1.0, "fill_f": 0.643, "fill_s": 0.4592, "netl_f": -1.799, "netl_s": -2.387, "sec": 7.1}
  [234/369 5m] {"day": "2025-12-29", "status": "ok", "parity": true, "ts_ok": true, "lab_ok": true, "n": 25445, "dup": 1.0, "fill_f": 0.7665, "fill_s": 0.6004, "netl_f": -2.346, "netl_s": -3.3, "sec": 5.8}
  [235/369 5m] {"day": "2025-12-30", "status": "ok", "parity": true, "ts_ok": true, "lab_ok": true, "n": 25877, "dup": 1.0, "fill_f": 0.7228, "fill_s": 0.5639, "netl_f": -1.573, "netl_s": -2.409, "sec": 6.9}
  [236/369 5m] {"day": "2025-12-31", "status": "ok", "parity": true, "ts_ok": true, "lab_ok": true, "n": 26485, "dup": 1.0, "fill_f": 0.711, "fill_s": 0.5533, "netl_f": -2.726, "netl_s": -3.408, "sec": 6.9}
  [237/369 5m] {"day": "2026-01-01", "status": "ok", "parity": true, "ts_ok": true, "lab_ok": true, "n": 26915, "dup": 1.0, "fill_f": 0.71, "fill_s": 0.5779, "netl_f": -0.482, "netl_s": -1.12, "sec": 7.2}
  [238/369 5m] {"day": "2026-01-02", "status": "ok", "parity": true, "ts_ok": true, "lab_ok": true, "n": 25444, "dup": 1.0, "fill_f": 0.8259, "fill_s": 0.7415, "netl_f": -0.547, "netl_s": -1.366, "sec": 8.5}
  [239/369 5m] {"day": "2026-01-03", "status": "ok", "parity": true, "ts_ok": true, "lab_ok": true, "n": 26250, "dup": 1.0, "fill_f": 0.7939, "fill_s": 0.6904, "netl_f": -1.856, "netl_s": -2.623, "sec": 6.3}
  [240/369 5m] {"day": "2026-01-04", "status": "ok", "parity": true, "ts_ok": true, "lab_ok": true, "n": 25999, "dup": 1.0, "fill_f": 0.8437, "fill_s": 0.7619, "netl_f": -1.41, "netl_s": -2.307, "sec": 7.7}
  [241/369 5m] {"day": "2026-01-05", "status": "ok", "parity": true, "ts_ok": true, "lab_ok": true, "n": 24854, "dup": 1.0, "fill_f": 0.8446, "fill_s": 0.7578, "netl_f": -1.864, "netl_s": -2.878, "sec": 6.7}
  [242/369 5m] {"day": "2026-01-06", "status": "ok", "parity": true, "ts_ok": true, "lab_ok": true, "n": 24724, "dup": 1.0, "fill_f": 0.8365, "fill_s": 0.7401, "netl_f": -2.201, "netl_s": -3.26, "sec": 6.6}
  [243/369 5m] {"day": "2026-01-07", "status": "ok", "parity": true, "ts_ok": true, "lab_ok": true, "n": 25332, "dup": 1.0, "fill_f": 0.8316, "fill_s": 0.7282, "netl_f": -2.954, "netl_s": -4.142, "sec": 6.8}
  [244/369 5m] {"day": "2026-01-08", "status": "ok", "parity": true, "ts_ok": true, "lab_ok": true, "n": 25072, "dup": 1.0, "fill_f": 0.8343, "fill_s": 0.7313, "netl_f": -2.818, "netl_s": -3.777, "sec": 7.4}
  [245/369 5m] {"day": "2026-01-09", "status": "ok", "parity": true, "ts_ok": true, "lab_ok": true, "n": 25396, "dup": 1.0, "fill_f": 0.7974, "fill_s": 0.6697, "netl_f": -2.683, "netl_s": -3.799, "sec": 6.1}
  [246/369 5m] {"day": "2026-01-10", "status": "ok", "parity": true, "ts_ok": true, "lab_ok": true, "n": 27071, "dup": 1.0, "fill_f": 0.6425, "fill_s": 0.4968, "netl_f": -2.06, "netl_s": -2.505, "sec": 6.5}
  [247/369 5m] {"day": "2026-01-11", "status": "ok", "parity": true, "ts_ok": true, "lab_ok": true, "n": 26967, "dup": 1.0, "fill_f": 0.7006, "fill_s": 0.5526, "netl_f": -2.387, "netl_s": -3.306, "sec": 6.5}
  [248/369 5m] {"day": "2026-01-12", "status": "ok", "parity": true, "ts_ok": true, "lab_ok": true, "n": 25223, "dup": 1.0, "fill_f": 0.817, "fill_s": 0.7084, "netl_f": -2.545, "netl_s": -3.539, "sec": 7.3}
  [249/369 5m] {"day": "2026-01-13", "status": "ok", "parity": true, "ts_ok": true, "lab_ok": true, "n": 25071, "dup": 1.0, "fill_f": 0.8042, "fill_s": 0.6934, "netl_f": -0.734, "netl_s": -1.723, "sec": 7.2}
  [250/369 5m] {"day": "2026-01-14", "status": "ok", "parity": true, "ts_ok": true, "lab_ok": true, "n": 24467, "dup": 1.0, "fill_f": 0.8321, "fill_s": 0.7251, "netl_f": -2.334, "netl_s": -3.285, "sec": 6.3}
  [251/369 5m] {"day": "2026-01-15", "status": "ok", "parity": true, "ts_ok": true, "lab_ok": true, "n": 25392, "dup": 1.0, "fill_f": 0.8032, "fill_s": 0.6901, "netl_f": -3.099, "netl_s": -4.043, "sec": 7.3}
  [252/369 5m] {"day": "2026-01-16", "status": "ok", "parity": true, "ts_ok": true, "lab_ok": true, "n": 26017, "dup": 1.0, "fill_f": 0.768, "fill_s": 0.6132, "netl_f": -2.073, "netl_s": -3.016, "sec": 6.4}
  [253/369 5m] {"day": "2026-01-17", "status": "ok", "parity": true, "ts_ok": true, "lab_ok": true, "n": 26390, "dup": 1.0, "fill_f": 0.6752, "fill_s": 0.4693, "netl_f": -2.01, "netl_s": -2.773, "sec": 6.4}
  [254/369 5m] {"day": "2026-01-18", "status": "ok", "parity": true, "ts_ok": true, "lab_ok": true, "n": 26258, "dup": 1.0, "fill_f": 0.6966, "fill_s": 0.4971, "netl_f": -2.851, "netl_s": -4.009, "sec": 7.0}
  [255/369 5m] {"day": "2026-01-19", "status": "ok", "parity": true, "ts_ok": true, "lab_ok": true, "n": 25849, "dup": 1.0, "fill_f": 0.7808, "fill_s": 0.6471, "netl_f": -1.081, "netl_s": -1.812, "sec": 6.9}
  [256/369 5m] {"day": "2026-01-20", "status": "ok", "parity": true, "ts_ok": true, "lab_ok": true, "n": 24157, "dup": 1.0, "fill_f": 0.8144, "fill_s": 0.6579, "netl_f": -3.101, "netl_s": -4.293, "sec": 7.1}
  [257/369 5m] {"day": "2026-01-21", "status": "ok", "parity": true, "ts_ok": true, "lab_ok": true, "n": 24330, "dup": 1.0, "fill_f": 0.8076, "fill_s": 0.6865, "netl_f": -2.226, "netl_s": -3.352, "sec": 7.7}
  [258/369 5m] {"day": "2026-01-22", "status": "ok", "parity": true, "ts_ok": true, "lab_ok": true, "n": 25132, "dup": 1.0, "fill_f": 0.7742, "fill_s": 0.6134, "netl_f": -2.289, "netl_s": -3.376, "sec": 6.4}
  [259/369 5m] {"day": "2026-01-23", "status": "ok", "parity": true, "ts_ok": true, "lab_ok": true, "n": 25028, "dup": 1.0, "fill_f": 0.771, "fill_s": 0.6017, "netl_f": -1.951, "netl_s": -3.286, "sec": 6.2}
  [260/369 5m] {"day": "2026-01-24", "status": "ok", "parity": true, "ts_ok": true, "lab_ok": true, "n": 27068, "dup": 1.0, "fill_f": 0.5775, "fill_s": 0.402, "netl_f": -1.954, "netl_s": -2.482, "sec": 6.5}
  [261/369 5m] {"day": "2026-01-25", "status": "ok", "parity": true, "ts_ok": true, "lab_ok": true, "n": 25764, "dup": 1.0, "fill_f": 0.7168, "fill_s": 0.5559, "netl_f": -2.722, "netl_s": -3.653, "sec": 6.8}
  [262/369 5m] {"day": "2026-01-26", "status": "ok", "parity": true, "ts_ok": true, "lab_ok": true, "n": 25168, "dup": 1.0, "fill_f": 0.7727, "fill_s": 0.6361, "netl_f": -1.837, "netl_s": -2.694, "sec": 6.6}
  [263/369 5m] {"day": "2026-01-27", "status": "ok", "parity": true, "ts_ok": true, "lab_ok": true, "n": 25439, "dup": 1.0, "fill_f": 0.7476, "fill_s": 0.5762, "netl_f": -1.563, "netl_s": -2.505, "sec": 6.6}
  [264/369 5m] {"day": "2026-01-28", "status": "ok", "parity": true, "ts_ok": true, "lab_ok": true, "n": 25085, "dup": 1.0, "fill_f": 0.7923, "fill_s": 0.6515, "netl_f": -2.413, "netl_s": -3.35, "sec": 6.5}
  [265/369 5m] {"day": "2026-01-29", "status": "ok", "parity": true, "ts_ok": true, "lab_ok": true, "n": 24617, "dup": 1.0, "fill_f": 0.7674, "fill_s": 0.6374, "netl_f": -3.325, "netl_s": -4.322, "sec": 6.2}
  [266/369 5m] {"day": "2026-01-30", "status": "ok", "parity": true, "ts_ok": true, "lab_ok": true, "n": 23676, "dup": 1.0, "fill_f": 0.8198, "fill_s": 0.6981, "netl_f": -3.315, "netl_s": -4.702, "sec": 6.1}
  [267/369 5m] {"day": "2026-01-31", "status": "ok", "parity": true, "ts_ok": true, "lab_ok": true, "n": 24013, "dup": 1.0, "fill_f": 0.8136, "fill_s": 0.685, "netl_f": -5.196, "netl_s": -6.673, "sec": 7.8}
  [268/369 5m] {"day": "2026-02-01", "status": "ok", "parity": true, "ts_ok": true, "lab_ok": true, "n": 23988, "dup": 1.0, "fill_f": 0.8317, "fill_s": 0.7161, "netl_f": -3.304, "netl_s": -4.814, "sec": 6.4}
  [269/369 5m] {"day": "2026-02-02", "status": "ok", "parity": true, "ts_ok": true, "lab_ok": true, "n": 23166, "dup": 1.0, "fill_f": 0.8493, "fill_s": 0.7639, "netl_f": -1.948, "netl_s": -3.048, "sec": 6.3}
  [270/369 5m] {"day": "2026-02-03", "status": "ok", "parity": true, "ts_ok": true, "lab_ok": true, "n": 23067, "dup": 1.0, "fill_f": 0.8398, "fill_s": 0.741, "netl_f": -3.379, "netl_s": -4.523, "sec": 7.1}
  [271/369 5m] {"day": "2026-02-04", "status": "ok", "parity": true, "ts_ok": true, "lab_ok": true, "n": 23051, "dup": 1.0, "fill_f": 0.8415, "fill_s": 0.7453, "netl_f": -3.031, "netl_s": -4.243, "sec": 5.8}
  [272/369 5m] {"day": "2026-02-05", "status": "ok", "parity": true, "ts_ok": true, "lab_ok": true, "n": 20147, "dup": 1.0, "fill_f": 0.8779, "fill_s": 0.8165, "netl_f": -6.244, "netl_s": -7.835, "sec": 7.2}
  [273/369 6m] {"day": "2026-02-06", "status": "ok", "parity": true, "ts_ok": true, "lab_ok": true, "n": 21847, "dup": 1.0, "fill_f": 0.8601, "fill_s": 0.802, "netl_f": -0.546, "netl_s": -1.76, "sec": 7.3}
  [274/369 6m] {"day": "2026-02-07", "status": "ok", "parity": true, "ts_ok": true, "lab_ok": true, "n": 24411, "dup": 1.0, "fill_f": 0.8266, "fill_s": 0.706, "netl_f": -2.072, "netl_s": -3.285, "sec": 7.2}
  [275/369 6m] {"day": "2026-02-08", "status": "ok", "parity": true, "ts_ok": true, "lab_ok": true, "n": 25310, "dup": 1.0, "fill_f": 0.7952, "fill_s": 0.6371, "netl_f": -2.566, "netl_s": -4.042, "sec": 5.8}
  [276/369 6m] {"day": "2026-02-09", "status": "ok", "parity": true, "ts_ok": true, "lab_ok": true, "n": 24045, "dup": 1.0, "fill_f": 0.8258, "fill_s": 0.6975, "netl_f": -2.37, "netl_s": -3.911, "sec": 6.8}
  [277/369 6m] {"day": "2026-02-10", "status": "ok", "parity": true, "ts_ok": true, "lab_ok": true, "n": 24836, "dup": 1.0, "fill_f": 0.7911, "fill_s": 0.619, "netl_f": -2.954, "netl_s": -4.542, "sec": 6.2}
  [278/369 6m] {"day": "2026-02-11", "status": "ok", "parity": true, "ts_ok": true, "lab_ok": true, "n": 24383, "dup": 1.0, "fill_f": 0.8127, "fill_s": 0.6712, "netl_f": -2.745, "netl_s": -4.439, "sec": 5.7}
  [279/369 6m] {"day": "2026-02-12", "status": "ok", "parity": true, "ts_ok": true, "lab_ok": true, "n": 24624, "dup": 1.0, "fill_f": 0.7911, "fill_s": 0.63, "netl_f": -1.999, "netl_s": -3.46, "sec": 6.7}
  [280/369 6m] {"day": "2026-02-13", "status": "ok", "parity": true, "ts_ok": true, "lab_ok": true, "n": 25182, "dup": 1.0, "fill_f": 0.7863, "fill_s": 0.6157, "netl_f": -1.459, "netl_s": -2.728, "sec": 6.8}
  [281/369 6m] {"day": "2026-02-14", "status": "ok", "parity": true, "ts_ok": true, "lab_ok": true, "n": 25684, "dup": 1.0, "fill_f": 0.7875, "fill_s": 0.6514, "netl_f": 0.309, "netl_s": -0.666, "sec": 7.1}
  [282/369 6m] {"day": "2026-02-15", "status": "ok", "parity": true, "ts_ok": true, "lab_ok": true, "n": 24582, "dup": 1.0, "fill_f": 0.8646, "fill_s": 0.8158, "netl_f": -4.107, "netl_s": -5.083, "sec": 7.3}
  [283/369 6m] {"day": "2026-02-16", "status": "ok", "parity": true, "ts_ok": true, "lab_ok": true, "n": 25113, "dup": 1.0, "fill_f": 0.8201, "fill_s": 0.6977, "netl_f": -2.748, "netl_s": -4.116, "sec": 6.9}
  [284/369 6m] {"day": "2026-02-17", "status": "ok", "parity": true, "ts_ok": true, "lab_ok": true, "n": 24985, "dup": 1.0, "fill_f": 0.807, "fill_s": 0.6764, "netl_f": -2.425, "netl_s": -3.478, "sec": 6.3}
  [285/369 6m] {"day": "2026-02-18", "status": "ok", "parity": true, "ts_ok": true, "lab_ok": true, "n": 25321, "dup": 1.0, "fill_f": 0.8049, "fill_s": 0.6488, "netl_f": -2.705, "netl_s": -4.174, "sec": 6.6}
  [286/369 6m] {"day": "2026-02-19", "status": "ok", "parity": true, "ts_ok": true, "lab_ok": true, "n": 25208, "dup": 1.0, "fill_f": 0.7867, "fill_s": 0.6311, "netl_f": -2.413, "netl_s": -3.707, "sec": 6.9}
  [287/369 6m] {"day": "2026-02-20", "status": "ok", "parity": true, "ts_ok": true, "lab_ok": true, "n": 24971, "dup": 1.0, "fill_f": 0.7942, "fill_s": 0.647, "netl_f": -1.92, "netl_s": -3.079, "sec": 7.2}
  [288/369 6m] {"day": "2026-02-21", "status": "ok", "parity": true, "ts_ok": true, "lab_ok": true, "n": 26612, "dup": 1.0, "fill_f": 0.7083, "fill_s": 0.4925, "netl_f": -2.125, "netl_s": -3.2, "sec": 6.7}
  [289/369 6m] {"day": "2026-02-22", "status": "ok", "parity": true, "ts_ok": true, "lab_ok": true, "n": 26764, "dup": 1.0, "fill_f": 0.6759, "fill_s": 0.496, "netl_f": -2.603, "netl_s": -3.37, "sec": 6.1}
  [290/369 6m] {"day": "2026-02-23", "status": "ok", "parity": true, "ts_ok": true, "lab_ok": true, "n": 24940, "dup": 1.0, "fill_f": 0.8097, "fill_s": 0.6913, "netl_f": -2.855, "netl_s": -4.148, "sec": 6.7}
  [291/369 6m] {"day": "2026-02-24", "status": "ok", "parity": true, "ts_ok": true, "lab_ok": true, "n": 25463, "dup": 1.0, "fill_f": 0.7943, "fill_s": 0.5855, "netl_f": -2.572, "netl_s": -4.11, "sec": 6.2}
  [292/369 6m] {"day": "2026-02-25", "status": "ok", "parity": true, "ts_ok": true, "lab_ok": true, "n": 24641, "dup": 1.0, "fill_f": 0.8168, "fill_s": 0.6955, "netl_f": -0.953, "netl_s": -2.2, "sec": 7.3}
  [293/369 6m] {"day": "2026-02-26", "status": "ok", "parity": true, "ts_ok": true, "lab_ok": true, "n": 25273, "dup": 1.0, "fill_f": 0.8205, "fill_s": 0.6556, "netl_f": -2.909, "netl_s": -4.552, "sec": 6.9}
  [294/369 6m] {"day": "2026-02-27", "status": "ok", "parity": true, "ts_ok": true, "lab_ok": true, "n": 26054, "dup": 1.0, "fill_f": 0.8177, "fill_s": 0.6432, "netl_f": -2.774, "netl_s": -4.095, "sec": 7.1}
  [295/369 6m] {"day": "2026-02-28", "status": "ok", "parity": true, "ts_ok": true, "lab_ok": true, "n": 25800, "dup": 1.0, "fill_f": 0.7906, "fill_s": 0.6265, "netl_f": -2.292, "netl_s": -4.053, "sec": 6.7}
  [296/369 6m] {"day": "2026-03-01", "status": "ok", "parity": true, "ts_ok": true, "lab_ok": true, "n": 25763, "dup": 1.0, "fill_f": 0.8155, "fill_s": 0.6682, "netl_f": -3.483, "netl_s": -4.982, "sec": 6.9}
  [297/369 6m] {"day": "2026-03-02", "status": "ok", "parity": true, "ts_ok": true, "lab_ok": true, "n": 24944, "dup": 1.0, "fill_f": 0.8224, "fill_s": 0.6539, "netl_f": -2.228, "netl_s": -3.655, "sec": 6.8}
  [298/369 6m] {"day": "2026-03-03", "status": "ok", "parity": true, "ts_ok": true, "lab_ok": true, "n": 25184, "dup": 1.0, "fill_f": 0.838, "fill_s": 0.6893, "netl_f": -2.94, "netl_s": -4.615, "sec": 6.3}
  [299/369 6m] {"day": "2026-03-04", "status": "ok", "parity": true, "ts_ok": true, "lab_ok": true, "n": 24416, "dup": 1.0, "fill_f": 0.8494, "fill_s": 0.7513, "netl_f": -0.799, "netl_s": -1.912, "sec": 7.1}
  [300/369 6m] {"day": "2026-03-05", "status": "ok", "parity": true, "ts_ok": true, "lab_ok": true, "n": 25530, "dup": 1.0, "fill_f": 0.8273, "fill_s": 0.7171, "netl_f": -2.961, "netl_s": -4.184, "sec": 7.3}
  [301/369 6m] {"day": "2026-03-06", "status": "ok", "parity": true, "ts_ok": true, "lab_ok": true, "n": 26111, "dup": 1.0, "fill_f": 0.7872, "fill_s": 0.6125, "netl_f": -2.249, "netl_s": -3.548, "sec": 6.2}
  [302/369 6m] {"day": "2026-03-07", "status": "ok", "parity": true, "ts_ok": true, "lab_ok": true, "n": 27416, "dup": 1.0, "fill_f": 0.6656, "fill_s": 0.4842, "netl_f": -2.027, "netl_s": -2.943, "sec": 7.3}
  [303/369 6m] {"day": "2026-03-08", "status": "ok", "parity": true, "ts_ok": true, "lab_ok": true, "n": 26685, "dup": 1.0, "fill_f": 0.7324, "fill_s": 0.5652, "netl_f": -2.446, "netl_s": -3.746, "sec": 7.0}
  [304/369 6m] {"day": "2026-03-09", "status": "ok", "parity": true, "ts_ok": true, "lab_ok": true, "n": 25453, "dup": 1.0, "fill_f": 0.8044, "fill_s": 0.6384, "netl_f": -2.045, "netl_s": -3.697, "sec": 6.8}
  [305/369 6m] {"day": "2026-03-10", "status": "ok", "parity": true, "ts_ok": true, "lab_ok": true, "n": 25199, "dup": 1.0, "fill_f": 0.8175, "fill_s": 0.6944, "netl_f": -1.566, "netl_s": -2.599, "sec": 6.8}
  [306/369 6m] {"day": "2026-03-11", "status": "ok", "parity": true, "ts_ok": true, "lab_ok": true, "n": 25698, "dup": 1.0, "fill_f": 0.7954, "fill_s": 0.65, "netl_f": -2.341, "netl_s": -3.482, "sec": 6.6}
  [307/369 6m] {"day": "2026-03-12", "status": "ok", "parity": true, "ts_ok": true, "lab_ok": true, "n": 26020, "dup": 1.0, "fill_f": 0.7919, "fill_s": 0.638, "netl_f": -1.908, "netl_s": -3.146, "sec": 6.6}
  [308/369 6m] {"day": "2026-03-13", "status": "ok", "parity": true, "ts_ok": true, "lab_ok": true, "n": 25577, "dup": 1.0, "fill_f": 0.8206, "fill_s": 0.7134, "netl_f": -2.145, "netl_s": -3.076, "sec": 7.2}
  [309/369 6m] {"day": "2026-03-14", "status": "ok", "parity": true, "ts_ok": true, "lab_ok": true, "n": 27312, "dup": 1.0, "fill_f": 0.6908, "fill_s": 0.5152, "netl_f": -1.629, "netl_s": -2.591, "sec": 6.6}
  [310/369 6m] {"day": "2026-03-15", "status": "ok", "parity": true, "ts_ok": true, "lab_ok": true, "n": 26826, "dup": 1.0, "fill_f": 0.7602, "fill_s": 0.6058, "netl_f": -1.707, "netl_s": -2.752, "sec": 6.7}
  [311/369 6m] {"day": "2026-03-16", "status": "ok", "parity": true, "ts_ok": true, "lab_ok": true, "n": 25070, "dup": 1.0, "fill_f": 0.8434, "fill_s": 0.7395, "netl_f": -1.51, "netl_s": -2.735, "sec": 6.6}
  [312/369 6m] {"day": "2026-03-17", "status": "ok", "parity": true, "ts_ok": true, "lab_ok": true, "n": 25705, "dup": 1.0, "fill_f": 0.8226, "fill_s": 0.7027, "netl_f": -2.518, "netl_s": -3.782, "sec": 6.3}
  [313/369 6m] {"day": "2026-03-18", "status": "ok", "parity": true, "ts_ok": true, "lab_ok": true, "n": 25811, "dup": 1.0, "fill_f": 0.81, "fill_s": 0.6764, "netl_f": -3.176, "netl_s": -4.278, "sec": 7.2}
  [314/369 6m] {"day": "2026-03-19", "status": "ok", "parity": true, "ts_ok": true, "lab_ok": true, "n": 26094, "dup": 1.0, "fill_f": 0.7845, "fill_s": 0.6296, "netl_f": -2.359, "netl_s": -3.425, "sec": 6.3}
  [315/369 6m] {"day": "2026-03-20", "status": "ok", "parity": true, "ts_ok": true, "lab_ok": true, "n": 26285, "dup": 1.0, "fill_f": 0.776, "fill_s": 0.5862, "netl_f": -2.132, "netl_s": -3.31, "sec": 6.1}
  [316/369 6m] {"day": "2026-03-21", "status": "ok", "parity": true, "ts_ok": true, "lab_ok": true, "n": 27465, "dup": 1.0, "fill_f": 0.6339, "fill_s": 0.4567, "netl_f": -1.735, "netl_s": -2.225, "sec": 6.8}
  [317/369 6m] {"day": "2026-03-22", "status": "ok", "parity": true, "ts_ok": true, "lab_ok": true, "n": 26829, "dup": 1.0, "fill_f": 0.7313, "fill_s": 0.5668, "netl_f": -1.871, "netl_s": -2.868, "sec": 6.7}
  [318/369 6m] {"day": "2026-03-23", "status": "ok", "parity": true, "ts_ok": true, "lab_ok": true, "n": 25652, "dup": 1.0, "fill_f": 0.8086, "fill_s": 0.6506, "netl_f": -1.39, "netl_s": -2.754, "sec": 6.1}
  [319/369 6m] {"day": "2026-03-24", "status": "ok", "parity": true, "ts_ok": true, "lab_ok": true, "n": 26336, "dup": 1.0, "fill_f": 0.7834, "fill_s": 0.6062, "netl_f": -1.893, "netl_s": -3.242, "sec": 7.2}
  [320/369 6m] {"day": "2026-03-25", "status": "ok", "parity": true, "ts_ok": true, "lab_ok": true, "n": 26649, "dup": 1.0, "fill_f": 0.7753, "fill_s": 0.6112, "netl_f": -1.968, "netl_s": -3.022, "sec": 6.5}
  [321/369 6m] {"day": "2026-03-26", "status": "ok", "parity": true, "ts_ok": true, "lab_ok": true, "n": 26549, "dup": 1.0, "fill_f": 0.7579, "fill_s": 0.5917, "netl_f": -2.865, "netl_s": -4.031, "sec": 6.5}
  [322/369 6m] {"day": "2026-03-27", "status": "ok", "parity": true, "ts_ok": true, "lab_ok": true, "n": 26655, "dup": 1.0, "fill_f": 0.7354, "fill_s": 0.5356, "netl_f": -2.388, "netl_s": -3.744, "sec": 6.4}
  [323/369 6m] {"day": "2026-03-28", "status": "ok", "parity": true, "ts_ok": true, "lab_ok": true, "n": 27069, "dup": 1.0, "fill_f": 0.6951, "fill_s": 0.563, "netl_f": -1.685, "netl_s": -2.296, "sec": 7.2}
  [324/369 6m] {"day": "2026-03-29", "status": "ok", "parity": true, "ts_ok": true, "lab_ok": true, "n": 27055, "dup": 1.0, "fill_f": 0.6731, "fill_s": 0.4938, "netl_f": -1.977, "netl_s": -3.017, "sec": 6.3}
  [325/369 6m] {"day": "2026-03-30", "status": "ok", "parity": true, "ts_ok": true, "lab_ok": true, "n": 26278, "dup": 1.0, "fill_f": 0.7727, "fill_s": 0.6315, "netl_f": -1.726, "netl_s": -2.547, "sec": 6.4}
  [326/369 6m] {"day": "2026-03-31", "status": "ok", "parity": true, "ts_ok": true, "lab_ok": true, "n": 26021, "dup": 1.0, "fill_f": 0.7609, "fill_s": 0.5966, "netl_f": -1.834, "netl_s": -3.097, "sec": 6.6}
  [327/369 6m] {"day": "2026-04-01", "status": "ok", "parity": true, "ts_ok": true, "lab_ok": true, "n": 26115, "dup": 1.0, "fill_f": 0.7744, "fill_s": 0.6088, "netl_f": -1.728, "netl_s": -2.945, "sec": 6.4}
  [328/369 7m] {"day": "2026-04-02", "status": "ok", "parity": true, "ts_ok": true, "lab_ok": true, "n": 26102, "dup": 1.0, "fill_f": 0.7629, "fill_s": 0.5934, "netl_f": -2.315, "netl_s": -3.33, "sec": 6.9}
  [329/369 7m] {"day": "2026-04-03", "status": "ok", "parity": true, "ts_ok": true, "lab_ok": true, "n": 26761, "dup": 1.0, "fill_f": 0.7034, "fill_s": 0.5357, "netl_f": -1.765, "netl_s": -2.529, "sec": 6.9}
  [330/369 7m] {"day": "2026-04-04", "status": "ok", "parity": true, "ts_ok": true, "lab_ok": true, "n": 27394, "dup": 1.0, "fill_f": 0.5849, "fill_s": 0.4347, "netl_f": -1.695, "netl_s": -2.202, "sec": 6.3}
  [331/369 7m] {"day": "2026-04-05", "status": "ok", "parity": true, "ts_ok": true, "lab_ok": true, "n": 27072, "dup": 1.0, "fill_f": 0.6166, "fill_s": 0.4575, "netl_f": -1.922, "netl_s": -2.582, "sec": 6.4}
  [332/369 7m] {"day": "2026-04-06", "status": "ok", "parity": true, "ts_ok": true, "lab_ok": true, "n": 26244, "dup": 1.0, "fill_f": 0.7535, "fill_s": 0.593, "netl_f": -2.115, "netl_s": -3.165, "sec": 6.6}
  [333/369 7m] {"day": "2026-04-07", "status": "ok", "parity": true, "ts_ok": true, "lab_ok": true, "n": 26369, "dup": 1.0, "fill_f": 0.7334, "fill_s": 0.5754, "netl_f": -0.594, "netl_s": -1.445, "sec": 6.4}
  [334/369 7m] {"day": "2026-04-08", "status": "ok", "parity": true, "ts_ok": true, "lab_ok": true, "n": 26148, "dup": 1.0, "fill_f": 0.7706, "fill_s": 0.6164, "netl_f": -2.333, "netl_s": -3.153, "sec": 6.5}
  [335/369 7m] {"day": "2026-04-09", "status": "ok", "parity": true, "ts_ok": true, "lab_ok": true, "n": 26172, "dup": 1.0, "fill_f": 0.7402, "fill_s": 0.58, "netl_f": -1.869, "netl_s": -3.002, "sec": 6.7}
  [336/369 7m] {"day": "2026-04-10", "status": "ok", "parity": true, "ts_ok": true, "lab_ok": true, "n": 26374, "dup": 1.0, "fill_f": 0.7408, "fill_s": 0.5723, "netl_f": -1.456, "netl_s": -2.568, "sec": 7.1}
  [337/369 7m] {"day": "2026-04-11", "status": "ok", "parity": true, "ts_ok": true, "lab_ok": true, "n": 26714, "dup": 1.0, "fill_f": 0.6642, "fill_s": 0.4999, "netl_f": -1.808, "netl_s": -2.486, "sec": 6.0}
  [338/369 7m] {"day": "2026-04-12", "status": "ok", "parity": true, "ts_ok": true, "lab_ok": true, "n": 26483, "dup": 1.0, "fill_f": 0.6386, "fill_s": 0.4785, "netl_f": -2.16, "netl_s": -2.923, "sec": 6.7}
  [339/369 7m] {"day": "2026-04-13", "status": "ok", "parity": true, "ts_ok": true, "lab_ok": true, "n": 25965, "dup": 1.0, "fill_f": 0.7088, "fill_s": 0.5339, "netl_f": -0.933, "netl_s": -1.45, "sec": 6.0}
  [340/369 7m] {"day": "2026-04-14", "status": "ok", "parity": true, "ts_ok": true, "lab_ok": true, "n": 26018, "dup": 1.0, "fill_f": 0.7783, "fill_s": 0.677, "netl_f": -2.112, "netl_s": -2.822, "sec": 7.1}
  [341/369 7m] {"day": "2026-04-15", "status": "ok", "parity": true, "ts_ok": true, "lab_ok": true, "n": 26133, "dup": 1.0, "fill_f": 0.7328, "fill_s": 0.5771, "netl_f": -1.594, "netl_s": -2.509, "sec": 6.5}
  [342/369 7m] {"day": "2026-04-16", "status": "ok", "parity": true, "ts_ok": true, "lab_ok": true, "n": 25198, "dup": 1.0, "fill_f": 0.8013, "fill_s": 0.6667, "netl_f": -1.255, "netl_s": -2.559, "sec": 6.4}
  [343/369 7m] {"day": "2026-04-17", "status": "ok", "parity": true, "ts_ok": true, "lab_ok": true, "n": 25148, "dup": 1.0, "fill_f": 0.7989, "fill_s": 0.6534, "netl_f": -2.176, "netl_s": -3.426, "sec": 6.5}
  [344/369 7m] {"day": "2026-04-18", "status": "ok", "parity": true, "ts_ok": true, "lab_ok": true, "n": 25851, "dup": 1.0, "fill_f": 0.7622, "fill_s": 0.624, "netl_f": -2.362, "netl_s": -3.196, "sec": 6.3}
  [345/369 7m] {"day": "2026-04-19", "status": "ok", "parity": true, "ts_ok": true, "lab_ok": true, "n": 25835, "dup": 1.0, "fill_f": 0.7608, "fill_s": 0.5934, "netl_f": -2.134, "netl_s": -3.113, "sec": 6.6}
  [346/369 7m] {"day": "2026-04-20", "status": "ok", "parity": true, "ts_ok": true, "lab_ok": true, "n": 25988, "dup": 1.0, "fill_f": 0.7584, "fill_s": 0.5875, "netl_f": -1.213, "netl_s": -2.254, "sec": 5.6}
  [347/369 7m] {"day": "2026-04-21", "status": "ok", "parity": true, "ts_ok": true, "lab_ok": true, "n": 26345, "dup": 1.0, "fill_f": 0.7388, "fill_s": 0.5624, "netl_f": -1.664, "netl_s": -2.651, "sec": 6.9}
  [348/369 7m] {"day": "2026-04-22", "status": "ok", "parity": true, "ts_ok": true, "lab_ok": true, "n": 26262, "dup": 1.0, "fill_f": 0.7617, "fill_s": 0.6109, "netl_f": -1.59, "netl_s": -2.411, "sec": 6.0}
  [349/369 7m] {"day": "2026-04-23", "status": "ok", "parity": true, "ts_ok": true, "lab_ok": true, "n": 26524, "dup": 1.0, "fill_f": 0.7968, "fill_s": 0.4228, "netl_f": 1.489, "netl_s": 0.314, "sec": 6.4}
  [350/369 7m] {"day": "2026-04-24", "status": "ok", "parity": true, "ts_ok": true, "lab_ok": true, "n": 26224, "dup": 1.0, "fill_f": 0.7886, "fill_s": 0.443, "netl_f": 1.271, "netl_s": -0.128, "sec": 6.9}
  [351/369 7m] {"day": "2026-04-25", "status": "ok", "parity": true, "ts_ok": true, "lab_ok": true, "n": 25952, "dup": 1.0, "fill_f": 0.7112, "fill_s": 0.2728, "netl_f": 0.982, "netl_s": 0.153, "sec": 6.0}
  [352/369 7m] {"day": "2026-04-26", "status": "ok", "parity": true, "ts_ok": true, "lab_ok": true, "n": 26379, "dup": 1.0, "fill_f": 0.7486, "fill_s": 0.3218, "netl_f": 1.37, "netl_s": 0.068, "sec": 6.2}
  [353/369 7m] {"day": "2026-04-27", "status": "ok", "parity": true, "ts_ok": true, "lab_ok": true, "n": 25606, "dup": 1.0, "fill_f": 0.7714, "fill_s": 0.3961, "netl_f": 0.771, "netl_s": -0.816, "sec": 6.7}
  [354/369 7m] {"day": "2026-04-28", "status": "ok", "parity": true, "ts_ok": true, "lab_ok": true, "n": 25511, "dup": 1.0, "fill_f": 0.8131, "fill_s": 0.466, "netl_f": 0.856, "netl_s": -0.601, "sec": 6.1}
  [355/369 7m] {"day": "2026-04-29", "status": "ok", "parity": true, "ts_ok": true, "lab_ok": true, "n": 25032, "dup": 1.0, "fill_f": 0.8655, "fill_s": 0.6774, "netl_f": 1.518, "netl_s": -0.354, "sec": 6.5}
  [356/369 7m] {"day": "2026-04-30", "status": "ok", "parity": true, "ts_ok": true, "lab_ok": true, "n": 25600, "dup": 1.0, "fill_f": 0.8536, "fill_s": 0.6234, "netl_f": 1.239, "netl_s": -0.411, "sec": 6.5}
  [357/369 7m] {"day": "2026-05-02", "status": "ok", "parity": true, "ts_ok": true, "lab_ok": true, "n": 26614, "dup": 1.0, "fill_f": 0.8125, "fill_s": 0.4147, "netl_f": 1.243, "netl_s": 0.509, "sec": 6.0}
  [358/369 7m] {"day": "2026-05-03", "status": "ok", "parity": true, "ts_ok": true, "lab_ok": true, "n": 26682, "dup": 1.0, "fill_f": 0.7666, "fill_s": 0.3348, "netl_f": 0.659, "netl_s": -0.719, "sec": 6.3}
  [359/369 7m] {"day": "2026-05-04", "status": "ok", "parity": true, "ts_ok": true, "lab_ok": true, "n": 25462, "dup": 1.0, "fill_f": 0.8431, "fill_s": 0.5943, "netl_f": 0.724, "netl_s": -0.853, "sec": 6.6}
  [360/369 7m] {"day": "2026-05-05", "status": "ok", "parity": true, "ts_ok": true, "lab_ok": true, "n": 26086, "dup": 1.0, "fill_f": 0.8214, "fill_s": 0.4919, "netl_f": 1.869, "netl_s": 0.82, "sec": 6.7}
  [361/369 7m] {"day": "2026-05-06", "status": "ok", "parity": true, "ts_ok": true, "lab_ok": true, "n": 25017, "dup": 3.0, "fill_f": 0.795, "fill_s": 0.4895, "netl_f": -2.122, "netl_s": -3.736, "sec": 7.3}
  [362/369 7m] {"day": "2026-05-08", "status": "ok", "parity": true, "ts_ok": true, "lab_ok": true, "n": 25878, "dup": 3.0, "fill_f": 0.7622, "fill_s": 0.6164, "netl_f": -1.721, "netl_s": -2.668, "sec": 6.7}
  [363/369 7m] {"day": "2026-05-10", "status": "ok", "parity": true, "ts_ok": true, "lab_ok": true, "n": 25350, "dup": 3.0, "fill_f": 0.7379, "fill_s": 0.5237, "netl_f": -1.456, "netl_s": -2.886, "sec": 6.5}
  [364/369 7m] {"day": "2026-05-11", "status": "ok", "parity": true, "ts_ok": true, "lab_ok": true, "n": 25114, "dup": 3.0, "fill_f": 0.7957, "fill_s": 0.5672, "netl_f": -2.534, "netl_s": -4.458, "sec": 6.7}
  [365/369 7m] {"day": "2026-05-14", "status": "ok", "parity": true, "ts_ok": true, "lab_ok": true, "n": 24593, "dup": 3.0, "fill_f": 0.8129, "fill_s": 0.7292, "netl_f": -2.0, "netl_s": -2.913, "sec": 7.1}
  [366/369 7m] {"day": "2026-05-19", "status": "ok", "parity": true, "ts_ok": true, "lab_ok": true, "n": 25932, "dup": 3.0, "fill_f": 0.7585, "fill_s": 0.5574, "netl_f": -2.034, "netl_s": -3.171, "sec": 7.0}
  [367/369 7m] {"day": "2026-05-24", "status": "ok", "parity": true, "ts_ok": true, "lab_ok": true, "n": 26009, "dup": 3.0, "fill_f": 0.6996, "fill_s": 0.4659, "netl_f": -1.589, "netl_s": -2.545, "sec": 6.4}
  [368/369 7m] {"day": "2026-05-27", "status": "ok", "parity": true, "ts_ok": true, "lab_ok": true, "n": 24177, "dup": 3.0, "fill_f": 0.7398, "fill_s": 0.5011, "netl_f": -2.624, "netl_s": -4.136, "sec": 6.3}
  [369/369 7m] {"day": "2026-05-30", "status": "ok", "parity": true, "ts_ok": true, "lab_ok": true, "n": 25865, "dup": 3.0, "fill_f": 0.6553, "fill_s": 0.424, "netl_f": -1.449, "netl_s": -2.306, "sec": 6.1}
[DONE] ok=367/369 parity-fail=0 []
[SUMMARY] fill frozen=0.8086 strict=0.6720 | netl150(filled) frozen=-2.209bp strict=-3.328bp
=== combine DOGE 2026-07-30T19:50:07Z ===
[combine] parent dailies: 371
  0/371 2025-05-09
  40/371 2025-06-18
  80/371 2025-07-28
  120/371 2025-09-06
  160/371 2025-10-16
  200/371 2025-11-25
  240/371 2026-01-04
  280/371 2026-02-13
  320/371 2026-03-25
  360/371 2026-05-04
[combine] EXCLUDED 1 days: [('2025-10-10', 'missing')]
refusing to combine with missing/parity-failed days — re-run them with DAYS=... first (the parent day index must stay dense)
=== XRP src=research_runs/maker_labels_tb3s_h150 H=1800 nwork=6 2026-07-30T19:51:36Z ===
[strictfill XRP] src=research_runs/maker_labels_tb3s_h150 out=research_runs/maker_labels_tb3s_h150strict H=1800 days=365 todo=365 workers=6
  [1/365 0m] {"day": "2025-05-09", "status": "ok", "parity": true, "ts_ok": true, "lab_ok": true, "n": 23257, "dup": 1.0, "fill_f": 0.8442, "fill_s": 0.7358, "netl_f": -2.447, "netl_s": -3.608, "sec": 8.7}
  [2/365 0m] {"day": "2025-05-10", "status": "ok", "parity": true, "ts_ok": true, "lab_ok": true, "n": 24302, "dup": 1.0, "fill_f": 0.84, "fill_s": 0.7176, "netl_f": -1.352, "netl_s": -2.557, "sec": 11.0}
  [3/365 0m] {"day": "2025-05-11", "status": "ok", "parity": true, "ts_ok": true, "lab_ok": true, "n": 24289, "dup": 1.0, "fill_f": 0.8335, "fill_s": 0.7019, "netl_f": -3.005, "netl_s": -4.395, "sec": 11.5}
  [4/365 0m] {"day": "2025-05-12", "status": "ok", "parity": true, "ts_ok": true, "lab_ok": true, "n": 23142, "dup": 1.0, "fill_f": 0.8671, "fill_s": 0.7953, "netl_f": -1.104, "netl_s": -2.151, "sec": 11.0}
  [5/365 0m] {"day": "2025-05-13", "status": "ok", "parity": true, "ts_ok": true, "lab_ok": true, "n": 23281, "dup": 1.0, "fill_f": 0.8584, "fill_s": 0.7857, "netl_f": -1.911, "netl_s": -2.965, "sec": 11.6}
  [6/365 0m] {"day": "2025-05-14", "status": "ok", "parity": true, "ts_ok": true, "lab_ok": true, "n": 23659, "dup": 1.0, "fill_f": 0.8434, "fill_s": 0.7562, "netl_f": -2.305, "netl_s": -3.355, "sec": 11.2}
  [7/365 0m] {"day": "2025-05-15", "status": "ok", "parity": true, "ts_ok": true, "lab_ok": true, "n": 23249, "dup": 1.0, "fill_f": 0.867, "fill_s": 0.7856, "netl_f": -3.844, "netl_s": -4.971, "sec": 8.4}
  [8/365 0m] {"day": "2025-05-16", "status": "ok", "parity": true, "ts_ok": true, "lab_ok": true, "n": 23797, "dup": 1.0, "fill_f": 0.8476, "fill_s": 0.7494, "netl_f": -2.083, "netl_s": -3.181, "sec": 8.9}
  [9/365 0m] {"day": "2025-05-17", "status": "ok", "parity": true, "ts_ok": true, "lab_ok": true, "n": 24169, "dup": 1.0, "fill_f": 0.8444, "fill_s": 0.7377, "netl_f": -2.503, "netl_s": -3.71, "sec": 7.1}
  [10/365 0m] {"day": "2025-05-18", "status": "ok", "parity": true, "ts_ok": true, "lab_ok": true, "n": 24354, "dup": 1.0, "fill_f": 0.8181, "fill_s": 0.6913, "netl_f": -1.417, "netl_s": -2.399, "sec": 9.2}
  [11/365 0m] {"day": "2025-05-19", "status": "ok", "parity": true, "ts_ok": true, "lab_ok": true, "n": 23609, "dup": 1.0, "fill_f": 0.8536, "fill_s": 0.7547, "netl_f": -2.398, "netl_s": -3.472, "sec": 8.8}
  [12/365 0m] {"day": "2025-05-20", "status": "ok", "parity": true, "ts_ok": true, "lab_ok": true, "n": 24315, "dup": 1.0, "fill_f": 0.8339, "fill_s": 0.7218, "netl_f": -2.077, "netl_s": -3.003, "sec": 8.5}
  [13/365 0m] {"day": "2025-05-21", "status": "ok", "parity": true, "ts_ok": true, "lab_ok": true, "n": 23830, "dup": 1.0, "fill_f": 0.8385, "fill_s": 0.74, "netl_f": -1.686, "netl_s": -2.539, "sec": 8.2}
  [14/365 0m] {"day": "2025-05-22", "status": "ok", "parity": true, "ts_ok": true, "lab_ok": true, "n": 24298, "dup": 1.0, "fill_f": 0.8169, "fill_s": 0.6911, "netl_f": -1.536, "netl_s": -2.415, "sec": 7.8}
  [15/365 0m] {"day": "2025-05-23", "status": "ok", "parity": true, "ts_ok": true, "lab_ok": true, "n": 24058, "dup": 1.0, "fill_f": 0.84, "fill_s": 0.7266, "netl_f": -3.422, "netl_s": -4.605, "sec": 8.6}
  [16/365 0m] {"day": "2025-05-24", "status": "ok", "parity": true, "ts_ok": true, "lab_ok": true, "n": 25747, "dup": 1.0, "fill_f": 0.7699, "fill_s": 0.6188, "netl_f": -1.604, "netl_s": -2.362, "sec": 8.3}
  [17/365 0m] {"day": "2025-05-25", "status": "ok", "parity": true, "ts_ok": true, "lab_ok": true, "n": 25602, "dup": 1.0, "fill_f": 0.7803, "fill_s": 0.648, "netl_f": -1.762, "netl_s": -2.563, "sec": 7.6}
  [18/365 0m] {"day": "2025-05-26", "status": "ok", "parity": true, "ts_ok": true, "lab_ok": true, "n": 25989, "dup": 1.0, "fill_f": 0.782, "fill_s": 0.6413, "netl_f": -1.906, "netl_s": -2.673, "sec": 8.0}
  [19/365 1m] {"day": "2025-05-27", "status": "ok", "parity": true, "ts_ok": true, "lab_ok": true, "n": 25541, "dup": 1.0, "fill_f": 0.8039, "fill_s": 0.6597, "netl_f": -1.859, "netl_s": -2.718, "sec": 8.3}
  [20/365 1m] {"day": "2025-05-28", "status": "ok", "parity": true, "ts_ok": true, "lab_ok": true, "n": 25666, "dup": 1.0, "fill_f": 0.791, "fill_s": 0.6219, "netl_f": -2.323, "netl_s": -3.288, "sec": 7.5}
  [21/365 1m] {"day": "2025-05-29", "status": "ok", "parity": true, "ts_ok": true, "lab_ok": true, "n": 25203, "dup": 1.0, "fill_f": 0.8042, "fill_s": 0.6893, "netl_f": -2.184, "netl_s": -2.997, "sec": 8.6}
  [22/365 1m] {"day": "2025-05-30", "status": "ok", "parity": true, "ts_ok": true, "lab_ok": true, "n": 24121, "dup": 1.0, "fill_f": 0.8365, "fill_s": 0.7347, "netl_f": -3.379, "netl_s": -4.457, "sec": 7.6}
  [23/365 1m] {"day": "2025-05-31", "status": "ok", "parity": true, "ts_ok": true, "lab_ok": true, "n": 25316, "dup": 1.0, "fill_f": 0.8149, "fill_s": 0.7045, "netl_f": -1.99, "netl_s": -2.939, "sec": 8.3}
  [24/365 1m] {"day": "2025-06-01", "status": "ok", "parity": true, "ts_ok": true, "lab_ok": true, "n": 26112, "dup": 1.0, "fill_f": 0.7904, "fill_s": 0.6365, "netl_f": -1.976, "netl_s": -2.935, "sec": 8.3}
  [25/365 1m] {"day": "2025-06-02", "status": "ok", "parity": true, "ts_ok": true, "lab_ok": true, "n": 25589, "dup": 1.0, "fill_f": 0.8106, "fill_s": 0.6852, "netl_f": -1.984, "netl_s": -2.878, "sec": 8.2}
  [26/365 1m] {"day": "2025-06-03", "status": "ok", "parity": true, "ts_ok": true, "lab_ok": true, "n": 25858, "dup": 1.0, "fill_f": 0.795, "fill_s": 0.6578, "netl_f": -1.697, "netl_s": -2.553, "sec": 7.7}
  [27/365 1m] {"day": "2025-06-04", "status": "ok", "parity": true, "ts_ok": true, "lab_ok": true, "n": 25676, "dup": 1.0, "fill_f": 0.8094, "fill_s": 0.6586, "netl_f": -2.338, "netl_s": -3.236, "sec": 8.2}
  [28/365 1m] {"day": "2025-06-05", "status": "ok", "parity": true, "ts_ok": true, "lab_ok": true, "n": 25119, "dup": 1.0, "fill_f": 0.8187, "fill_s": 0.693, "netl_f": -3.138, "netl_s": -4.11, "sec": 8.5}
  [29/365 1m] {"day": "2025-06-06", "status": "ok", "parity": true, "ts_ok": true, "lab_ok": true, "n": 25799, "dup": 1.0, "fill_f": 0.7881, "fill_s": 0.663, "netl_f": -1.244, "netl_s": -1.982, "sec": 8.1}
  [30/365 1m] {"day": "2025-06-07", "status": "ok", "parity": true, "ts_ok": true, "lab_ok": true, "n": 26954, "dup": 1.0, "fill_f": 0.716, "fill_s": 0.5316, "netl_f": -1.318, "netl_s": -1.889, "sec": 8.0}
  [31/365 1m] {"day": "2025-06-08", "status": "ok", "parity": true, "ts_ok": true, "lab_ok": true, "n": 26791, "dup": 1.0, "fill_f": 0.7909, "fill_s": 0.6809, "netl_f": -1.417, "netl_s": -2.123, "sec": 7.9}
  [32/365 1m] {"day": "2025-06-09", "status": "ok", "parity": true, "ts_ok": true, "lab_ok": true, "n": 25960, "dup": 1.0, "fill_f": 0.7987, "fill_s": 0.6731, "netl_f": -1.502, "netl_s": -2.207, "sec": 8.1}
  [33/365 1m] {"day": "2025-06-10", "status": "ok", "parity": true, "ts_ok": true, "lab_ok": true, "n": 24982, "dup": 1.0, "fill_f": 0.8139, "fill_s": 0.6947, "netl_f": -1.968, "netl_s": -2.748, "sec": 8.4}
  [34/365 1m] {"day": "2025-06-11", "status": "ok", "parity": true, "ts_ok": true, "lab_ok": true, "n": 25253, "dup": 1.0, "fill_f": 0.8115, "fill_s": 0.6889, "netl_f": -2.278, "netl_s": -3.122, "sec": 8.5}
  [35/365 1m] {"day": "2025-06-12", "status": "ok", "parity": true, "ts_ok": true, "lab_ok": true, "n": 25071, "dup": 1.0, "fill_f": 0.8134, "fill_s": 0.681, "netl_f": -2.531, "netl_s": -3.389, "sec": 8.5}
  [36/365 1m] {"day": "2025-06-13", "status": "ok", "parity": true, "ts_ok": true, "lab_ok": true, "n": 24458, "dup": 1.0, "fill_f": 0.8374, "fill_s": 0.7307, "netl_f": -2.68, "netl_s": -3.909, "sec": 8.2}
  [37/365 1m] {"day": "2025-06-14", "status": "ok", "parity": true, "ts_ok": true, "lab_ok": true, "n": 26628, "dup": 1.0, "fill_f": 0.7818, "fill_s": 0.65, "netl_f": -2.208, "netl_s": -2.955, "sec": 7.3}
  [38/365 1m] {"day": "2025-06-15", "status": "ok", "parity": true, "ts_ok": true, "lab_ok": true, "n": 25940, "dup": 1.0, "fill_f": 0.7241, "fill_s": 0.5653, "netl_f": -1.532, "netl_s": -2.136, "sec": 6.7}
  [39/365 1m] {"day": "2025-06-16", "status": "ok", "parity": true, "ts_ok": true, "lab_ok": true, "n": 25831, "dup": 1.0, "fill_f": 0.8279, "fill_s": 0.7177, "netl_f": -1.431, "netl_s": -2.288, "sec": 9.0}
  [40/365 1m] {"day": "2025-06-17", "status": "ok", "parity": true, "ts_ok": true, "lab_ok": true, "n": 24722, "dup": 1.0, "fill_f": 0.846, "fill_s": 0.7328, "netl_f": -2.87, "netl_s": -3.938, "sec": 8.4}
  [41/365 1m] {"day": "2025-06-18", "status": "ok", "parity": true, "ts_ok": true, "lab_ok": true, "n": 24892, "dup": 1.0, "fill_f": 0.8162, "fill_s": 0.679, "netl_f": -2.245, "netl_s": -3.162, "sec": 8.0}
  [42/365 1m] {"day": "2025-06-19", "status": "ok", "parity": true, "ts_ok": true, "lab_ok": true, "n": 26004, "dup": 1.0, "fill_f": 0.7565, "fill_s": 0.5764, "netl_f": -2.097, "netl_s": -2.828, "sec": 6.7}
  [43/365 1m] {"day": "2025-06-20", "status": "ok", "parity": true, "ts_ok": true, "lab_ok": true, "n": 25257, "dup": 1.0, "fill_f": 0.7821, "fill_s": 0.628, "netl_f": -2.498, "netl_s": -3.393, "sec": 8.0}
  [44/365 1m] {"day": "2025-06-21", "status": "ok", "parity": true, "ts_ok": true, "lab_ok": true, "n": 25510, "dup": 1.0, "fill_f": 0.7437, "fill_s": 0.569, "netl_f": -2.978, "netl_s": -4.079, "sec": 8.3}
  [45/365 1m] {"day": "2025-06-22", "status": "ok", "parity": true, "ts_ok": true, "lab_ok": true, "n": 23817, "dup": 1.0, "fill_f": 0.853, "fill_s": 0.751, "netl_f": -3.278, "netl_s": -4.739, "sec": 7.6}
  [46/365 1m] {"day": "2025-06-23", "status": "ok", "parity": true, "ts_ok": true, "lab_ok": true, "n": 24714, "dup": 1.0, "fill_f": 0.8386, "fill_s": 0.7248, "netl_f": -1.375, "netl_s": -2.309, "sec": 9.0}
  [47/365 1m] {"day": "2025-06-24", "status": "ok", "parity": true, "ts_ok": true, "lab_ok": true, "n": 25275, "dup": 1.0, "fill_f": 0.8281, "fill_s": 0.704, "netl_f": -2.076, "netl_s": -3.24, "sec": 8.5}
  [48/365 1m] {"day": "2025-06-25", "status": "ok", "parity": true, "ts_ok": true, "lab_ok": true, "n": 25505, "dup": 1.0, "fill_f": 0.7984, "fill_s": 0.6445, "netl_f": -2.127, "netl_s": -3.051, "sec": 7.7}
  [49/365 1m] {"day": "2025-06-26", "status": "ok", "parity": true, "ts_ok": true, "lab_ok": true, "n": 25535, "dup": 1.0, "fill_f": 0.8083, "fill_s": 0.6425, "netl_f": -2.701, "netl_s": -3.761, "sec": 8.7}
  [50/365 1m] {"day": "2025-06-27", "status": "ok", "parity": true, "ts_ok": true, "lab_ok": true, "n": 25699, "dup": 1.0, "fill_f": 0.8162, "fill_s": 0.667, "netl_f": -1.943, "netl_s": -3.055, "sec": 7.8}
  [51/365 1m] {"day": "2025-06-28", "status": "ok", "parity": true, "ts_ok": true, "lab_ok": true, "n": 26967, "dup": 1.0, "fill_f": 0.7729, "fill_s": 0.6539, "netl_f": -1.175, "netl_s": -1.639, "sec": 7.5}
  [52/365 1m] {"day": "2025-06-29", "status": "ok", "parity": true, "ts_ok": true, "lab_ok": true, "n": 26777, "dup": 1.0, "fill_f": 0.672, "fill_s": 0.5046, "netl_f": -1.314, "netl_s": -1.633, "sec": 7.6}
  [53/365 1m] {"day": "2025-06-30", "status": "ok", "parity": true, "ts_ok": true, "lab_ok": true, "n": 25958, "dup": 1.0, "fill_f": 0.7819, "fill_s": 0.6573, "netl_f": -1.692, "netl_s": -2.438, "sec": 8.4}
  [54/365 1m] {"day": "2025-07-01", "status": "ok", "parity": true, "ts_ok": true, "lab_ok": true, "n": 25880, "dup": 1.0, "fill_f": 0.8108, "fill_s": 0.6896, "netl_f": -2.575, "netl_s": -3.253, "sec": 7.9}
  [55/365 1m] {"day": "2025-07-02", "status": "ok", "parity": true, "ts_ok": true, "lab_ok": true, "n": 25430, "dup": 1.0, "fill_f": 0.7862, "fill_s": 0.6465, "netl_f": -1.482, "netl_s": -2.319, "sec": 8.5}
  [56/365 1m] {"day": "2025-07-03", "status": "ok", "parity": true, "ts_ok": true, "lab_ok": true, "n": 25393, "dup": 1.0, "fill_f": 0.7929, "fill_s": 0.6627, "netl_f": -1.759, "netl_s": -2.664, "sec": 8.0}
  [57/365 1m] {"day": "2025-07-04", "status": "ok", "parity": true, "ts_ok": true, "lab_ok": true, "n": 25873, "dup": 1.0, "fill_f": 0.7486, "fill_s": 0.5719, "netl_f": -2.08, "netl_s": -2.918, "sec": 8.1}
  [58/365 1m] {"day": "2025-07-05", "status": "ok", "parity": true, "ts_ok": true, "lab_ok": true, "n": 26891, "dup": 1.0, "fill_f": 0.6585, "fill_s": 0.4446, "netl_f": -1.532, "netl_s": -2.111, "sec": 8.2}
  [59/365 1m] {"day": "2025-07-06", "status": "ok", "parity": true, "ts_ok": true, "lab_ok": true, "n": 26736, "dup": 1.0, "fill_f": 0.7347, "fill_s": 0.5894, "netl_f": -1.358, "netl_s": -2.009, "sec": 8.5}
  [60/365 1m] {"day": "2025-07-07", "status": "ok", "parity": true, "ts_ok": true, "lab_ok": true, "n": 26145, "dup": 1.0, "fill_f": 0.7906, "fill_s": 0.6579, "netl_f": -1.964, "netl_s": -2.739, "sec": 8.9}
  [61/365 1m] {"day": "2025-07-08", "status": "ok", "parity": true, "ts_ok": true, "lab_ok": true, "n": 26016, "dup": 1.0, "fill_f": 0.7653, "fill_s": 0.6125, "netl_f": -1.502, "netl_s": -2.187, "sec": 6.9}
  [62/365 1m] {"day": "2025-07-09", "status": "ok", "parity": true, "ts_ok": true, "lab_ok": true, "n": 25673, "dup": 1.0, "fill_f": 0.8084, "fill_s": 0.6738, "netl_f": -1.057, "netl_s": -1.897, "sec": 8.4}
  [63/365 2m] {"day": "2025-07-10", "status": "ok", "parity": true, "ts_ok": true, "lab_ok": true, "n": 25160, "dup": 1.0, "fill_f": 0.8285, "fill_s": 0.7168, "netl_f": -1.027, "netl_s": -1.88, "sec": 7.9}
  [64/365 2m] {"day": "2025-07-11", "status": "ok", "parity": true, "ts_ok": true, "lab_ok": true, "n": 24938, "dup": 1.0, "fill_f": 0.8696, "fill_s": 0.8139, "netl_f": -1.855, "netl_s": -2.763, "sec": 10.2}
  [65/365 2m] {"day": "2025-07-12", "status": "ok", "parity": true, "ts_ok": true, "lab_ok": true, "n": 26004, "dup": 1.0, "fill_f": 0.8723, "fill_s": 0.8179, "netl_f": -2.189, "netl_s": -2.953, "sec": 9.8}
  [66/365 2m] {"day": "2025-07-13", "status": "ok", "parity": true, "ts_ok": true, "lab_ok": true, "n": 26026, "dup": 1.0, "fill_f": 0.8654, "fill_s": 0.7899, "netl_f": -1.616, "netl_s": -2.698, "sec": 8.4}
  [67/365 2m] {"day": "2025-07-14", "status": "ok", "parity": true, "ts_ok": true, "lab_ok": true, "n": 24869, "dup": 1.0, "fill_f": 0.8821, "fill_s": 0.8396, "netl_f": -1.367, "netl_s": -2.108, "sec": 9.4}
  [68/365 2m] {"day": "2025-07-15", "status": "ok", "parity": true, "ts_ok": true, "lab_ok": true, "n": 24076, "dup": 1.0, "fill_f": 0.8723, "fill_s": 0.803, "netl_f": -2.662, "netl_s": -3.609, "sec": 9.4}
  [69/365 2m] {"day": "2025-07-16", "status": "ok", "parity": true, "ts_ok": true, "lab_ok": true, "n": 24396, "dup": 1.0, "fill_f": 0.8583, "fill_s": 0.7861, "netl_f": -1.087, "netl_s": -1.842, "sec": 9.0}
  [70/365 2m] {"day": "2025-07-17", "status": "ok", "parity": true, "ts_ok": true, "lab_ok": true, "n": 25287, "dup": 1.0, "fill_f": 0.8867, "fill_s": 0.8453, "netl_f": 0.152, "netl_s": -0.602, "sec": 11.5}
  [71/365 2m] {"day": "2025-07-18", "status": "ok", "parity": true, "ts_ok": true, "lab_ok": true, "n": 25393, "dup": 1.0, "fill_f": 0.8985, "fill_s": 0.8613, "netl_f": -2.886, "netl_s": -3.574, "sec": 10.3}
  [72/365 2m] {"day": "2025-07-19", "status": "ok", "parity": true, "ts_ok": true, "lab_ok": true, "n": 25309, "dup": 1.0, "fill_f": 0.8599, "fill_s": 0.7985, "netl_f": -2.23, "netl_s": -3.007, "sec": 8.2}
  [73/365 2m] {"day": "2025-07-20", "status": "ok", "parity": true, "ts_ok": true, "lab_ok": true, "n": 25019, "dup": 1.0, "fill_f": 0.8608, "fill_s": 0.7981, "netl_f": -1.914, "netl_s": -2.715, "sec": 9.6}
  [74/365 2m] {"day": "2025-07-21", "status": "ok", "parity": true, "ts_ok": true, "lab_ok": true, "n": 25012, "dup": 1.0, "fill_f": 0.8702, "fill_s": 0.8056, "netl_f": -1.567, "netl_s": -2.257, "sec": 10.0}
  [75/365 2m] {"day": "2025-07-22", "status": "ok", "parity": true, "ts_ok": true, "lab_ok": true, "n": 25001, "dup": 1.0, "fill_f": 0.8673, "fill_s": 0.8049, "netl_f": -2.222, "netl_s": -3.096, "sec": 9.1}
  [76/365 2m] {"day": "2025-07-23", "status": "ok", "parity": true, "ts_ok": true, "lab_ok": true, "n": 25399, "dup": 1.0, "fill_f": 0.8704, "fill_s": 0.816, "netl_f": -4.527, "netl_s": -5.163, "sec": 9.9}
  [77/365 2m] {"day": "2025-07-24", "status": "ok", "parity": true, "ts_ok": true, "lab_ok": true, "n": 24431, "dup": 1.0, "fill_f": 0.8875, "fill_s": 0.8454, "netl_f": -2.926, "netl_s": -3.673, "sec": 10.5}
  [78/365 2m] {"day": "2025-07-25", "status": "ok", "parity": true, "ts_ok": true, "lab_ok": true, "n": 23753, "dup": 1.0, "fill_f": 0.8742, "fill_s": 0.818, "netl_f": -2.365, "netl_s": -3.227, "sec": 9.6}
  [79/365 2m] {"day": "2025-07-26", "status": "ok", "parity": true, "ts_ok": true, "lab_ok": true, "n": 25656, "dup": 1.0, "fill_f": 0.8147, "fill_s": 0.7141, "netl_f": -1.656, "netl_s": -2.318, "sec": 7.1}
  [80/365 2m] {"day": "2025-07-27", "status": "ok", "parity": true, "ts_ok": true, "lab_ok": true, "n": 25210, "dup": 1.0, "fill_f": 0.8419, "fill_s": 0.7404, "netl_f": -1.599, "netl_s": -2.458, "sec": 8.5}
  [81/365 2m] {"day": "2025-07-28", "status": "ok", "parity": true, "ts_ok": true, "lab_ok": true, "n": 24158, "dup": 1.0, "fill_f": 0.87, "fill_s": 0.791, "netl_f": -2.878, "netl_s": -3.9, "sec": 8.8}
  [82/365 2m] {"day": "2025-07-29", "status": "ok", "parity": true, "ts_ok": true, "lab_ok": true, "n": 23884, "dup": 1.0, "fill_f": 0.8511, "fill_s": 0.7608, "netl_f": -2.038, "netl_s": -2.961, "sec": 8.5}
  [83/365 2m] {"day": "2025-07-30", "status": "ok", "parity": true, "ts_ok": true, "lab_ok": true, "n": 24250, "dup": 1.0, "fill_f": 0.8602, "fill_s": 0.771, "netl_f": -2.459, "netl_s": -3.497, "sec": 7.9}
  [84/365 2m] {"day": "2025-07-31", "status": "ok", "parity": true, "ts_ok": true, "lab_ok": true, "n": 25249, "dup": 1.0, "fill_f": 0.8424, "fill_s": 0.7375, "netl_f": -2.194, "netl_s": -3.081, "sec": 8.6}
  [85/365 2m] {"day": "2025-08-01", "status": "ok", "parity": true, "ts_ok": true, "lab_ok": true, "n": 25039, "dup": 1.0, "fill_f": 0.8879, "fill_s": 0.8201, "netl_f": -2.815, "netl_s": -3.949, "sec": 10.3}
  [86/365 2m] {"day": "2025-08-02", "status": "ok", "parity": true, "ts_ok": true, "lab_ok": true, "n": 25510, "dup": 1.0, "fill_f": 0.8615, "fill_s": 0.7742, "netl_f": -3.495, "netl_s": -4.643, "sec": 9.2}
  [87/365 2m] {"day": "2025-08-03", "status": "ok", "parity": true, "ts_ok": true, "lab_ok": true, "n": 26006, "dup": 1.0, "fill_f": 0.8363, "fill_s": 0.7389, "netl_f": -0.764, "netl_s": -1.506, "sec": 8.6}
  [88/365 2m] {"day": "2025-08-04", "status": "ok", "parity": true, "ts_ok": true, "lab_ok": true, "n": 25561, "dup": 1.0, "fill_f": 0.8528, "fill_s": 0.7544, "netl_f": -1.111, "netl_s": -1.865, "sec": 8.5}
  [89/365 2m] {"day": "2025-08-05", "status": "ok", "parity": true, "ts_ok": true, "lab_ok": true, "n": 25357, "dup": 1.0, "fill_f": 0.8525, "fill_s": 0.753, "netl_f": -2.69, "netl_s": -3.668, "sec": 8.2}
  [90/365 2m] {"day": "2025-08-06", "status": "ok", "parity": true, "ts_ok": true, "lab_ok": true, "n": 25712, "dup": 1.0, "fill_f": 0.8425, "fill_s": 0.7127, "netl_f": -1.843, "netl_s": -2.984, "sec": 8.8}
  [91/365 2m] {"day": "2025-08-07", "status": "ok", "parity": true, "ts_ok": true, "lab_ok": true, "n": 26104, "dup": 1.0, "fill_f": 0.8378, "fill_s": 0.7161, "netl_f": 0.108, "netl_s": -0.667, "sec": 9.4}
  [92/365 2m] {"day": "2025-08-08", "status": "ok", "parity": true, "ts_ok": true, "lab_ok": true, "n": 25930, "dup": 1.0, "fill_f": 0.8624, "fill_s": 0.7899, "netl_f": -2.291, "netl_s": -3.117, "sec": 9.4}
  [93/365 2m] {"day": "2025-08-09", "status": "ok", "parity": true, "ts_ok": true, "lab_ok": true, "n": 25910, "dup": 1.0, "fill_f": 0.8353, "fill_s": 0.7257, "netl_f": -2.221, "netl_s": -3.034, "sec": 9.3}
  [94/365 2m] {"day": "2025-08-10", "status": "ok", "parity": true, "ts_ok": true, "lab_ok": true, "n": 25946, "dup": 1.0, "fill_f": 0.8237, "fill_s": 0.701, "netl_f": -2.334, "netl_s": -3.391, "sec": 8.1}
  [95/365 2m] {"day": "2025-08-11", "status": "ok", "parity": true, "ts_ok": true, "lab_ok": true, "n": 25608, "dup": 1.0, "fill_f": 0.8675, "fill_s": 0.7753, "netl_f": -2.369, "netl_s": -3.315, "sec": 8.6}
  [96/365 2m] {"day": "2025-08-12", "status": "ok", "parity": true, "ts_ok": true, "lab_ok": true, "n": 25841, "dup": 1.0, "fill_f": 0.8432, "fill_s": 0.7238, "netl_f": -1.009, "netl_s": -1.943, "sec": 9.2}
  [97/365 2m] {"day": "2025-08-13", "status": "ok", "parity": true, "ts_ok": true, "lab_ok": true, "n": 15894, "dup": 1.0, "fill_f": 0.8496, "fill_s": 0.736, "netl_f": -1.424, "netl_s": -2.496, "sec": 5.8}
  [98/365 2m] {"day": "2025-08-14", "status": "ok", "parity": true, "ts_ok": true, "lab_ok": true, "n": 24017, "dup": 1.0, "fill_f": 0.8654, "fill_s": 0.7884, "netl_f": -3.648, "netl_s": -4.552, "sec": 9.1}
  [99/365 2m] {"day": "2025-08-15", "status": "ok", "parity": true, "ts_ok": true, "lab_ok": true, "n": 25143, "dup": 1.0, "fill_f": 0.8406, "fill_s": 0.7194, "netl_f": -2.098, "netl_s": -3.187, "sec": 9.4}
  [100/365 2m] {"day": "2025-08-16", "status": "ok", "parity": true, "ts_ok": true, "lab_ok": true, "n": 26447, "dup": 1.0, "fill_f": 0.767, "fill_s": 0.6178, "netl_f": -1.577, "netl_s": -2.198, "sec": 8.9}
  [101/365 2m] {"day": "2025-08-17", "status": "ok", "parity": true, "ts_ok": true, "lab_ok": true, "n": 26408, "dup": 1.0, "fill_f": 0.7617, "fill_s": 0.615, "netl_f": -1.985, "netl_s": -2.614, "sec": 7.5}
  [102/365 3m] {"day": "2025-08-18", "status": "ok", "parity": true, "ts_ok": true, "lab_ok": true, "n": 25758, "dup": 1.0, "fill_f": 0.8509, "fill_s": 0.731, "netl_f": -2.421, "netl_s": -3.497, "sec": 8.9}
  [103/365 3m] {"day": "2025-08-19", "status": "ok", "parity": true, "ts_ok": true, "lab_ok": true, "n": 24706, "dup": 1.0, "fill_f": 0.8491, "fill_s": 0.7334, "netl_f": -3.455, "netl_s": -4.593, "sec": 8.3}
  [104/365 3m] {"day": "2025-08-20", "status": "ok", "parity": true, "ts_ok": true, "lab_ok": true, "n": 25221, "dup": 1.0, "fill_f": 0.8428, "fill_s": 0.7115, "netl_f": -1.675, "netl_s": -2.896, "sec": 8.2}
  [105/365 3m] {"day": "2025-08-21", "status": "ok", "parity": true, "ts_ok": true, "lab_ok": true, "n": 25573, "dup": 1.0, "fill_f": 0.8279, "fill_s": 0.6862, "netl_f": -2.959, "netl_s": -4.124, "sec": 7.6}
  [106/365 3m] {"day": "2025-08-22", "status": "ok", "parity": true, "ts_ok": true, "lab_ok": true, "n": 25347, "dup": 1.0, "fill_f": 0.8528, "fill_s": 0.7437, "netl_f": -0.761, "netl_s": -1.573, "sec": 9.3}
  [107/365 3m] {"day": "2025-08-23", "status": "ok", "parity": true, "ts_ok": true, "lab_ok": true, "n": 25948, "dup": 1.0, "fill_f": 0.7887, "fill_s": 0.6514, "netl_f": -2.084, "netl_s": -2.951, "sec": 7.9}
  [108/365 3m] {"day": "2025-08-24", "status": "ok", "parity": true, "ts_ok": true, "lab_ok": true, "n": 25794, "dup": 1.0, "fill_f": 0.836, "fill_s": 0.6959, "netl_f": -2.222, "netl_s": -3.399, "sec": 9.1}
  [109/365 3m] {"day": "2025-08-25", "status": "ok", "parity": true, "ts_ok": true, "lab_ok": true, "n": 25503, "dup": 1.0, "fill_f": 0.8659, "fill_s": 0.7438, "netl_f": -3.302, "netl_s": -4.592, "sec": 10.0}
  [110/365 3m] {"day": "2025-08-26", "status": "ok", "parity": true, "ts_ok": true, "lab_ok": true, "n": 26146, "dup": 1.0, "fill_f": 0.8318, "fill_s": 0.6963, "netl_f": -1.178, "netl_s": -2.271, "sec": 8.4}
  [111/365 3m] {"day": "2025-08-27", "status": "ok", "parity": true, "ts_ok": true, "lab_ok": true, "n": 26115, "dup": 1.0, "fill_f": 0.8351, "fill_s": 0.6785, "netl_f": -2.295, "netl_s": -3.447, "sec": 8.6}
  [112/365 3m] {"day": "2025-08-28", "status": "ok", "parity": true, "ts_ok": true, "lab_ok": true, "n": 25549, "dup": 1.0, "fill_f": 0.7978, "fill_s": 0.6286, "netl_f": -2.078, "netl_s": -3.051, "sec": 7.5}
  [113/365 3m] {"day": "2025-08-29", "status": "ok", "parity": true, "ts_ok": true, "lab_ok": true, "n": 24590, "dup": 1.0, "fill_f": 0.8306, "fill_s": 0.7113, "netl_f": -3.135, "netl_s": -4.151, "sec": 8.6}
  [114/365 3m] {"day": "2025-08-30", "status": "ok", "parity": true, "ts_ok": true, "lab_ok": true, "n": 26457, "dup": 1.0, "fill_f": 0.756, "fill_s": 0.5968, "netl_f": -1.787, "netl_s": -2.451, "sec": 8.0}
  [115/365 3m] {"day": "2025-08-31", "status": "ok", "parity": true, "ts_ok": true, "lab_ok": true, "n": 26401, "dup": 1.0, "fill_f": 0.7658, "fill_s": 0.5709, "netl_f": -2.36, "netl_s": -3.185, "sec": 8.9}
  [116/365 3m] {"day": "2025-09-01", "status": "ok", "parity": true, "ts_ok": true, "lab_ok": true, "n": 25031, "dup": 1.0, "fill_f": 0.8487, "fill_s": 0.7464, "netl_f": -2.665, "netl_s": -3.796, "sec": 8.3}
  [117/365 3m] {"day": "2025-09-02", "status": "ok", "parity": true, "ts_ok": true, "lab_ok": true, "n": 25380, "dup": 1.0, "fill_f": 0.8262, "fill_s": 0.6926, "netl_f": -1.275, "netl_s": -2.284, "sec": 8.2}
  [118/365 3m] {"day": "2025-09-03", "status": "ok", "parity": true, "ts_ok": true, "lab_ok": true, "n": 26106, "dup": 1.0, "fill_f": 0.7955, "fill_s": 0.6226, "netl_f": -1.942, "netl_s": -2.762, "sec": 8.7}
  [119/365 3m] {"day": "2025-09-04", "status": "ok", "parity": true, "ts_ok": true, "lab_ok": true, "n": 26080, "dup": 1.0, "fill_f": 0.7985, "fill_s": 0.6426, "netl_f": -2.291, "netl_s": -3.101, "sec": 8.1}
  [120/365 3m] {"day": "2025-09-05", "status": "ok", "parity": true, "ts_ok": true, "lab_ok": true, "n": 25987, "dup": 1.0, "fill_f": 0.7843, "fill_s": 0.6258, "netl_f": -1.637, "netl_s": -2.514, "sec": 8.1}
  [121/365 3m] {"day": "2025-09-06", "status": "ok", "parity": true, "ts_ok": true, "lab_ok": true, "n": 27114, "dup": 1.0, "fill_f": 0.6573, "fill_s": 0.4818, "netl_f": -1.543, "netl_s": -1.901, "sec": 8.6}
  [122/365 3m] {"day": "2025-09-07", "status": "ok", "parity": true, "ts_ok": true, "lab_ok": true, "n": 27175, "dup": 1.0, "fill_f": 0.6475, "fill_s": 0.5207, "netl_f": -1.507, "netl_s": -2.124, "sec": 8.3}
  [123/365 3m] {"day": "2025-09-08", "status": "ok", "parity": true, "ts_ok": true, "lab_ok": true, "n": 26156, "dup": 1.0, "fill_f": 0.8034, "fill_s": 0.6734, "netl_f": -1.36, "netl_s": -2.157, "sec": 8.6}
  [124/365 3m] {"day": "2025-09-09", "status": "ok", "parity": true, "ts_ok": true, "lab_ok": true, "n": 25267, "dup": 1.0, "fill_f": 0.819, "fill_s": 0.6677, "netl_f": -2.04, "netl_s": -2.825, "sec": 8.9}
  [125/365 3m] {"day": "2025-09-10", "status": "ok", "parity": true, "ts_ok": true, "lab_ok": true, "n": 25501, "dup": 1.0, "fill_f": 0.7627, "fill_s": 0.5733, "netl_f": -1.481, "netl_s": -2.46, "sec": 7.9}
  [126/365 3m] {"day": "2025-09-11", "status": "ok", "parity": true, "ts_ok": true, "lab_ok": true, "n": 25685, "dup": 1.0, "fill_f": 0.7826, "fill_s": 0.6276, "netl_f": -1.476, "netl_s": -2.326, "sec": 8.5}
  [127/365 3m] {"day": "2025-09-12", "status": "ok", "parity": true, "ts_ok": true, "lab_ok": true, "n": 25450, "dup": 1.0, "fill_f": 0.8002, "fill_s": 0.6658, "netl_f": -1.679, "netl_s": -2.589, "sec": 9.7}
  [128/365 3m] {"day": "2025-09-13", "status": "ok", "parity": true, "ts_ok": true, "lab_ok": true, "n": 25416, "dup": 1.0, "fill_f": 0.791, "fill_s": 0.6605, "netl_f": -1.809, "netl_s": -2.568, "sec": 8.1}
  [129/365 3m] {"day": "2025-09-14", "status": "ok", "parity": true, "ts_ok": true, "lab_ok": true, "n": 25343, "dup": 1.0, "fill_f": 0.7844, "fill_s": 0.6465, "netl_f": -2.527, "netl_s": -3.213, "sec": 7.6}
  [130/365 3m] {"day": "2025-09-15", "status": "ok", "parity": true, "ts_ok": true, "lab_ok": true, "n": 25144, "dup": 1.0, "fill_f": 0.816, "fill_s": 0.6897, "netl_f": -2.501, "netl_s": -3.519, "sec": 7.8}
  [131/365 3m] {"day": "2025-09-16", "status": "ok", "parity": true, "ts_ok": true, "lab_ok": true, "n": 25720, "dup": 1.0, "fill_f": 0.7883, "fill_s": 0.6174, "netl_f": -1.584, "netl_s": -2.409, "sec": 8.2}
  [132/365 3m] {"day": "2025-09-17", "status": "ok", "parity": true, "ts_ok": true, "lab_ok": true, "n": 25150, "dup": 1.0, "fill_f": 0.7695, "fill_s": 0.6311, "netl_f": -1.737, "netl_s": -2.46, "sec": 8.0}
  [133/365 3m] {"day": "2025-09-18", "status": "ok", "parity": true, "ts_ok": true, "lab_ok": true, "n": 25008, "dup": 1.0, "fill_f": 0.7993, "fill_s": 0.682, "netl_f": -2.079, "netl_s": -2.768, "sec": 7.9}
  [134/365 3m] {"day": "2025-09-19", "status": "ok", "parity": true, "ts_ok": true, "lab_ok": true, "n": 25426, "dup": 1.0, "fill_f": 0.7746, "fill_s": 0.6307, "netl_f": -2.422, "netl_s": -3.161, "sec": 9.3}
  [135/365 3m] {"day": "2025-09-20", "status": "ok", "parity": true, "ts_ok": true, "lab_ok": true, "n": 26379, "dup": 1.0, "fill_f": 0.691, "fill_s": 0.5545, "netl_f": -2.065, "netl_s": -2.552, "sec": 8.3}
  [136/365 3m] {"day": "2025-09-21", "status": "ok", "parity": true, "ts_ok": true, "lab_ok": true, "n": 26379, "dup": 1.0, "fill_f": 0.7101, "fill_s": 0.5595, "netl_f": -2.162, "netl_s": -2.773, "sec": 6.8}
  [137/365 3m] {"day": "2025-09-22", "status": "ok", "parity": true, "ts_ok": true, "lab_ok": true, "n": 25245, "dup": 1.0, "fill_f": 0.8346, "fill_s": 0.7231, "netl_f": -3.034, "netl_s": -4.034, "sec": 7.9}
  [138/365 3m] {"day": "2025-09-23", "status": "ok", "parity": true, "ts_ok": true, "lab_ok": true, "n": 25561, "dup": 1.0, "fill_f": 0.8337, "fill_s": 0.683, "netl_f": -2.519, "netl_s": -3.554, "sec": 8.3}
  [139/365 3m] {"day": "2025-09-24", "status": "ok", "parity": true, "ts_ok": true, "lab_ok": true, "n": 25381, "dup": 1.0, "fill_f": 0.8074, "fill_s": 0.6462, "netl_f": -1.49, "netl_s": -2.377, "sec": 8.4}
  [140/365 3m] {"day": "2025-09-25", "status": "ok", "parity": true, "ts_ok": true, "lab_ok": true, "n": 23353, "dup": 1.0, "fill_f": 0.8553, "fill_s": 0.746, "netl_f": -3.722, "netl_s": -4.859, "sec": 7.4}
  [141/365 3m] {"day": "2025-09-26", "status": "ok", "parity": true, "ts_ok": true, "lab_ok": true, "n": 23761, "dup": 1.0, "fill_f": 0.8309, "fill_s": 0.6957, "netl_f": -2.205, "netl_s": -3.416, "sec": 8.5}
  [142/365 3m] {"day": "2025-09-27", "status": "ok", "parity": true, "ts_ok": true, "lab_ok": true, "n": 26358, "dup": 1.0, "fill_f": 0.7192, "fill_s": 0.5349, "netl_f": -1.6, "netl_s": -2.214, "sec": 8.2}
  [143/365 3m] {"day": "2025-09-28", "status": "ok", "parity": true, "ts_ok": true, "lab_ok": true, "n": 26183, "dup": 1.0, "fill_f": 0.739, "fill_s": 0.5556, "netl_f": -1.777, "netl_s": -2.681, "sec": 7.4}
  [144/365 3m] {"day": "2025-09-29", "status": "ok", "parity": true, "ts_ok": true, "lab_ok": true, "n": 25360, "dup": 1.0, "fill_f": 0.7913, "fill_s": 0.6416, "netl_f": -1.996, "netl_s": -2.882, "sec": 8.1}
  [145/365 4m] {"day": "2025-09-30", "status": "ok", "parity": true, "ts_ok": true, "lab_ok": true, "n": 25557, "dup": 1.0, "fill_f": 0.7919, "fill_s": 0.6337, "netl_f": -2.235, "netl_s": -3.135, "sec": 8.7}
  [146/365 4m] {"day": "2025-10-01", "status": "ok", "parity": true, "ts_ok": true, "lab_ok": true, "n": 25539, "dup": 1.0, "fill_f": 0.8004, "fill_s": 0.6386, "netl_f": -1.594, "netl_s": -2.468, "sec": 7.0}
  [147/365 4m] {"day": "2025-10-02", "status": "ok", "parity": true, "ts_ok": true, "lab_ok": true, "n": 25227, "dup": 1.0, "fill_f": 0.8129, "fill_s": 0.6889, "netl_f": -1.741, "netl_s": -2.68, "sec": 9.0}
  [148/365 4m] {"day": "2025-10-03", "status": "ok", "parity": true, "ts_ok": true, "lab_ok": true, "n": 25599, "dup": 1.0, "fill_f": 0.8127, "fill_s": 0.6771, "netl_f": -2.148, "netl_s": -3.081, "sec": 8.9}
  [149/365 4m] {"day": "2025-10-04", "status": "ok", "parity": true, "ts_ok": true, "lab_ok": true, "n": 25930, "dup": 1.0, "fill_f": 0.744, "fill_s": 0.5759, "netl_f": -2.29, "netl_s": -3.059, "sec": 8.0}
  [150/365 4m] {"day": "2025-10-05", "status": "ok", "parity": true, "ts_ok": true, "lab_ok": true, "n": 24961, "dup": 1.0, "fill_f": 0.7999, "fill_s": 0.6378, "netl_f": -2.153, "netl_s": -3.174, "sec": 9.3}
  [151/365 4m] {"day": "2025-10-06", "status": "ok", "parity": true, "ts_ok": true, "lab_ok": true, "n": 24801, "dup": 1.0, "fill_f": 0.8051, "fill_s": 0.6421, "netl_f": -1.938, "netl_s": -3.063, "sec": 8.0}
  [152/365 4m] {"day": "2025-10-07", "status": "ok", "parity": true, "ts_ok": true, "lab_ok": true, "n": 25086, "dup": 1.0, "fill_f": 0.8199, "fill_s": 0.6706, "netl_f": -2.898, "netl_s": -3.898, "sec": 9.2}
  [153/365 4m] {"day": "2025-10-08", "status": "ok", "parity": true, "ts_ok": true, "lab_ok": true, "n": 24460, "dup": 1.0, "fill_f": 0.8008, "fill_s": 0.6212, "netl_f": -1.808, "netl_s": -2.868, "sec": 8.4}
  [154/365 4m] {"day": "2025-10-09", "status": "ok", "parity": true, "ts_ok": true, "lab_ok": true, "n": 23615, "dup": 1.0, "fill_f": 0.8059, "fill_s": 0.6716, "netl_f": -2.677, "netl_s": -3.72, "sec": 8.9}
  [155/365 4m] {"day": "2025-10-10", "status": "ok", "parity": true, "ts_ok": true, "lab_ok": true, "n": 23609, "dup": 1.0, "fill_f": 0.8121, "fill_s": 0.6581, "netl_f": -9.254, "netl_s": -10.863, "sec": 12.2}
  [156/365 4m] {"day": "2025-10-11", "status": "ok", "parity": true, "ts_ok": true, "lab_ok": true, "n": 21904, "dup": 1.0, "fill_f": 0.8782, "fill_s": 0.8444, "netl_f": -2.815, "netl_s": -3.543, "sec": 9.3}
  [157/365 4m] {"day": "2025-10-12", "status": "ok", "parity": true, "ts_ok": true, "lab_ok": true, "n": 22873, "dup": 1.0, "fill_f": 0.8602, "fill_s": 0.7998, "netl_f": -1.754, "netl_s": -2.713, "sec": 9.7}
  [158/365 4m] {"day": "2025-10-13", "status": "ok", "parity": true, "ts_ok": true, "lab_ok": true, "n": 23075, "dup": 1.0, "fill_f": 0.868, "fill_s": 0.7932, "netl_f": -1.994, "netl_s": -3.022, "sec": 7.5}
  [159/365 4m] {"day": "2025-10-14", "status": "ok", "parity": true, "ts_ok": true, "lab_ok": true, "n": 23424, "dup": 1.0, "fill_f": 0.8574, "fill_s": 0.7737, "netl_f": -3.583, "netl_s": -4.626, "sec": 8.3}
  [160/365 4m] {"day": "2025-10-15", "status": "ok", "parity": true, "ts_ok": true, "lab_ok": true, "n": 23024, "dup": 1.0, "fill_f": 0.8444, "fill_s": 0.7213, "netl_f": -3.307, "netl_s": -4.795, "sec": 7.8}
  [161/365 4m] {"day": "2025-10-16", "status": "ok", "parity": true, "ts_ok": true, "lab_ok": true, "n": 22642, "dup": 1.0, "fill_f": 0.8589, "fill_s": 0.7641, "netl_f": -3.052, "netl_s": -4.199, "sec": 8.6}
  [162/365 4m] {"day": "2025-10-17", "status": "ok", "parity": true, "ts_ok": true, "lab_ok": true, "n": 22657, "dup": 1.0, "fill_f": 0.8619, "fill_s": 0.7944, "netl_f": -2.551, "netl_s": -3.465, "sec": 8.7}
  [163/365 4m] {"day": "2025-10-18", "status": "ok", "parity": true, "ts_ok": true, "lab_ok": true, "n": 24089, "dup": 1.0, "fill_f": 0.7882, "fill_s": 0.6459, "netl_f": -1.735, "netl_s": -2.742, "sec": 7.3}
  [164/365 4m] {"day": "2025-10-19", "status": "ok", "parity": true, "ts_ok": true, "lab_ok": true, "n": 24646, "dup": 1.0, "fill_f": 0.8012, "fill_s": 0.6578, "netl_f": -2.175, "netl_s": -3.142, "sec": 7.8}
  [165/365 4m] {"day": "2025-10-20", "status": "ok", "parity": true, "ts_ok": true, "lab_ok": true, "n": 24553, "dup": 1.0, "fill_f": 0.8307, "fill_s": 0.7136, "netl_f": -1.407, "netl_s": -2.499, "sec": 8.0}
  [166/365 4m] {"day": "2025-10-21", "status": "ok", "parity": true, "ts_ok": true, "lab_ok": true, "n": 23674, "dup": 1.0, "fill_f": 0.8336, "fill_s": 0.7255, "netl_f": -3.195, "netl_s": -4.285, "sec": 7.8}
  [167/365 4m] {"day": "2025-10-22", "status": "ok", "parity": true, "ts_ok": true, "lab_ok": true, "n": 24052, "dup": 1.0, "fill_f": 0.843, "fill_s": 0.7298, "netl_f": -2.932, "netl_s": -4.121, "sec": 7.4}
  [168/365 4m] {"day": "2025-10-23", "status": "ok", "parity": true, "ts_ok": true, "lab_ok": true, "n": 24811, "dup": 1.0, "fill_f": 0.7793, "fill_s": 0.6356, "netl_f": -1.867, "netl_s": -2.826, "sec": 8.3}
  [169/365 4m] {"day": "2025-10-24", "status": "ok", "parity": true, "ts_ok": true, "lab_ok": true, "n": 24829, "dup": 1.0, "fill_f": 0.7977, "fill_s": 0.682, "netl_f": -1.532, "netl_s": -2.362, "sec": 7.7}
  [170/365 4m] {"day": "2025-10-25", "status": "ok", "parity": true, "ts_ok": true, "lab_ok": true, "n": 25867, "dup": 1.0, "fill_f": 0.8079, "fill_s": 0.7171, "netl_f": -1.536, "netl_s": -2.208, "sec": 7.9}
  [171/365 4m] {"day": "2025-10-26", "status": "ok", "parity": true, "ts_ok": true, "lab_ok": true, "n": 25995, "dup": 1.0, "fill_f": 0.7913, "fill_s": 0.6889, "netl_f": -1.579, "netl_s": -2.264, "sec": 9.9}
  [172/365 4m] {"day": "2025-10-27", "status": "ok", "parity": true, "ts_ok": true, "lab_ok": true, "n": 24723, "dup": 1.0, "fill_f": 0.8295, "fill_s": 0.7177, "netl_f": -2.527, "netl_s": -3.642, "sec": 8.3}
  [173/365 4m] {"day": "2025-10-28", "status": "ok", "parity": true, "ts_ok": true, "lab_ok": true, "n": 24403, "dup": 1.0, "fill_f": 0.8344, "fill_s": 0.7402, "netl_f": -2.405, "netl_s": -3.335, "sec": 8.2}
  [174/365 4m] {"day": "2025-10-29", "status": "ok", "parity": true, "ts_ok": true, "lab_ok": true, "n": 25047, "dup": 1.0, "fill_f": 0.8214, "fill_s": 0.715, "netl_f": -2.544, "netl_s": -3.483, "sec": 8.4}
  [175/365 4m] {"day": "2025-10-30", "status": "ok", "parity": true, "ts_ok": true, "lab_ok": true, "n": 22696, "dup": 1.0, "fill_f": 0.8551, "fill_s": 0.7756, "netl_f": -2.94, "netl_s": -3.958, "sec": 8.2}
  [176/365 4m] {"day": "2025-10-31", "status": "ok", "parity": true, "ts_ok": true, "lab_ok": true, "n": 23880, "dup": 1.0, "fill_f": 0.8178, "fill_s": 0.7095, "netl_f": -1.95, "netl_s": -2.989, "sec": 8.5}
  [177/365 4m] {"day": "2025-11-01", "status": "ok", "parity": true, "ts_ok": true, "lab_ok": true, "n": 25915, "dup": 1.0, "fill_f": 0.7355, "fill_s": 0.5948, "netl_f": -2.227, "netl_s": -2.93, "sec": 7.1}
  [178/365 4m] {"day": "2025-11-02", "status": "ok", "parity": true, "ts_ok": true, "lab_ok": true, "n": 25588, "dup": 1.0, "fill_f": 0.7524, "fill_s": 0.636, "netl_f": -2.115, "netl_s": -2.98, "sec": 7.8}
  [179/365 4m] {"day": "2025-11-03", "status": "ok", "parity": true, "ts_ok": true, "lab_ok": true, "n": 23700, "dup": 1.0, "fill_f": 0.857, "fill_s": 0.7819, "netl_f": -4.473, "netl_s": -5.396, "sec": 8.7}
  [180/365 4m] {"day": "2025-11-04", "status": "ok", "parity": true, "ts_ok": true, "lab_ok": true, "n": 21619, "dup": 1.0, "fill_f": 0.8775, "fill_s": 0.8237, "netl_f": -3.987, "netl_s": -4.972, "sec": 8.9}
  [181/365 4m] {"day": "2025-11-05", "status": "ok", "parity": true, "ts_ok": true, "lab_ok": true, "n": 23587, "dup": 1.0, "fill_f": 0.8641, "fill_s": 0.7929, "netl_f": -1.496, "netl_s": -2.669, "sec": 8.4}
  [182/365 4m] {"day": "2025-11-06", "status": "ok", "parity": true, "ts_ok": true, "lab_ok": true, "n": 23792, "dup": 1.0, "fill_f": 0.8601, "fill_s": 0.7932, "netl_f": -3.44, "netl_s": -4.354, "sec": 7.9}
  [183/365 4m] {"day": "2025-11-07", "status": "ok", "parity": true, "ts_ok": true, "lab_ok": true, "n": 22940, "dup": 1.0, "fill_f": 0.8568, "fill_s": 0.7909, "netl_f": -1.614, "netl_s": -2.443, "sec": 8.6}
  [184/365 4m] {"day": "2025-11-08", "status": "ok", "parity": true, "ts_ok": true, "lab_ok": true, "n": 23959, "dup": 1.0, "fill_f": 0.8269, "fill_s": 0.7315, "netl_f": -2.541, "netl_s": -3.393, "sec": 8.1}
  [185/365 4m] {"day": "2025-11-09", "status": "ok", "parity": true, "ts_ok": true, "lab_ok": true, "n": 23980, "dup": 1.0, "fill_f": 0.8147, "fill_s": 0.7161, "netl_f": -1.721, "netl_s": -2.458, "sec": 8.3}
  [186/365 4m] {"day": "2025-11-10", "status": "ok", "parity": true, "ts_ok": true, "lab_ok": true, "n": 24223, "dup": 1.0, "fill_f": 0.867, "fill_s": 0.8126, "netl_f": -0.984, "netl_s": -1.634, "sec": 8.7}
  [187/365 4m] {"day": "2025-11-11", "status": "ok", "parity": true, "ts_ok": true, "lab_ok": true, "n": 22210, "dup": 1.0, "fill_f": 0.8535, "fill_s": 0.7769, "netl_f": -3.31, "netl_s": -4.118, "sec": 7.6}
  [188/365 4m] {"day": "2025-11-12", "status": "ok", "parity": true, "ts_ok": true, "lab_ok": true, "n": 23177, "dup": 1.0, "fill_f": 0.838, "fill_s": 0.7522, "netl_f": -2.186, "netl_s": -3.004, "sec": 8.3}
  [189/365 5m] {"day": "2025-11-13", "status": "ok", "parity": true, "ts_ok": true, "lab_ok": true, "n": 23148, "dup": 1.0, "fill_f": 0.8705, "fill_s": 0.8271, "netl_f": -2.647, "netl_s": -3.397, "sec": 8.7}
  [190/365 5m] {"day": "2025-11-14", "status": "ok", "parity": true, "ts_ok": true, "lab_ok": true, "n": 22690, "dup": 1.0, "fill_f": 0.8837, "fill_s": 0.8349, "netl_f": -3.299, "netl_s": -4.045, "sec": 10.3}
  [191/365 5m] {"day": "2025-11-15", "status": "ok", "parity": true, "ts_ok": true, "lab_ok": true, "n": 24397, "dup": 1.0, "fill_f": 0.8348, "fill_s": 0.7388, "netl_f": -2.287, "netl_s": -3.122, "sec": 8.7}
  [192/365 5m] {"day": "2025-11-16", "status": "ok", "parity": true, "ts_ok": true, "lab_ok": true, "n": 23620, "dup": 1.0, "fill_f": 0.8557, "fill_s": 0.7894, "netl_f": -2.575, "netl_s": -3.306, "sec": 7.2}
  [193/365 5m] {"day": "2025-11-17", "status": "ok", "parity": true, "ts_ok": true, "lab_ok": true, "n": 22886, "dup": 1.0, "fill_f": 0.8599, "fill_s": 0.8015, "netl_f": -2.78, "netl_s": -3.459, "sec": 8.2}
  [194/365 5m] {"day": "2025-11-18", "status": "ok", "parity": true, "ts_ok": true, "lab_ok": true, "n": 22258, "dup": 1.0, "fill_f": 0.8632, "fill_s": 0.7967, "netl_f": -2.196, "netl_s": -3.035, "sec": 7.6}
  [195/365 5m] {"day": "2025-11-19", "status": "ok", "parity": true, "ts_ok": true, "lab_ok": true, "n": 22699, "dup": 1.0, "fill_f": 0.856, "fill_s": 0.7765, "netl_f": -3.04, "netl_s": -3.905, "sec": 7.4}
  [196/365 5m] {"day": "2025-11-20", "status": "ok", "parity": true, "ts_ok": true, "lab_ok": true, "n": 22851, "dup": 1.0, "fill_f": 0.8453, "fill_s": 0.7493, "netl_f": -3.155, "netl_s": -4.296, "sec": 8.0}
  [197/365 5m] {"day": "2025-11-21", "status": "ok", "parity": true, "ts_ok": true, "lab_ok": true, "n": 22084, "dup": 1.0, "fill_f": 0.8844, "fill_s": 0.8194, "netl_f": -3.839, "netl_s": -4.987, "sec": 8.7}
  [198/365 5m] {"day": "2025-11-22", "status": "ok", "parity": true, "ts_ok": true, "lab_ok": true, "n": 25136, "dup": 1.0, "fill_f": 0.8517, "fill_s": 0.7221, "netl_f": -2.466, "netl_s": -4.019, "sec": 8.8}
  [199/365 5m] {"day": "2025-11-23", "status": "ok", "parity": true, "ts_ok": true, "lab_ok": true, "n": 25373, "dup": 1.0, "fill_f": 0.8473, "fill_s": 0.7531, "netl_f": -1.397, "netl_s": -2.444, "sec": 7.8}
  [200/365 5m] {"day": "2025-11-24", "status": "ok", "parity": true, "ts_ok": true, "lab_ok": true, "n": 24793, "dup": 1.0, "fill_f": 0.8664, "fill_s": 0.7847, "netl_f": -1.04, "netl_s": -2.109, "sec": 7.8}
  [201/365 5m] {"day": "2025-11-25", "status": "ok", "parity": true, "ts_ok": true, "lab_ok": true, "n": 25357, "dup": 1.0, "fill_f": 0.8556, "fill_s": 0.7505, "netl_f": -2.66, "netl_s": -3.839, "sec": 10.5}
  [202/365 5m] {"day": "2025-11-26", "status": "ok", "parity": true, "ts_ok": true, "lab_ok": true, "n": 25669, "dup": 1.0, "fill_f": 0.8379, "fill_s": 0.6996, "netl_f": -1.972, "netl_s": -3.045, "sec": 9.4}
  [203/365 5m] {"day": "2025-11-27", "status": "ok", "parity": true, "ts_ok": true, "lab_ok": true, "n": 25655, "dup": 1.0, "fill_f": 0.8091, "fill_s": 0.6516, "netl_f": -2.181, "netl_s": -3.107, "sec": 7.9}
  [204/365 5m] {"day": "2025-11-28", "status": "ok", "parity": true, "ts_ok": true, "lab_ok": true, "n": 25125, "dup": 1.0, "fill_f": 0.8298, "fill_s": 0.683, "netl_f": -2.399, "netl_s": -3.616, "sec": 8.5}
  [205/365 5m] {"day": "2025-11-29", "status": "ok", "parity": true, "ts_ok": true, "lab_ok": true, "n": 26582, "dup": 1.0, "fill_f": 0.7793, "fill_s": 0.6205, "netl_f": -1.722, "netl_s": -2.539, "sec": 8.7}
  [206/365 5m] {"day": "2025-11-30", "status": "ok", "parity": true, "ts_ok": true, "lab_ok": true, "n": 26482, "dup": 1.0, "fill_f": 0.7768, "fill_s": 0.5741, "netl_f": -2.148, "netl_s": -2.881, "sec": 8.7}
  [207/365 5m] {"day": "2025-12-01", "status": "ok", "parity": true, "ts_ok": true, "lab_ok": true, "n": 24839, "dup": 1.0, "fill_f": 0.8549, "fill_s": 0.7414, "netl_f": -3.241, "netl_s": -4.526, "sec": 8.7}
  [208/365 5m] {"day": "2025-12-02", "status": "ok", "parity": true, "ts_ok": true, "lab_ok": true, "n": 25644, "dup": 1.0, "fill_f": 0.8489, "fill_s": 0.7013, "netl_f": -0.97, "netl_s": -1.779, "sec": 8.0}
  [209/365 5m] {"day": "2025-12-03", "status": "ok", "parity": true, "ts_ok": true, "lab_ok": true, "n": 25388, "dup": 1.0, "fill_f": 0.839, "fill_s": 0.6745, "netl_f": -1.483, "netl_s": -2.766, "sec": 7.2}
  [210/365 5m] {"day": "2025-12-04", "status": "ok", "parity": true, "ts_ok": true, "lab_ok": true, "n": 25816, "dup": 1.0, "fill_f": 0.8245, "fill_s": 0.6764, "netl_f": -2.981, "netl_s": -4.212, "sec": 8.6}
  [211/365 5m] {"day": "2025-12-05", "status": "ok", "parity": true, "ts_ok": true, "lab_ok": true, "n": 25894, "dup": 1.0, "fill_f": 0.817, "fill_s": 0.6686, "netl_f": -2.682, "netl_s": -3.768, "sec": 7.9}
  [212/365 5m] {"day": "2025-12-06", "status": "ok", "parity": true, "ts_ok": true, "lab_ok": true, "n": 27067, "dup": 1.0, "fill_f": 0.7497, "fill_s": 0.5472, "netl_f": -1.664, "netl_s": -2.492, "sec": 8.0}
  [213/365 5m] {"day": "2025-12-07", "status": "ok", "parity": true, "ts_ok": true, "lab_ok": true, "n": 25603, "dup": 1.0, "fill_f": 0.7917, "fill_s": 0.6419, "netl_f": -2.218, "netl_s": -3.231, "sec": 8.3}
  [214/365 5m] {"day": "2025-12-08", "status": "ok", "parity": true, "ts_ok": true, "lab_ok": true, "n": 25539, "dup": 1.0, "fill_f": 0.8236, "fill_s": 0.6915, "netl_f": -1.76, "netl_s": -2.765, "sec": 8.5}
  [215/365 5m] {"day": "2025-12-09", "status": "ok", "parity": true, "ts_ok": true, "lab_ok": true, "n": 25619, "dup": 1.0, "fill_f": 0.8212, "fill_s": 0.6921, "netl_f": -1.676, "netl_s": -2.447, "sec": 8.5}
  [216/365 5m] {"day": "2025-12-10", "status": "ok", "parity": true, "ts_ok": true, "lab_ok": true, "n": 24838, "dup": 1.0, "fill_f": 0.8214, "fill_s": 0.6922, "netl_f": -2.595, "netl_s": -3.474, "sec": 8.0}
  [217/365 5m] {"day": "2025-12-11", "status": "ok", "parity": true, "ts_ok": true, "lab_ok": true, "n": 24245, "dup": 1.0, "fill_f": 0.8189, "fill_s": 0.7016, "netl_f": -2.043, "netl_s": -2.894, "sec": 8.5}
  [218/365 5m] {"day": "2025-12-12", "status": "ok", "parity": true, "ts_ok": true, "lab_ok": true, "n": 25006, "dup": 1.0, "fill_f": 0.7838, "fill_s": 0.6432, "netl_f": -1.992, "netl_s": -2.783, "sec": 7.7}
  [219/365 5m] {"day": "2025-12-13", "status": "ok", "parity": true, "ts_ok": true, "lab_ok": true, "n": 27386, "dup": 1.0, "fill_f": 0.7191, "fill_s": 0.5793, "netl_f": -1.473, "netl_s": -1.795, "sec": 7.8}
  [220/365 5m] {"day": "2025-12-14", "status": "ok", "parity": true, "ts_ok": true, "lab_ok": true, "n": 26434, "dup": 1.0, "fill_f": 0.7201, "fill_s": 0.5495, "netl_f": -2.378, "netl_s": -3.051, "sec": 7.9}
  [221/365 5m] {"day": "2025-12-15", "status": "ok", "parity": true, "ts_ok": true, "lab_ok": true, "n": 24916, "dup": 1.0, "fill_f": 0.8098, "fill_s": 0.6773, "netl_f": -2.442, "netl_s": -3.521, "sec": 7.6}
  [222/365 5m] {"day": "2025-12-16", "status": "ok", "parity": true, "ts_ok": true, "lab_ok": true, "n": 24989, "dup": 1.0, "fill_f": 0.8166, "fill_s": 0.6937, "netl_f": -2.015, "netl_s": -3.056, "sec": 7.9}
  [223/365 5m] {"day": "2025-12-17", "status": "ok", "parity": true, "ts_ok": true, "lab_ok": true, "n": 24986, "dup": 1.0, "fill_f": 0.8129, "fill_s": 0.6906, "netl_f": -3.114, "netl_s": -4.172, "sec": 7.5}
  [224/365 5m] {"day": "2025-12-18", "status": "ok", "parity": true, "ts_ok": true, "lab_ok": true, "n": 24893, "dup": 1.0, "fill_f": 0.8285, "fill_s": 0.701, "netl_f": -2.724, "netl_s": -3.999, "sec": 7.8}
  [225/365 5m] {"day": "2025-12-19", "status": "ok", "parity": true, "ts_ok": true, "lab_ok": true, "n": 24803, "dup": 1.0, "fill_f": 0.8285, "fill_s": 0.7229, "netl_f": -1.195, "netl_s": -2.15, "sec": 7.9}
  [226/365 5m] {"day": "2025-12-20", "status": "ok", "parity": true, "ts_ok": true, "lab_ok": true, "n": 27012, "dup": 1.0, "fill_f": 0.714, "fill_s": 0.5838, "netl_f": -1.818, "netl_s": -2.474, "sec": 8.1}
  [227/365 5m] {"day": "2025-12-21", "status": "ok", "parity": true, "ts_ok": true, "lab_ok": true, "n": 26551, "dup": 1.0, "fill_f": 0.7432, "fill_s": 0.5775, "netl_f": -2.065, "netl_s": -2.951, "sec": 8.6}
  [228/365 5m] {"day": "2025-12-22", "status": "ok", "parity": true, "ts_ok": true, "lab_ok": true, "n": 25225, "dup": 1.0, "fill_f": 0.7872, "fill_s": 0.6263, "netl_f": -2.234, "netl_s": -3.401, "sec": 9.0}
  [229/365 5m] {"day": "2025-12-23", "status": "ok", "parity": true, "ts_ok": true, "lab_ok": true, "n": 26301, "dup": 1.0, "fill_f": 0.7862, "fill_s": 0.6222, "netl_f": -2.27, "netl_s": -3.209, "sec": 8.8}
  [230/365 5m] {"day": "2025-12-24", "status": "ok", "parity": true, "ts_ok": true, "lab_ok": true, "n": 26387, "dup": 1.0, "fill_f": 0.7692, "fill_s": 0.5843, "netl_f": -1.972, "netl_s": -2.968, "sec": 8.3}
  [231/365 5m] {"day": "2025-12-25", "status": "ok", "parity": true, "ts_ok": true, "lab_ok": true, "n": 26323, "dup": 1.0, "fill_f": 0.7005, "fill_s": 0.5336, "netl_f": -2.372, "netl_s": -3.085, "sec": 8.3}
  [232/365 6m] {"day": "2025-12-26", "status": "ok", "parity": true, "ts_ok": true, "lab_ok": true, "n": 25991, "dup": 1.0, "fill_f": 0.7546, "fill_s": 0.603, "netl_f": -2.018, "netl_s": -2.795, "sec": 9.0}
  [233/365 6m] {"day": "2025-12-27", "status": "ok", "parity": true, "ts_ok": true, "lab_ok": true, "n": 27566, "dup": 1.0, "fill_f": 0.6004, "fill_s": 0.4265, "netl_f": -1.069, "netl_s": -1.47, "sec": 7.2}
  [234/365 6m] {"day": "2025-12-28", "status": "ok", "parity": true, "ts_ok": true, "lab_ok": true, "n": 27419, "dup": 1.0, "fill_f": 0.6147, "fill_s": 0.4251, "netl_f": -1.937, "netl_s": -2.385, "sec": 8.7}
  [235/365 6m] {"day": "2025-12-29", "status": "ok", "parity": true, "ts_ok": true, "lab_ok": true, "n": 26207, "dup": 1.0, "fill_f": 0.7706, "fill_s": 0.6045, "netl_f": -2.067, "netl_s": -2.998, "sec": 8.3}
  [236/365 6m] {"day": "2025-12-30", "status": "ok", "parity": true, "ts_ok": true, "lab_ok": true, "n": 26986, "dup": 1.0, "fill_f": 0.7096, "fill_s": 0.4908, "netl_f": -1.486, "netl_s": -2.327, "sec": 8.4}
  [237/365 6m] {"day": "2025-12-31", "status": "ok", "parity": true, "ts_ok": true, "lab_ok": true, "n": 26988, "dup": 1.0, "fill_f": 0.7254, "fill_s": 0.5135, "netl_f": -1.863, "netl_s": -2.622, "sec": 8.3}
  [238/365 6m] {"day": "2026-01-01", "status": "ok", "parity": true, "ts_ok": true, "lab_ok": true, "n": 26500, "dup": 1.0, "fill_f": 0.6504, "fill_s": 0.4807, "netl_f": -1.271, "netl_s": -1.849, "sec": 8.4}
  [239/365 6m] {"day": "2026-01-02", "status": "ok", "parity": true, "ts_ok": true, "lab_ok": true, "n": 25019, "dup": 1.0, "fill_f": 0.739, "fill_s": 0.6121, "netl_f": -0.723, "netl_s": -1.594, "sec": 9.1}
  [240/365 6m] {"day": "2026-01-03", "status": "ok", "parity": true, "ts_ok": true, "lab_ok": true, "n": 26123, "dup": 1.0, "fill_f": 0.7588, "fill_s": 0.6274, "netl_f": -2.001, "netl_s": -2.738, "sec": 8.6}
  [241/365 6m] {"day": "2026-01-04", "status": "ok", "parity": true, "ts_ok": true, "lab_ok": true, "n": 25971, "dup": 1.0, "fill_f": 0.8184, "fill_s": 0.7148, "netl_f": -1.504, "netl_s": -2.383, "sec": 8.1}
  [242/365 6m] {"day": "2026-01-05", "status": "ok", "parity": true, "ts_ok": true, "lab_ok": true, "n": 25277, "dup": 1.0, "fill_f": 0.8532, "fill_s": 0.7588, "netl_f": 0.158, "netl_s": -0.616, "sec": 8.4}
  [243/365 6m] {"day": "2026-01-06", "status": "ok", "parity": true, "ts_ok": true, "lab_ok": true, "n": 25206, "dup": 1.0, "fill_f": 0.8688, "fill_s": 0.8131, "netl_f": -2.585, "netl_s": -3.311, "sec": 9.0}
  [244/365 6m] {"day": "2026-01-07", "status": "ok", "parity": true, "ts_ok": true, "lab_ok": true, "n": 25405, "dup": 1.0, "fill_f": 0.8507, "fill_s": 0.7342, "netl_f": -3.403, "netl_s": -4.605, "sec": 8.4}
  [245/365 6m] {"day": "2026-01-08", "status": "ok", "parity": true, "ts_ok": true, "lab_ok": true, "n": 25868, "dup": 1.0, "fill_f": 0.8603, "fill_s": 0.7686, "netl_f": -2.672, "netl_s": -3.624, "sec": 8.8}
  [246/365 6m] {"day": "2026-01-09", "status": "ok", "parity": true, "ts_ok": true, "lab_ok": true, "n": 26106, "dup": 1.0, "fill_f": 0.8325, "fill_s": 0.7008, "netl_f": -2.559, "netl_s": -3.721, "sec": 8.5}
  [247/365 6m] {"day": "2026-01-10", "status": "ok", "parity": true, "ts_ok": true, "lab_ok": true, "n": 26754, "dup": 1.0, "fill_f": 0.6937, "fill_s": 0.5231, "netl_f": -1.521, "netl_s": -2.032, "sec": 8.1}
  [248/365 6m] {"day": "2026-01-11", "status": "ok", "parity": true, "ts_ok": true, "lab_ok": true, "n": 26714, "dup": 1.0, "fill_f": 0.7, "fill_s": 0.5387, "netl_f": -2.001, "netl_s": -2.696, "sec": 8.0}
  [249/365 6m] {"day": "2026-01-12", "status": "ok", "parity": true, "ts_ok": true, "lab_ok": true, "n": 25387, "dup": 1.0, "fill_f": 0.8249, "fill_s": 0.6998, "netl_f": -2.222, "netl_s": -3.184, "sec": 7.9}
  [250/365 6m] {"day": "2026-01-13", "status": "ok", "parity": true, "ts_ok": true, "lab_ok": true, "n": 25452, "dup": 1.0, "fill_f": 0.817, "fill_s": 0.6735, "netl_f": -1.159, "netl_s": -2.121, "sec": 8.5}
  [251/365 6m] {"day": "2026-01-14", "status": "ok", "parity": true, "ts_ok": true, "lab_ok": true, "n": 25076, "dup": 1.0, "fill_f": 0.8429, "fill_s": 0.7281, "netl_f": -2.145, "netl_s": -3.046, "sec": 8.8}
  [252/365 6m] {"day": "2026-01-15", "status": "ok", "parity": true, "ts_ok": true, "lab_ok": true, "n": 25627, "dup": 1.0, "fill_f": 0.8166, "fill_s": 0.6726, "netl_f": -2.378, "netl_s": -3.454, "sec": 8.3}
  [253/365 6m] {"day": "2026-01-16", "status": "ok", "parity": true, "ts_ok": true, "lab_ok": true, "n": 25738, "dup": 1.0, "fill_f": 0.7576, "fill_s": 0.5789, "netl_f": -1.96, "netl_s": -2.888, "sec": 8.6}
  [254/365 6m] {"day": "2026-01-17", "status": "ok", "parity": true, "ts_ok": true, "lab_ok": true, "n": 25907, "dup": 1.0, "fill_f": 0.6838, "fill_s": 0.475, "netl_f": -1.604, "netl_s": -2.094, "sec": 7.8}
  [255/365 6m] {"day": "2026-01-18", "status": "ok", "parity": true, "ts_ok": true, "lab_ok": true, "n": 25912, "dup": 1.0, "fill_f": 0.6949, "fill_s": 0.487, "netl_f": -2.676, "netl_s": -3.596, "sec": 8.4}
  [256/365 6m] {"day": "2026-01-19", "status": "ok", "parity": true, "ts_ok": true, "lab_ok": true, "n": 25903, "dup": 1.0, "fill_f": 0.8015, "fill_s": 0.6995, "netl_f": -1.295, "netl_s": -1.893, "sec": 9.1}
  [257/365 6m] {"day": "2026-01-20", "status": "ok", "parity": true, "ts_ok": true, "lab_ok": true, "n": 24353, "dup": 1.0, "fill_f": 0.8289, "fill_s": 0.6746, "netl_f": -3.086, "netl_s": -4.072, "sec": 8.8}
  [258/365 6m] {"day": "2026-01-21", "status": "ok", "parity": true, "ts_ok": true, "lab_ok": true, "n": 24298, "dup": 1.0, "fill_f": 0.8169, "fill_s": 0.6897, "netl_f": -1.869, "netl_s": -2.97, "sec": 8.9}
  [259/365 6m] {"day": "2026-01-22", "status": "ok", "parity": true, "ts_ok": true, "lab_ok": true, "n": 25069, "dup": 1.0, "fill_f": 0.7913, "fill_s": 0.6212, "netl_f": -2.505, "netl_s": -3.556, "sec": 7.4}
  [260/365 6m] {"day": "2026-01-23", "status": "ok", "parity": true, "ts_ok": true, "lab_ok": true, "n": 24661, "dup": 1.0, "fill_f": 0.7768, "fill_s": 0.5853, "netl_f": -2.122, "netl_s": -3.302, "sec": 7.9}
  [261/365 6m] {"day": "2026-01-24", "status": "ok", "parity": true, "ts_ok": true, "lab_ok": true, "n": 26734, "dup": 1.0, "fill_f": 0.5812, "fill_s": 0.3679, "netl_f": -1.598, "netl_s": -2.095, "sec": 8.5}
  [262/365 6m] {"day": "2026-01-25", "status": "ok", "parity": true, "ts_ok": true, "lab_ok": true, "n": 25659, "dup": 1.0, "fill_f": 0.7088, "fill_s": 0.5324, "netl_f": -3.018, "netl_s": -3.989, "sec": 8.7}
  [263/365 6m] {"day": "2026-01-26", "status": "ok", "parity": true, "ts_ok": true, "lab_ok": true, "n": 25022, "dup": 1.0, "fill_f": 0.8089, "fill_s": 0.661, "netl_f": -1.741, "netl_s": -2.761, "sec": 7.4}
  [264/365 6m] {"day": "2026-01-27", "status": "ok", "parity": true, "ts_ok": true, "lab_ok": true, "n": 24739, "dup": 1.0, "fill_f": 0.7637, "fill_s": 0.5952, "netl_f": -1.989, "netl_s": -2.983, "sec": 6.9}
  [265/365 6m] {"day": "2026-01-28", "status": "ok", "parity": true, "ts_ok": true, "lab_ok": true, "n": 24161, "dup": 1.0, "fill_f": 0.7918, "fill_s": 0.6265, "netl_f": -2.161, "netl_s": -3.264, "sec": 8.1}
  [266/365 6m] {"day": "2026-01-29", "status": "ok", "parity": true, "ts_ok": true, "lab_ok": true, "n": 24332, "dup": 1.0, "fill_f": 0.7785, "fill_s": 0.5935, "netl_f": -3.224, "netl_s": -4.686, "sec": 8.9}
  [267/365 6m] {"day": "2026-01-30", "status": "ok", "parity": true, "ts_ok": true, "lab_ok": true, "n": 24096, "dup": 1.0, "fill_f": 0.8508, "fill_s": 0.7475, "netl_f": -3.59, "netl_s": -4.864, "sec": 8.4}
  [268/365 6m] {"day": "2026-01-31", "status": "ok", "parity": true, "ts_ok": true, "lab_ok": true, "n": 23992, "dup": 1.0, "fill_f": 0.8408, "fill_s": 0.6988, "netl_f": -3.813, "netl_s": -5.366, "sec": 7.2}
  [269/365 6m] {"day": "2026-02-01", "status": "ok", "parity": true, "ts_ok": true, "lab_ok": true, "n": 23873, "dup": 1.0, "fill_f": 0.8577, "fill_s": 0.7607, "netl_f": -3.711, "netl_s": -5.167, "sec": 8.5}
  [270/365 6m] {"day": "2026-02-02", "status": "ok", "parity": true, "ts_ok": true, "lab_ok": true, "n": 23170, "dup": 1.0, "fill_f": 0.872, "fill_s": 0.7989, "netl_f": -2.334, "netl_s": -3.537, "sec": 8.7}
  [271/365 6m] {"day": "2026-02-03", "status": "ok", "parity": true, "ts_ok": true, "lab_ok": true, "n": 22542, "dup": 1.0, "fill_f": 0.8488, "fill_s": 0.7105, "netl_f": -3.309, "netl_s": -4.966, "sec": 8.0}
  [272/365 6m] {"day": "2026-02-04", "status": "ok", "parity": true, "ts_ok": true, "lab_ok": true, "n": 22516, "dup": 1.0, "fill_f": 0.8472, "fill_s": 0.7484, "netl_f": -3.368, "netl_s": -4.612, "sec": 8.6}
  [273/365 6m] {"day": "2026-02-05", "status": "ok", "parity": true, "ts_ok": true, "lab_ok": true, "n": 21001, "dup": 1.0, "fill_f": 0.9003, "fill_s": 0.8714, "netl_f": -7.475, "netl_s": -8.458, "sec": 9.5}
  [274/365 7m] {"day": "2026-02-06", "status": "ok", "parity": true, "ts_ok": true, "lab_ok": true, "n": 22630, "dup": 1.0, "fill_f": 0.8913, "fill_s": 0.8713, "netl_f": 0.007, "netl_s": -0.665, "sec": 9.0}
  [275/365 7m] {"day": "2026-02-07", "status": "ok", "parity": true, "ts_ok": true, "lab_ok": true, "n": 24843, "dup": 1.0, "fill_f": 0.878, "fill_s": 0.8159, "netl_f": -3.021, "netl_s": -3.972, "sec": 10.3}
  [276/365 7m] {"day": "2026-02-08", "status": "ok", "parity": true, "ts_ok": true, "lab_ok": true, "n": 25670, "dup": 1.0, "fill_f": 0.8425, "fill_s": 0.7309, "netl_f": -2.287, "netl_s": -3.599, "sec": 7.3}
  [277/365 7m] {"day": "2026-02-09", "status": "ok", "parity": true, "ts_ok": true, "lab_ok": true, "n": 24958, "dup": 1.0, "fill_f": 0.8668, "fill_s": 0.7707, "netl_f": -2.257, "netl_s": -3.551, "sec": 9.4}
  [278/365 7m] {"day": "2026-02-10", "status": "ok", "parity": true, "ts_ok": true, "lab_ok": true, "n": 25247, "dup": 1.0, "fill_f": 0.8357, "fill_s": 0.7166, "netl_f": -2.677, "netl_s": -3.747, "sec": 8.0}
  [279/365 7m] {"day": "2026-02-11", "status": "ok", "parity": true, "ts_ok": true, "lab_ok": true, "n": 24844, "dup": 1.0, "fill_f": 0.8572, "fill_s": 0.749, "netl_f": -2.807, "netl_s": -4.193, "sec": 8.0}
  [280/365 7m] {"day": "2026-02-12", "status": "ok", "parity": true, "ts_ok": true, "lab_ok": true, "n": 24934, "dup": 1.0, "fill_f": 0.8381, "fill_s": 0.7179, "netl_f": -2.261, "netl_s": -3.431, "sec": 7.5}
  [281/365 7m] {"day": "2026-02-13", "status": "ok", "parity": true, "ts_ok": true, "lab_ok": true, "n": 25620, "dup": 1.0, "fill_f": 0.8308, "fill_s": 0.7196, "netl_f": -1.598, "netl_s": -2.498, "sec": 9.4}
  [282/365 7m] {"day": "2026-02-14", "status": "ok", "parity": true, "ts_ok": true, "lab_ok": true, "n": 26042, "dup": 1.0, "fill_f": 0.7994, "fill_s": 0.6668, "netl_f": -0.617, "netl_s": -1.648, "sec": 7.7}
  [283/365 7m] {"day": "2026-02-15", "status": "ok", "parity": true, "ts_ok": true, "lab_ok": true, "n": 26056, "dup": 1.0, "fill_f": 0.8807, "fill_s": 0.8183, "netl_f": -3.144, "netl_s": -4.363, "sec": 8.6}
  [284/365 7m] {"day": "2026-02-16", "status": "ok", "parity": true, "ts_ok": true, "lab_ok": true, "n": 26178, "dup": 1.0, "fill_f": 0.8564, "fill_s": 0.7385, "netl_f": -2.282, "netl_s": -3.575, "sec": 8.4}
  [285/365 7m] {"day": "2026-02-17", "status": "ok", "parity": true, "ts_ok": true, "lab_ok": true, "n": 25551, "dup": 1.0, "fill_f": 0.8367, "fill_s": 0.6851, "netl_f": -2.322, "netl_s": -3.536, "sec": 7.8}
  [286/365 7m] {"day": "2026-02-18", "status": "ok", "parity": true, "ts_ok": true, "lab_ok": true, "n": 25966, "dup": 1.0, "fill_f": 0.8193, "fill_s": 0.6677, "netl_f": -2.668, "netl_s": -3.812, "sec": 7.4}
  [287/365 7m] {"day": "2026-02-19", "status": "ok", "parity": true, "ts_ok": true, "lab_ok": true, "n": 25716, "dup": 1.0, "fill_f": 0.8167, "fill_s": 0.6606, "netl_f": -2.479, "netl_s": -3.796, "sec": 7.9}
  [288/365 7m] {"day": "2026-02-20", "status": "ok", "parity": true, "ts_ok": true, "lab_ok": true, "n": 25301, "dup": 1.0, "fill_f": 0.8095, "fill_s": 0.6644, "netl_f": -1.793, "netl_s": -2.944, "sec": 7.4}
  [289/365 7m] {"day": "2026-02-21", "status": "ok", "parity": true, "ts_ok": true, "lab_ok": true, "n": 27134, "dup": 1.0, "fill_f": 0.7494, "fill_s": 0.5698, "netl_f": -1.77, "netl_s": -2.636, "sec": 7.9}
  [290/365 7m] {"day": "2026-02-22", "status": "ok", "parity": true, "ts_ok": true, "lab_ok": true, "n": 27256, "dup": 1.0, "fill_f": 0.7149, "fill_s": 0.5213, "netl_f": -2.214, "netl_s": -3.04, "sec": 8.1}
  [291/365 7m] {"day": "2026-02-23", "status": "ok", "parity": true, "ts_ok": true, "lab_ok": true, "n": 25239, "dup": 1.0, "fill_f": 0.8341, "fill_s": 0.7312, "netl_f": -3.008, "netl_s": -4.249, "sec": 7.5}
  [292/365 7m] {"day": "2026-02-24", "status": "ok", "parity": true, "ts_ok": true, "lab_ok": true, "n": 25102, "dup": 1.0, "fill_f": 0.8377, "fill_s": 0.666, "netl_f": -2.581, "netl_s": -4.16, "sec": 8.0}
  [293/365 7m] {"day": "2026-02-25", "status": "ok", "parity": true, "ts_ok": true, "lab_ok": true, "n": 24304, "dup": 1.0, "fill_f": 0.8379, "fill_s": 0.7124, "netl_f": -1.202, "netl_s": -2.318, "sec": 8.0}
  [294/365 7m] {"day": "2026-02-26", "status": "ok", "parity": true, "ts_ok": true, "lab_ok": true, "n": 25171, "dup": 1.0, "fill_f": 0.8424, "fill_s": 0.7187, "netl_f": -2.336, "netl_s": -3.584, "sec": 8.6}
  [295/365 7m] {"day": "2026-02-27", "status": "ok", "parity": true, "ts_ok": true, "lab_ok": true, "n": 25594, "dup": 1.0, "fill_f": 0.8282, "fill_s": 0.6823, "netl_f": -2.69, "netl_s": -3.823, "sec": 7.0}
  [296/365 7m] {"day": "2026-02-28", "status": "ok", "parity": true, "ts_ok": true, "lab_ok": true, "n": 25893, "dup": 1.0, "fill_f": 0.8194, "fill_s": 0.7071, "netl_f": -2.063, "netl_s": -3.232, "sec": 9.2}
  [297/365 7m] {"day": "2026-03-01", "status": "ok", "parity": true, "ts_ok": true, "lab_ok": true, "n": 25143, "dup": 1.0, "fill_f": 0.8504, "fill_s": 0.7416, "netl_f": -2.926, "netl_s": -4.131, "sec": 7.9}
  [298/365 7m] {"day": "2026-03-02", "status": "ok", "parity": true, "ts_ok": true, "lab_ok": true, "n": 24548, "dup": 1.0, "fill_f": 0.8389, "fill_s": 0.6782, "netl_f": -1.538, "netl_s": -2.815, "sec": 7.0}
  [299/365 7m] {"day": "2026-03-03", "status": "ok", "parity": true, "ts_ok": true, "lab_ok": true, "n": 24445, "dup": 1.0, "fill_f": 0.8452, "fill_s": 0.6947, "netl_f": -2.493, "netl_s": -3.967, "sec": 7.7}
  [300/365 7m] {"day": "2026-03-04", "status": "ok", "parity": true, "ts_ok": true, "lab_ok": true, "n": 24073, "dup": 1.0, "fill_f": 0.8431, "fill_s": 0.7264, "netl_f": -1.072, "netl_s": -2.201, "sec": 7.5}
  [301/365 7m] {"day": "2026-03-05", "status": "ok", "parity": true, "ts_ok": true, "lab_ok": true, "n": 24735, "dup": 1.0, "fill_f": 0.8265, "fill_s": 0.6699, "netl_f": -2.387, "netl_s": -3.859, "sec": 6.6}
  [302/365 7m] {"day": "2026-03-06", "status": "ok", "parity": true, "ts_ok": true, "lab_ok": true, "n": 25332, "dup": 1.0, "fill_f": 0.7929, "fill_s": 0.6197, "netl_f": -2.276, "netl_s": -3.518, "sec": 8.0}
  [303/365 7m] {"day": "2026-03-07", "status": "ok", "parity": true, "ts_ok": true, "lab_ok": true, "n": 26792, "dup": 1.0, "fill_f": 0.6639, "fill_s": 0.4632, "netl_f": -1.766, "netl_s": -2.468, "sec": 8.7}
  [304/365 7m] {"day": "2026-03-08", "status": "ok", "parity": true, "ts_ok": true, "lab_ok": true, "n": 26366, "dup": 1.0, "fill_f": 0.7367, "fill_s": 0.5585, "netl_f": -2.389, "netl_s": -3.457, "sec": 9.8}
  [305/365 7m] {"day": "2026-03-09", "status": "ok", "parity": true, "ts_ok": true, "lab_ok": true, "n": 24740, "dup": 1.0, "fill_f": 0.8152, "fill_s": 0.6268, "netl_f": -1.855, "netl_s": -3.347, "sec": 7.3}
  [306/365 7m] {"day": "2026-03-10", "status": "ok", "parity": true, "ts_ok": true, "lab_ok": true, "n": 24571, "dup": 1.0, "fill_f": 0.8205, "fill_s": 0.6508, "netl_f": -1.619, "netl_s": -3.083, "sec": 6.8}
  [307/365 7m] {"day": "2026-03-11", "status": "ok", "parity": true, "ts_ok": true, "lab_ok": true, "n": 25180, "dup": 1.0, "fill_f": 0.7861, "fill_s": 0.5605, "netl_f": -1.963, "netl_s": -3.367, "sec": 7.5}
  [308/365 7m] {"day": "2026-03-12", "status": "ok", "parity": true, "ts_ok": true, "lab_ok": true, "n": 25172, "dup": 1.0, "fill_f": 0.7709, "fill_s": 0.5346, "netl_f": -1.913, "netl_s": -3.137, "sec": 7.9}
  [309/365 7m] {"day": "2026-03-13", "status": "ok", "parity": true, "ts_ok": true, "lab_ok": true, "n": 25387, "dup": 1.0, "fill_f": 0.8101, "fill_s": 0.656, "netl_f": -1.67, "netl_s": -2.985, "sec": 7.7}
  [310/365 7m] {"day": "2026-03-14", "status": "ok", "parity": true, "ts_ok": true, "lab_ok": true, "n": 26973, "dup": 1.0, "fill_f": 0.6148, "fill_s": 0.3728, "netl_f": -1.192, "netl_s": -1.843, "sec": 7.9}
  [311/365 7m] {"day": "2026-03-15", "status": "ok", "parity": true, "ts_ok": true, "lab_ok": true, "n": 26715, "dup": 1.0, "fill_f": 0.7405, "fill_s": 0.5071, "netl_f": -1.376, "netl_s": -2.494, "sec": 7.2}
  [312/365 7m] {"day": "2026-03-16", "status": "ok", "parity": true, "ts_ok": true, "lab_ok": true, "n": 25220, "dup": 1.0, "fill_f": 0.8301, "fill_s": 0.6878, "netl_f": -1.284, "netl_s": -2.665, "sec": 7.7}
  [313/365 7m] {"day": "2026-03-17", "status": "ok", "parity": true, "ts_ok": true, "lab_ok": true, "n": 26531, "dup": 1.0, "fill_f": 0.8459, "fill_s": 0.7516, "netl_f": -2.507, "netl_s": -3.493, "sec": 7.7}
  [314/365 7m] {"day": "2026-03-18", "status": "ok", "parity": true, "ts_ok": true, "lab_ok": true, "n": 25777, "dup": 1.0, "fill_f": 0.7976, "fill_s": 0.655, "netl_f": -2.873, "netl_s": -3.941, "sec": 7.5}
  [315/365 7m] {"day": "2026-03-19", "status": "ok", "parity": true, "ts_ok": true, "lab_ok": true, "n": 25906, "dup": 1.0, "fill_f": 0.8023, "fill_s": 0.6544, "netl_f": -2.187, "netl_s": -3.366, "sec": 7.6}
  [316/365 7m] {"day": "2026-03-20", "status": "ok", "parity": true, "ts_ok": true, "lab_ok": true, "n": 26587, "dup": 1.0, "fill_f": 0.7879, "fill_s": 0.6126, "netl_f": -2.178, "netl_s": -3.241, "sec": 6.8}
  [317/365 7m] {"day": "2026-03-21", "status": "ok", "parity": true, "ts_ok": true, "lab_ok": true, "n": 27792, "dup": 1.0, "fill_f": 0.6125, "fill_s": 0.4414, "netl_f": -1.871, "netl_s": -2.273, "sec": 8.0}
  [318/365 7m] {"day": "2026-03-22", "status": "ok", "parity": true, "ts_ok": true, "lab_ok": true, "n": 26985, "dup": 1.0, "fill_f": 0.7443, "fill_s": 0.5722, "netl_f": -2.366, "netl_s": -3.221, "sec": 10.1}
  [319/365 7m] {"day": "2026-03-23", "status": "ok", "parity": true, "ts_ok": true, "lab_ok": true, "n": 26202, "dup": 1.0, "fill_f": 0.8308, "fill_s": 0.669, "netl_f": -1.728, "netl_s": -3.006, "sec": 8.5}
  [320/365 8m] {"day": "2026-03-24", "status": "ok", "parity": true, "ts_ok": true, "lab_ok": true, "n": 26372, "dup": 1.0, "fill_f": 0.8002, "fill_s": 0.6073, "netl_f": -2.145, "netl_s": -3.375, "sec": 7.8}
  [321/365 8m] {"day": "2026-03-25", "status": "ok", "parity": true, "ts_ok": true, "lab_ok": true, "n": 26764, "dup": 1.0, "fill_f": 0.7622, "fill_s": 0.5669, "netl_f": -1.985, "netl_s": -3.028, "sec": 8.0}
  [322/365 8m] {"day": "2026-03-26", "status": "ok", "parity": true, "ts_ok": true, "lab_ok": true, "n": 26417, "dup": 1.0, "fill_f": 0.758, "fill_s": 0.5612, "netl_f": -2.633, "netl_s": -3.95, "sec": 6.8}
  [323/365 8m] {"day": "2026-03-27", "status": "ok", "parity": true, "ts_ok": true, "lab_ok": true, "n": 26169, "dup": 1.0, "fill_f": 0.7579, "fill_s": 0.5839, "netl_f": -2.476, "netl_s": -3.694, "sec": 8.3}
  [324/365 8m] {"day": "2026-03-28", "status": "ok", "parity": true, "ts_ok": true, "lab_ok": true, "n": 26891, "dup": 1.0, "fill_f": 0.6369, "fill_s": 0.4641, "netl_f": -1.8, "netl_s": -2.385, "sec": 6.8}
  [325/365 8m] {"day": "2026-03-29", "status": "ok", "parity": true, "ts_ok": true, "lab_ok": true, "n": 26912, "dup": 1.0, "fill_f": 0.662, "fill_s": 0.5125, "netl_f": -2.021, "netl_s": -2.662, "sec": 8.2}
  [326/365 8m] {"day": "2026-03-30", "status": "ok", "parity": true, "ts_ok": true, "lab_ok": true, "n": 25922, "dup": 1.0, "fill_f": 0.7692, "fill_s": 0.6277, "netl_f": -2.042, "netl_s": -2.904, "sec": 8.4}
  [327/365 8m] {"day": "2026-03-31", "status": "ok", "parity": true, "ts_ok": true, "lab_ok": true, "n": 25350, "dup": 1.0, "fill_f": 0.7743, "fill_s": 0.6198, "netl_f": -2.15, "netl_s": -3.398, "sec": 7.2}
  [328/365 8m] {"day": "2026-04-01", "status": "ok", "parity": true, "ts_ok": true, "lab_ok": true, "n": 25427, "dup": 1.0, "fill_f": 0.7665, "fill_s": 0.5657, "netl_f": -1.841, "netl_s": -2.828, "sec": 6.4}
  [329/365 8m] {"day": "2026-04-02", "status": "ok", "parity": true, "ts_ok": true, "lab_ok": true, "n": 25754, "dup": 1.0, "fill_f": 0.7823, "fill_s": 0.6194, "netl_f": -2.263, "netl_s": -3.364, "sec": 9.3}
  [330/365 8m] {"day": "2026-04-03", "status": "ok", "parity": true, "ts_ok": true, "lab_ok": true, "n": 27382, "dup": 1.0, "fill_f": 0.7052, "fill_s": 0.541, "netl_f": -2.012, "netl_s": -2.574, "sec": 7.8}
  [331/365 8m] {"day": "2026-04-04", "status": "ok", "parity": true, "ts_ok": true, "lab_ok": true, "n": 27935, "dup": 1.0, "fill_f": 0.5496, "fill_s": 0.3721, "netl_f": -1.559, "netl_s": -1.864, "sec": 6.8}
  [332/365 8m] {"day": "2026-04-05", "status": "ok", "parity": true, "ts_ok": true, "lab_ok": true, "n": 27797, "dup": 1.0, "fill_f": 0.6457, "fill_s": 0.4756, "netl_f": -1.752, "netl_s": -2.501, "sec": 7.9}
  [333/365 8m] {"day": "2026-04-06", "status": "ok", "parity": true, "ts_ok": true, "lab_ok": true, "n": 27063, "dup": 1.0, "fill_f": 0.7582, "fill_s": 0.6021, "netl_f": -2.002, "netl_s": -2.961, "sec": 8.5}
  [334/365 8m] {"day": "2026-04-07", "status": "ok", "parity": true, "ts_ok": true, "lab_ok": true, "n": 26822, "dup": 1.0, "fill_f": 0.7566, "fill_s": 0.5602, "netl_f": -0.858, "netl_s": -1.675, "sec": 8.7}
  [335/365 8m] {"day": "2026-04-08", "status": "ok", "parity": true, "ts_ok": true, "lab_ok": true, "n": 27122, "dup": 1.0, "fill_f": 0.767, "fill_s": 0.5999, "netl_f": -2.593, "netl_s": -3.549, "sec": 8.4}
  [336/365 8m] {"day": "2026-04-09", "status": "ok", "parity": true, "ts_ok": true, "lab_ok": true, "n": 28086, "dup": 1.0, "fill_f": 0.7397, "fill_s": 0.5717, "netl_f": -2.037, "netl_s": -2.977, "sec": 8.8}
  [337/365 8m] {"day": "2026-04-10", "status": "ok", "parity": true, "ts_ok": true, "lab_ok": true, "n": 28206, "dup": 1.0, "fill_f": 0.7205, "fill_s": 0.5081, "netl_f": -1.264, "netl_s": -2.12, "sec": 7.4}
  [338/365 8m] {"day": "2026-04-11", "status": "ok", "parity": true, "ts_ok": true, "lab_ok": true, "n": 28502, "dup": 1.0, "fill_f": 0.6427, "fill_s": 0.4623, "netl_f": -1.468, "netl_s": -2.149, "sec": 8.3}
  [339/365 8m] {"day": "2026-04-12", "status": "ok", "parity": true, "ts_ok": true, "lab_ok": true, "n": 28236, "dup": 1.0, "fill_f": 0.6346, "fill_s": 0.4659, "netl_f": -1.967, "netl_s": -2.775, "sec": 8.3}
  [340/365 8m] {"day": "2026-04-13", "status": "ok", "parity": true, "ts_ok": true, "lab_ok": true, "n": 27901, "dup": 1.0, "fill_f": 0.7363, "fill_s": 0.5033, "netl_f": -1.045, "netl_s": -1.936, "sec": 7.7}
  [341/365 8m] {"day": "2026-04-14", "status": "ok", "parity": true, "ts_ok": true, "lab_ok": true, "n": 27318, "dup": 1.0, "fill_f": 0.7221, "fill_s": 0.5169, "netl_f": -2.101, "netl_s": -2.992, "sec": 7.6}
  [342/365 8m] {"day": "2026-04-15", "status": "ok", "parity": true, "ts_ok": true, "lab_ok": true, "n": 27703, "dup": 1.0, "fill_f": 0.7286, "fill_s": 0.5308, "netl_f": -1.455, "netl_s": -2.493, "sec": 8.6}
  [343/365 8m] {"day": "2026-04-16", "status": "ok", "parity": true, "ts_ok": true, "lab_ok": true, "n": 26576, "dup": 1.0, "fill_f": 0.7987, "fill_s": 0.6559, "netl_f": -1.565, "netl_s": -2.891, "sec": 8.1}
  [344/365 8m] {"day": "2026-04-17", "status": "ok", "parity": true, "ts_ok": true, "lab_ok": true, "n": 27738, "dup": 1.0, "fill_f": 0.8025, "fill_s": 0.6809, "netl_f": -1.967, "netl_s": -2.818, "sec": 8.5}
  [345/365 8m] {"day": "2026-04-18", "status": "ok", "parity": true, "ts_ok": true, "lab_ok": true, "n": 28322, "dup": 1.0, "fill_f": 0.7576, "fill_s": 0.621, "netl_f": -2.375, "netl_s": -3.168, "sec": 7.9}
  [346/365 8m] {"day": "2026-04-19", "status": "ok", "parity": true, "ts_ok": true, "lab_ok": true, "n": 28127, "dup": 1.0, "fill_f": 0.7882, "fill_s": 0.6691, "netl_f": -2.436, "netl_s": -3.104, "sec": 8.0}
  [347/365 8m] {"day": "2026-04-20", "status": "ok", "parity": true, "ts_ok": true, "lab_ok": true, "n": 28082, "dup": 1.0, "fill_f": 0.7644, "fill_s": 0.6293, "netl_f": -1.51, "netl_s": -2.284, "sec": 7.8}
  [348/365 8m] {"day": "2026-04-21", "status": "ok", "parity": true, "ts_ok": true, "lab_ok": true, "n": 28276, "dup": 1.0, "fill_f": 0.754, "fill_s": 0.61, "netl_f": -1.918, "netl_s": -2.835, "sec": 8.9}
  [349/365 8m] {"day": "2026-04-22", "status": "ok", "parity": true, "ts_ok": true, "lab_ok": true, "n": 27931, "dup": 1.0, "fill_f": 0.7469, "fill_s": 0.5932, "netl_f": -1.632, "netl_s": -2.26, "sec": 7.5}
  [350/365 8m] {"day": "2026-04-23", "status": "ok", "parity": true, "ts_ok": true, "lab_ok": true, "n": 27236, "dup": 1.0, "fill_f": 0.8211, "fill_s": 0.4588, "netl_f": 0.984, "netl_s": -0.05, "sec": 8.2}
  [351/365 8m] {"day": "2026-04-24", "status": "ok", "parity": true, "ts_ok": true, "lab_ok": true, "n": 26336, "dup": 1.0, "fill_f": 0.7994, "fill_s": 0.4163, "netl_f": 0.775, "netl_s": -0.362, "sec": 7.8}
  [352/365 8m] {"day": "2026-04-25", "status": "ok", "parity": true, "ts_ok": true, "lab_ok": true, "n": 26855, "dup": 1.0, "fill_f": 0.6248, "fill_s": 0.1762, "netl_f": 0.743, "netl_s": -0.203, "sec": 7.3}
  [353/365 8m] {"day": "2026-04-26", "status": "ok", "parity": true, "ts_ok": true, "lab_ok": true, "n": 28379, "dup": 1.0, "fill_f": 0.6519, "fill_s": 0.2097, "netl_f": 0.519, "netl_s": -0.225, "sec": 7.8}
  [354/365 8m] {"day": "2026-04-27", "status": "ok", "parity": true, "ts_ok": true, "lab_ok": true, "n": 27743, "dup": 1.0, "fill_f": 0.7732, "fill_s": 0.3809, "netl_f": 0.194, "netl_s": -1.4, "sec": 8.3}
  [355/365 8m] {"day": "2026-04-28", "status": "ok", "parity": true, "ts_ok": true, "lab_ok": true, "n": 27766, "dup": 1.0, "fill_f": 0.7331, "fill_s": 0.3042, "netl_f": 0.311, "netl_s": -0.669, "sec": 7.0}
  [356/365 8m] {"day": "2026-04-29", "status": "ok", "parity": true, "ts_ok": true, "lab_ok": true, "n": 27427, "dup": 1.0, "fill_f": 0.7657, "fill_s": 0.3824, "netl_f": 0.173, "netl_s": -1.134, "sec": 8.2}
  [357/365 8m] {"day": "2026-04-30", "status": "ok", "parity": true, "ts_ok": true, "lab_ok": true, "n": 27939, "dup": 1.0, "fill_f": 0.7338, "fill_s": 0.3046, "netl_f": 0.543, "netl_s": -0.433, "sec": 7.7}
  [358/365 8m] {"day": "2026-05-01", "status": "ok", "parity": true, "ts_ok": true, "lab_ok": true, "n": 27960, "dup": 1.0, "fill_f": 0.7358, "fill_s": 0.2967, "netl_f": 0.777, "netl_s": 0.036, "sec": 7.9}
  [359/365 8m] {"day": "2026-05-02", "status": "ok", "parity": true, "ts_ok": true, "lab_ok": true, "n": 28385, "dup": 1.0, "fill_f": 0.583, "fill_s": 0.1578, "netl_f": 0.633, "netl_s": 0.186, "sec": 8.0}
  [360/365 8m] {"day": "2026-05-03", "status": "ok", "parity": true, "ts_ok": true, "lab_ok": true, "n": 28445, "dup": 1.0, "fill_f": 0.6205, "fill_s": 0.1789, "netl_f": 0.081, "netl_s": -0.936, "sec": 8.3}
  [361/365 8m] {"day": "2026-05-04", "status": "ok", "parity": true, "ts_ok": true, "lab_ok": true, "n": 27254, "dup": 1.0, "fill_f": 0.7919, "fill_s": 0.4005, "netl_f": 0.556, "netl_s": -0.78, "sec": 7.4}
  [362/365 8m] {"day": "2026-05-05", "status": "ok", "parity": true, "ts_ok": true, "lab_ok": true, "n": 28200, "dup": 1.0, "fill_f": 0.7721, "fill_s": 0.3539, "netl_f": 1.009, "netl_s": 0.085, "sec": 7.8}
  [363/365 8m] {"day": "2026-05-06", "status": "ok", "parity": true, "ts_ok": true, "lab_ok": true, "n": 26298, "dup": 3.0, "fill_f": 0.7414, "fill_s": 0.3947, "netl_f": -1.259, "netl_s": -2.821, "sec": 7.6}
  [364/365 8m] {"day": "2026-05-07", "status": "ok", "parity": true, "ts_ok": true, "lab_ok": true, "n": 26142, "dup": 3.0, "fill_f": 0.7336, "fill_s": 0.4824, "netl_f": -2.034, "netl_s": -3.022, "sec": 8.2}
  [365/365 8m] {"day": "2026-05-08", "status": "ok", "parity": true, "ts_ok": true, "lab_ok": true, "n": 26627, "dup": 3.0, "fill_f": 0.6798, "fill_s": 0.4597, "netl_f": -1.27, "netl_s": -2.054, "sec": 6.5}
[DONE] ok=365/365 parity-fail=0 []
[SUMMARY] fill frozen=0.7998 strict=0.6575 | netl150(filled) frozen=-2.053bp strict=-3.006bp
=== combine XRP 2026-07-30T20:00:05Z ===
[combine] parent dailies: 365
  0/365 2025-05-09
  40/365 2025-06-18
  80/365 2025-07-28
  120/365 2025-09-06
  160/365 2025-10-16
  200/365 2025-11-25
  240/365 2026-01-04
  280/365 2026-02-13
  320/365 2026-03-25
  360/365 2026-05-04
[saved] gs://market-data-0998ac51/research_runs/maker_labels_tb3s_h150strict/XRP.npz N=8940292 days=365 (231MB)
=== BTC src=research_runs/maker_labels_tb3s_h150d H=5100 nwork=4 2026-07-30T20:01:52Z ===
[strictfill BTC] src=research_runs/maker_labels_tb3s_h150d out=research_runs/maker_labels_tb3s_h150dstrict H=5100 days=370 todo=369 workers=4
  [1/369 2m] {"day": "2025-05-09", "status": "ok", "parity": true, "ts_ok": true, "lab_ok": true, "n": 28608, "dup": 1.0, "fill_f": 0.7961, "fill_s": 0.6329, "netl_f": -1.749, "netl_s": -2.401, "sec": 105.5}
  [2/369 2m] {"day": "2025-05-10", "status": "ok", "parity": true, "ts_ok": true, "lab_ok": true, "n": 28530, "dup": 1.0, "fill_f": 0.6937, "fill_s": 0.4979, "netl_f": -1.363, "netl_s": -1.784, "sec": 92.1}
  [3/369 2m] {"day": "2025-05-11", "status": "ok", "parity": true, "ts_ok": true, "lab_ok": true, "n": 28586, "dup": 1.0, "fill_f": 0.7672, "fill_s": 0.6067, "netl_f": -2.307, "netl_s": -2.933, "sec": 105.1}
  [4/369 2m] {"day": "2025-05-12", "status": "ok", "parity": true, "ts_ok": true, "lab_ok": true, "n": 28471, "dup": 1.0, "fill_f": 0.816, "fill_s": 0.6474, "netl_f": -2.095, "netl_s": -2.969, "sec": 101.1}
  [5/369 2m] {"day": "2025-05-13", "status": "ok", "parity": true, "ts_ok": true, "lab_ok": true, "n": 28497, "dup": 1.0, "fill_f": 0.7916, "fill_s": 0.6333, "netl_f": -1.673, "netl_s": -2.336, "sec": 22.3}
  [6/369 2m] {"day": "2025-05-14", "status": "ok", "parity": true, "ts_ok": true, "lab_ok": true, "n": 28489, "dup": 1.0, "fill_f": 0.7511, "fill_s": 0.545, "netl_f": -1.843, "netl_s": -2.481, "sec": 38.2}
  [7/369 3m] {"day": "2025-05-15", "status": "ok", "parity": true, "ts_ok": true, "lab_ok": true, "n": 28611, "dup": 1.0, "fill_f": 0.8007, "fill_s": 0.638, "netl_f": -2.109, "netl_s": -2.666, "sec": 67.1}
  [8/369 3m] {"day": "2025-05-16", "status": "ok", "parity": true, "ts_ok": true, "lab_ok": true, "n": 28367, "dup": 1.0, "fill_f": 0.7633, "fill_s": 0.5715, "netl_f": -1.718, "netl_s": -2.316, "sec": 61.0}
  [9/369 3m] {"day": "2025-05-17", "status": "ok", "parity": true, "ts_ok": true, "lab_ok": true, "n": 28611, "dup": 1.0, "fill_f": 0.7302, "fill_s": 0.5121, "netl_f": -1.54, "netl_s": -2.122, "sec": 65.1}
  [10/369 3m] {"day": "2025-05-18", "status": "ok", "parity": true, "ts_ok": true, "lab_ok": true, "n": 28534, "dup": 1.0, "fill_f": 0.6904, "fill_s": 0.555, "netl_f": -1.066, "netl_s": -1.558, "sec": 50.4}
  [11/369 4m] {"day": "2025-05-19", "status": "ok", "parity": true, "ts_ok": true, "lab_ok": true, "n": 28511, "dup": 1.0, "fill_f": 0.8308, "fill_s": 0.6874, "netl_f": -2.05, "netl_s": -2.82, "sec": 59.7}
  [12/369 4m] {"day": "2025-05-20", "status": "ok", "parity": true, "ts_ok": true, "lab_ok": true, "n": 28518, "dup": 1.0, "fill_f": 0.8075, "fill_s": 0.6795, "netl_f": -1.933, "netl_s": -2.689, "sec": 65.9}
  [13/369 4m] {"day": "2025-05-21", "status": "ok", "parity": true, "ts_ok": true, "lab_ok": true, "n": 28435, "dup": 1.0, "fill_f": 0.8331, "fill_s": 0.7114, "netl_f": -1.587, "netl_s": -2.352, "sec": 71.0}
  [14/369 4m] {"day": "2025-05-22", "status": "ok", "parity": true, "ts_ok": true, "lab_ok": true, "n": 28525, "dup": 1.0, "fill_f": 0.8339, "fill_s": 0.7146, "netl_f": -1.574, "netl_s": -2.262, "sec": 73.6}
  [15/369 5m] {"day": "2025-05-23", "status": "ok", "parity": true, "ts_ok": true, "lab_ok": true, "n": 28547, "dup": 1.0, "fill_f": 0.818, "fill_s": 0.6933, "netl_f": -2.724, "netl_s": -3.447, "sec": 72.0}
  [16/369 5m] {"day": "2025-05-24", "status": "ok", "parity": true, "ts_ok": true, "lab_ok": true, "n": 28492, "dup": 1.0, "fill_f": 0.7434, "fill_s": 0.6196, "netl_f": -1.737, "netl_s": -2.154, "sec": 70.3}
  [17/369 5m] {"day": "2025-05-25", "status": "ok", "parity": true, "ts_ok": true, "lab_ok": true, "n": 28610, "dup": 1.0, "fill_f": 0.7361, "fill_s": 0.6273, "netl_f": -1.786, "netl_s": -2.224, "sec": 70.6}
  [18/369 6m] {"day": "2025-05-26", "status": "ok", "parity": true, "ts_ok": true, "lab_ok": true, "n": 28507, "dup": 1.0, "fill_f": 0.7689, "fill_s": 0.6213, "netl_f": -2.026, "netl_s": -2.599, "sec": 73.3}
  [19/369 6m] {"day": "2025-05-27", "status": "ok", "parity": true, "ts_ok": true, "lab_ok": true, "n": 28528, "dup": 1.0, "fill_f": 0.8035, "fill_s": 0.6888, "netl_f": -1.981, "netl_s": -2.447, "sec": 67.5}
  [20/369 6m] {"day": "2025-05-28", "status": "ok", "parity": true, "ts_ok": true, "lab_ok": true, "n": 28527, "dup": 1.0, "fill_f": 0.7615, "fill_s": 0.6205, "netl_f": -2.155, "netl_s": -2.724, "sec": 70.2}
  [21/369 6m] {"day": "2025-05-29", "status": "ok", "parity": true, "ts_ok": true, "lab_ok": true, "n": 28539, "dup": 1.0, "fill_f": 0.7907, "fill_s": 0.6975, "netl_f": -2.294, "netl_s": -2.757, "sec": 66.9}
  [22/369 7m] {"day": "2025-05-30", "status": "ok", "parity": true, "ts_ok": true, "lab_ok": true, "n": 28555, "dup": 1.0, "fill_f": 0.8134, "fill_s": 0.7043, "netl_f": -2.22, "netl_s": -2.831, "sec": 72.2}
  [23/369 7m] {"day": "2025-05-31", "status": "ok", "parity": true, "ts_ok": true, "lab_ok": true, "n": 28505, "dup": 1.0, "fill_f": 0.6984, "fill_s": 0.577, "netl_f": -1.758, "netl_s": -2.147, "sec": 75.2}
  [24/369 8m] {"day": "2025-06-01", "status": "ok", "parity": true, "ts_ok": true, "lab_ok": true, "n": 28607, "dup": 1.0, "fill_f": 0.6914, "fill_s": 0.5739, "netl_f": -1.725, "netl_s": -1.986, "sec": 75.1}
  [25/369 8m] {"day": "2025-06-02", "status": "ok", "parity": true, "ts_ok": true, "lab_ok": true, "n": 28615, "dup": 1.0, "fill_f": 0.7881, "fill_s": 0.6606, "netl_f": -1.842, "netl_s": -2.362, "sec": 77.2}
  [26/369 8m] {"day": "2025-06-03", "status": "ok", "parity": true, "ts_ok": true, "lab_ok": true, "n": 28493, "dup": 1.0, "fill_f": 0.7405, "fill_s": 0.6043, "netl_f": -1.816, "netl_s": -2.275, "sec": 74.5}
  [27/369 8m] {"day": "2025-06-04", "status": "ok", "parity": true, "ts_ok": true, "lab_ok": true, "n": 28606, "dup": 1.0, "fill_f": 0.7351, "fill_s": 0.5739, "netl_f": -1.844, "netl_s": -2.213, "sec": 67.7}
  [28/369 9m] {"day": "2025-06-05", "status": "ok", "parity": true, "ts_ok": true, "lab_ok": true, "n": 28551, "dup": 1.0, "fill_f": 0.7723, "fill_s": 0.6534, "netl_f": -2.357, "netl_s": -2.912, "sec": 77.4}
  [29/369 9m] {"day": "2025-06-06", "status": "ok", "parity": true, "ts_ok": true, "lab_ok": true, "n": 28612, "dup": 1.0, "fill_f": 0.7527, "fill_s": 0.6551, "netl_f": -1.294, "netl_s": -1.578, "sec": 75.0}
  [30/369 9m] {"day": "2025-06-07", "status": "ok", "parity": true, "ts_ok": true, "lab_ok": true, "n": 28386, "dup": 1.0, "fill_f": 0.639, "fill_s": 0.5316, "netl_f": -1.44, "netl_s": -1.625, "sec": 71.3}
  [31/369 10m] {"day": "2025-06-08", "status": "ok", "parity": true, "ts_ok": true, "lab_ok": true, "n": 28613, "dup": 1.0, "fill_f": 0.6194, "fill_s": 0.497, "netl_f": -1.576, "netl_s": -1.768, "sec": 76.5}
  [32/369 10m] {"day": "2025-06-09", "status": "ok", "parity": true, "ts_ok": true, "lab_ok": true, "n": 28618, "dup": 1.0, "fill_f": 0.7547, "fill_s": 0.6309, "netl_f": -0.961, "netl_s": -1.302, "sec": 72.2}
  [33/369 10m] {"day": "2025-06-10", "status": "ok", "parity": true, "ts_ok": true, "lab_ok": true, "n": 28595, "dup": 1.0, "fill_f": 0.777, "fill_s": 0.6094, "netl_f": -1.912, "netl_s": -2.602, "sec": 80.7}
  [34/369 11m] {"day": "2025-06-11", "status": "ok", "parity": true, "ts_ok": true, "lab_ok": true, "n": 28352, "dup": 1.0, "fill_f": 0.7706, "fill_s": 0.5819, "netl_f": -2.135, "netl_s": -2.829, "sec": 76.2}
  [35/369 11m] {"day": "2025-06-12", "status": "ok", "parity": true, "ts_ok": true, "lab_ok": true, "n": 28567, "dup": 1.0, "fill_f": 0.7995, "fill_s": 0.643, "netl_f": -2.538, "netl_s": -3.23, "sec": 68.1}
  [36/369 11m] {"day": "2025-06-13", "status": "ok", "parity": true, "ts_ok": true, "lab_ok": true, "n": 28544, "dup": 1.0, "fill_f": 0.829, "fill_s": 0.6936, "netl_f": -1.837, "netl_s": -2.602, "sec": 76.2}
  [37/369 12m] {"day": "2025-06-14", "status": "ok", "parity": true, "ts_ok": true, "lab_ok": true, "n": 28413, "dup": 1.0, "fill_f": 0.7073, "fill_s": 0.5358, "netl_f": -1.942, "netl_s": -2.298, "sec": 71.1}
  [38/369 12m] {"day": "2025-06-15", "status": "ok", "parity": true, "ts_ok": true, "lab_ok": true, "n": 28611, "dup": 1.0, "fill_f": 0.6829, "fill_s": 0.5121, "netl_f": -1.843, "netl_s": -2.175, "sec": 70.3}
  [39/369 12m] {"day": "2025-06-16", "status": "ok", "parity": true, "ts_ok": true, "lab_ok": true, "n": 28534, "dup": 1.0, "fill_f": 0.7675, "fill_s": 0.624, "netl_f": -1.57, "netl_s": -2.05, "sec": 63.1}
  [40/369 13m] {"day": "2025-06-17", "status": "ok", "parity": true, "ts_ok": true, "lab_ok": true, "n": 28615, "dup": 1.0, "fill_f": 0.8201, "fill_s": 0.6737, "netl_f": -2.379, "netl_s": -2.96, "sec": 74.0}
  [41/369 13m] {"day": "2025-06-18", "status": "ok", "parity": true, "ts_ok": true, "lab_ok": true, "n": 28460, "dup": 1.0, "fill_f": 0.7943, "fill_s": 0.6632, "netl_f": -2.038, "netl_s": -2.559, "sec": 69.6}
  [42/369 13m] {"day": "2025-06-19", "status": "ok", "parity": true, "ts_ok": true, "lab_ok": true, "n": 28469, "dup": 1.0, "fill_f": 0.7235, "fill_s": 0.5604, "netl_f": -2.157, "netl_s": -2.643, "sec": 68.5}
  [43/369 13m] {"day": "2025-06-20", "status": "ok", "parity": true, "ts_ok": true, "lab_ok": true, "n": 28514, "dup": 1.0, "fill_f": 0.7393, "fill_s": 0.5831, "netl_f": -2.118, "netl_s": -2.724, "sec": 70.2}
  [44/369 14m] {"day": "2025-06-21", "status": "ok", "parity": true, "ts_ok": true, "lab_ok": true, "n": 28554, "dup": 1.0, "fill_f": 0.6547, "fill_s": 0.52, "netl_f": -2.344, "netl_s": -2.649, "sec": 60.6}
  [45/369 14m] {"day": "2025-06-22", "status": "ok", "parity": true, "ts_ok": true, "lab_ok": true, "n": 28538, "dup": 1.0, "fill_f": 0.8446, "fill_s": 0.7263, "netl_f": -2.118, "netl_s": -2.945, "sec": 66.3}
  [46/369 14m] {"day": "2025-06-23", "status": "ok", "parity": true, "ts_ok": true, "lab_ok": true, "n": 28393, "dup": 1.0, "fill_f": 0.8189, "fill_s": 0.7148, "netl_f": -1.037, "netl_s": -1.635, "sec": 74.6}
  [47/369 14m] {"day": "2025-06-24", "status": "ok", "parity": true, "ts_ok": true, "lab_ok": true, "n": 28546, "dup": 1.0, "fill_f": 0.7797, "fill_s": 0.6424, "netl_f": -1.818, "netl_s": -2.369, "sec": 68.2}
  [48/369 15m] {"day": "2025-06-25", "status": "ok", "parity": true, "ts_ok": true, "lab_ok": true, "n": 28611, "dup": 1.0, "fill_f": 0.7669, "fill_s": 0.6087, "netl_f": -1.492, "netl_s": -2.023, "sec": 60.9}
  [49/369 15m] {"day": "2025-06-26", "status": "ok", "parity": true, "ts_ok": true, "lab_ok": true, "n": 28494, "dup": 1.0, "fill_f": 0.7664, "fill_s": 0.603, "netl_f": -1.848, "netl_s": -2.282, "sec": 68.1}
  [50/369 15m] {"day": "2025-06-27", "status": "ok", "parity": true, "ts_ok": true, "lab_ok": true, "n": 28533, "dup": 1.0, "fill_f": 0.7082, "fill_s": 0.5522, "netl_f": -1.824, "netl_s": -2.314, "sec": 65.0}
  [51/369 15m] {"day": "2025-06-28", "status": "ok", "parity": true, "ts_ok": true, "lab_ok": true, "n": 28607, "dup": 1.0, "fill_f": 0.4779, "fill_s": 0.3944, "netl_f": -1.291, "netl_s": -1.357, "sec": 67.3}
  [52/369 16m] {"day": "2025-06-29", "status": "ok", "parity": true, "ts_ok": true, "lab_ok": true, "n": 28609, "dup": 1.0, "fill_f": 0.5432, "fill_s": 0.4612, "netl_f": -1.614, "netl_s": -1.807, "sec": 70.6}
  [53/369 16m] {"day": "2025-06-30", "status": "ok", "parity": true, "ts_ok": true, "lab_ok": true, "n": 28420, "dup": 1.0, "fill_f": 0.6837, "fill_s": 0.537, "netl_f": -2.004, "netl_s": -2.505, "sec": 61.8}
  [54/369 16m] {"day": "2025-07-01", "status": "ok", "parity": true, "ts_ok": true, "lab_ok": true, "n": 28616, "dup": 1.0, "fill_f": 0.7474, "fill_s": 0.5705, "netl_f": -2.156, "netl_s": -2.722, "sec": 78.8}
  [55/369 17m] {"day": "2025-07-02", "status": "ok", "parity": true, "ts_ok": true, "lab_ok": true, "n": 28459, "dup": 1.0, "fill_f": 0.7225, "fill_s": 0.5891, "netl_f": -1.088, "netl_s": -1.335, "sec": 76.4}
  [56/369 17m] {"day": "2025-07-03", "status": "ok", "parity": true, "ts_ok": true, "lab_ok": true, "n": 28549, "dup": 1.0, "fill_f": 0.7125, "fill_s": 0.5475, "netl_f": -1.877, "netl_s": -2.291, "sec": 74.6}
  [57/369 17m] {"day": "2025-07-04", "status": "ok", "parity": true, "ts_ok": true, "lab_ok": true, "n": 28608, "dup": 1.0, "fill_f": 0.6899, "fill_s": 0.5279, "netl_f": -2.027, "netl_s": -2.443, "sec": 76.6}
  [58/369 18m] {"day": "2025-07-05", "status": "ok", "parity": true, "ts_ok": true, "lab_ok": true, "n": 28603, "dup": 1.0, "fill_f": 0.4744, "fill_s": 0.323, "netl_f": -1.672, "netl_s": -1.761, "sec": 66.7}
  [59/369 18m] {"day": "2025-07-06", "status": "ok", "parity": true, "ts_ok": true, "lab_ok": true, "n": 28446, "dup": 1.0, "fill_f": 0.4851, "fill_s": 0.3602, "netl_f": -1.605, "netl_s": -1.859, "sec": 72.6}
  [60/369 18m] {"day": "2025-07-07", "status": "ok", "parity": true, "ts_ok": true, "lab_ok": true, "n": 28417, "dup": 1.0, "fill_f": 0.7172, "fill_s": 0.5066, "netl_f": -1.918, "netl_s": -2.469, "sec": 68.6}
  [61/369 18m] {"day": "2025-07-08", "status": "ok", "parity": true, "ts_ok": true, "lab_ok": true, "n": 28612, "dup": 1.0, "fill_f": 0.6482, "fill_s": 0.4725, "netl_f": -1.741, "netl_s": -2.181, "sec": 69.6}
  [62/369 19m] {"day": "2025-07-09", "status": "ok", "parity": true, "ts_ok": true, "lab_ok": true, "n": 28460, "dup": 1.0, "fill_f": 0.6787, "fill_s": 0.5196, "netl_f": -1.277, "netl_s": -1.643, "sec": 67.8}
  [63/369 19m] {"day": "2025-07-10", "status": "ok", "parity": true, "ts_ok": true, "lab_ok": true, "n": 28503, "dup": 1.0, "fill_f": 0.7052, "fill_s": 0.5408, "netl_f": -1.007, "netl_s": -1.401, "sec": 74.1}
  [64/369 19m] {"day": "2025-07-11", "status": "ok", "parity": true, "ts_ok": true, "lab_ok": true, "n": 28509, "dup": 1.0, "fill_f": 0.7982, "fill_s": 0.647, "netl_f": -1.744, "netl_s": -2.331, "sec": 77.1}
  [65/369 20m] {"day": "2025-07-12", "status": "ok", "parity": true, "ts_ok": true, "lab_ok": true, "n": 28605, "dup": 1.0, "fill_f": 0.6179, "fill_s": 0.4843, "netl_f": -1.906, "netl_s": -2.158, "sec": 70.5}
  [66/369 20m] {"day": "2025-07-13", "status": "ok", "parity": true, "ts_ok": true, "lab_ok": true, "n": 28590, "dup": 1.0, "fill_f": 0.6165, "fill_s": 0.4744, "netl_f": -1.739, "netl_s": -2.176, "sec": 75.6}
  [67/369 20m] {"day": "2025-07-14", "status": "ok", "parity": true, "ts_ok": true, "lab_ok": true, "n": 28376, "dup": 1.0, "fill_f": 0.8086, "fill_s": 0.6767, "netl_f": -1.845, "netl_s": -2.398, "sec": 72.2}
  [68/369 21m] {"day": "2025-07-15", "status": "ok", "parity": true, "ts_ok": true, "lab_ok": true, "n": 28556, "dup": 1.0, "fill_f": 0.8126, "fill_s": 0.7006, "netl_f": -2.512, "netl_s": -3.169, "sec": 73.0}
  [69/369 21m] {"day": "2025-07-16", "status": "ok", "parity": true, "ts_ok": true, "lab_ok": true, "n": 28479, "dup": 1.0, "fill_f": 0.7779, "fill_s": 0.6493, "netl_f": -1.656, "netl_s": -2.24, "sec": 78.0}
  [70/369 21m] {"day": "2025-07-17", "status": "ok", "parity": true, "ts_ok": true, "lab_ok": true, "n": 28501, "dup": 1.0, "fill_f": 0.7941, "fill_s": 0.6443, "netl_f": -2.097, "netl_s": -2.833, "sec": 68.4}
  [71/369 21m] {"day": "2025-07-18", "status": "ok", "parity": true, "ts_ok": true, "lab_ok": true, "n": 28523, "dup": 1.0, "fill_f": 0.7959, "fill_s": 0.6758, "netl_f": -2.251, "netl_s": -2.861, "sec": 71.1}
  [72/369 22m] {"day": "2025-07-19", "status": "ok", "parity": true, "ts_ok": true, "lab_ok": true, "n": 28530, "dup": 1.0, "fill_f": 0.6236, "fill_s": 0.477, "netl_f": -1.862, "netl_s": -2.035, "sec": 77.9}
  [73/369 22m] {"day": "2025-07-20", "status": "ok", "parity": true, "ts_ok": true, "lab_ok": true, "n": 28496, "dup": 1.0, "fill_f": 0.6806, "fill_s": 0.5342, "netl_f": -2.041, "netl_s": -2.51, "sec": 71.3}
  [74/369 22m] {"day": "2025-07-21", "status": "ok", "parity": true, "ts_ok": true, "lab_ok": true, "n": 28557, "dup": 1.0, "fill_f": 0.7844, "fill_s": 0.6522, "netl_f": -2.045, "netl_s": -2.674, "sec": 70.6}
  [75/369 23m] {"day": "2025-07-22", "status": "ok", "parity": true, "ts_ok": true, "lab_ok": true, "n": 28527, "dup": 1.0, "fill_f": 0.8028, "fill_s": 0.6836, "netl_f": -1.586, "netl_s": -2.001, "sec": 73.3}
  [76/369 23m] {"day": "2025-07-23", "status": "ok", "parity": true, "ts_ok": true, "lab_ok": true, "n": 28476, "dup": 1.0, "fill_f": 0.7722, "fill_s": 0.6267, "netl_f": -2.125, "netl_s": -2.676, "sec": 64.3}
  [77/369 23m] {"day": "2025-07-24", "status": "ok", "parity": true, "ts_ok": true, "lab_ok": true, "n": 28569, "dup": 1.0, "fill_f": 0.7563, "fill_s": 0.6064, "netl_f": -2.079, "netl_s": -2.515, "sec": 70.3}
  [78/369 24m] {"day": "2025-07-25", "status": "ok", "parity": true, "ts_ok": true, "lab_ok": true, "n": 28449, "dup": 1.0, "fill_f": 0.804, "fill_s": 0.7019, "netl_f": -1.973, "netl_s": -2.554, "sec": 78.3}
  [79/369 24m] {"day": "2025-07-26", "status": "ok", "parity": true, "ts_ok": true, "lab_ok": true, "n": 28594, "dup": 1.0, "fill_f": 0.5164, "fill_s": 0.4254, "netl_f": -1.755, "netl_s": -1.833, "sec": 66.8}
  [80/369 24m] {"day": "2025-07-27", "status": "ok", "parity": true, "ts_ok": true, "lab_ok": true, "n": 28464, "dup": 1.0, "fill_f": 0.6032, "fill_s": 0.4623, "netl_f": -1.585, "netl_s": -1.843, "sec": 67.4}
  [81/369 25m] {"day": "2025-07-28", "status": "ok", "parity": true, "ts_ok": true, "lab_ok": true, "n": 28465, "dup": 1.0, "fill_f": 0.7507, "fill_s": 0.5519, "netl_f": -2.197, "netl_s": -2.869, "sec": 81.2}
  [82/369 25m] {"day": "2025-07-29", "status": "ok", "parity": true, "ts_ok": true, "lab_ok": true, "n": 28571, "dup": 1.0, "fill_f": 0.7329, "fill_s": 0.544, "netl_f": -2.07, "netl_s": -2.855, "sec": 70.0}
  [83/369 25m] {"day": "2025-07-30", "status": "ok", "parity": true, "ts_ok": true, "lab_ok": true, "n": 28479, "dup": 1.0, "fill_f": 0.7233, "fill_s": 0.5307, "netl_f": -1.883, "netl_s": -2.67, "sec": 76.0}
  [84/369 25m] {"day": "2025-07-31", "status": "ok", "parity": true, "ts_ok": true, "lab_ok": true, "n": 28568, "dup": 1.0, "fill_f": 0.6954, "fill_s": 0.5479, "netl_f": -2.426, "netl_s": -2.854, "sec": 72.0}
  [85/369 26m] {"day": "2025-08-01", "status": "ok", "parity": true, "ts_ok": true, "lab_ok": true, "n": 28517, "dup": 1.0, "fill_f": 0.8279, "fill_s": 0.6767, "netl_f": -2.581, "netl_s": -3.418, "sec": 76.3}
  [86/369 26m] {"day": "2025-08-02", "status": "ok", "parity": true, "ts_ok": true, "lab_ok": true, "n": 28552, "dup": 1.0, "fill_f": 0.7083, "fill_s": 0.556, "netl_f": -1.956, "netl_s": -2.413, "sec": 78.3}
  [87/369 26m] {"day": "2025-08-03", "status": "ok", "parity": true, "ts_ok": true, "lab_ok": true, "n": 28610, "dup": 1.0, "fill_f": 0.6087, "fill_s": 0.4406, "netl_f": -1.342, "netl_s": -1.689, "sec": 71.0}
  [88/369 27m] {"day": "2025-08-04", "status": "ok", "parity": true, "ts_ok": true, "lab_ok": true, "n": 28508, "dup": 1.0, "fill_f": 0.7393, "fill_s": 0.5438, "netl_f": -1.448, "netl_s": -1.856, "sec": 71.8}
  [89/369 27m] {"day": "2025-08-05", "status": "ok", "parity": true, "ts_ok": true, "lab_ok": true, "n": 28397, "dup": 1.0, "fill_f": 0.7434, "fill_s": 0.567, "netl_f": -1.923, "netl_s": -2.33, "sec": 72.3}
  [90/369 27m] {"day": "2025-08-06", "status": "ok", "parity": true, "ts_ok": true, "lab_ok": true, "n": 28602, "dup": 1.0, "fill_f": 0.723, "fill_s": 0.5295, "netl_f": -1.71, "netl_s": -2.128, "sec": 69.8}
  [91/369 27m] {"day": "2025-08-07", "status": "ok", "parity": true, "ts_ok": true, "lab_ok": true, "n": 28493, "dup": 1.0, "fill_f": 0.7065, "fill_s": 0.5257, "netl_f": -1.283, "netl_s": -1.753, "sec": 69.9}
  [92/369 28m] {"day": "2025-08-08", "status": "ok", "parity": true, "ts_ok": true, "lab_ok": true, "n": 28553, "dup": 1.0, "fill_f": 0.7005, "fill_s": 0.5094, "netl_f": -1.868, "netl_s": -2.362, "sec": 70.6}
  [93/369 28m] {"day": "2025-08-09", "status": "ok", "parity": true, "ts_ok": true, "lab_ok": true, "n": 28567, "dup": 1.0, "fill_f": 0.6244, "fill_s": 0.4627, "netl_f": -1.695, "netl_s": -2.048, "sec": 59.6}
  [94/369 28m] {"day": "2025-08-10", "status": "ok", "parity": true, "ts_ok": true, "lab_ok": true, "n": 28523, "dup": 1.0, "fill_f": 0.6756, "fill_s": 0.5188, "netl_f": -1.708, "netl_s": -2.121, "sec": 68.2}
  [95/369 29m] {"day": "2025-08-11", "status": "ok", "parity": true, "ts_ok": true, "lab_ok": true, "n": 28479, "dup": 1.0, "fill_f": 0.8081, "fill_s": 0.6631, "netl_f": -2.122, "netl_s": -2.688, "sec": 64.5}
  [96/369 29m] {"day": "2025-08-12", "status": "ok", "parity": true, "ts_ok": true, "lab_ok": true, "n": 28518, "dup": 1.0, "fill_f": 0.7346, "fill_s": 0.5531, "netl_f": -1.644, "netl_s": -2.34, "sec": 64.2}
  [97/369 29m] {"day": "2025-08-13", "status": "ok", "parity": true, "ts_ok": true, "lab_ok": true, "n": 28574, "dup": 1.0, "fill_f": 0.7653, "fill_s": 0.6031, "netl_f": -1.448, "netl_s": -1.985, "sec": 77.6}
  [98/369 30m] {"day": "2025-08-14", "status": "ok", "parity": true, "ts_ok": true, "lab_ok": true, "n": 28511, "dup": 1.0, "fill_f": 0.8116, "fill_s": 0.6699, "netl_f": -2.922, "netl_s": -3.642, "sec": 71.3}
  [99/369 30m] {"day": "2025-08-15", "status": "ok", "parity": true, "ts_ok": true, "lab_ok": true, "n": 28519, "dup": 1.0, "fill_f": 0.7485, "fill_s": 0.5502, "netl_f": -2.055, "netl_s": -2.669, "sec": 80.2}
  [100/369 30m] {"day": "2025-08-16", "status": "ok", "parity": true, "ts_ok": true, "lab_ok": true, "n": 28536, "dup": 1.0, "fill_f": 0.5445, "fill_s": 0.3478, "netl_f": -1.617, "netl_s": -1.746, "sec": 72.5}
  [101/369 30m] {"day": "2025-08-17", "status": "ok", "parity": true, "ts_ok": true, "lab_ok": true, "n": 28537, "dup": 1.0, "fill_f": 0.5488, "fill_s": 0.3772, "netl_f": -1.606, "netl_s": -1.693, "sec": 63.3}
  [102/369 31m] {"day": "2025-08-18", "status": "ok", "parity": true, "ts_ok": true, "lab_ok": true, "n": 28552, "dup": 1.0, "fill_f": 0.767, "fill_s": 0.6004, "netl_f": -2.247, "netl_s": -2.788, "sec": 64.7}
  [103/369 31m] {"day": "2025-08-19", "status": "ok", "parity": true, "ts_ok": true, "lab_ok": true, "n": 28591, "dup": 1.0, "fill_f": 0.7959, "fill_s": 0.6093, "netl_f": -2.444, "netl_s": -3.096, "sec": 57.0}
  [104/369 31m] {"day": "2025-08-20", "status": "ok", "parity": true, "ts_ok": true, "lab_ok": true, "n": 28500, "dup": 1.0, "fill_f": 0.7633, "fill_s": 0.5836, "netl_f": -1.59, "netl_s": -2.306, "sec": 55.4}
  [105/369 31m] {"day": "2025-08-21", "status": "ok", "parity": true, "ts_ok": true, "lab_ok": true, "n": 28509, "dup": 1.0, "fill_f": 0.7543, "fill_s": 0.5668, "netl_f": -2.522, "netl_s": -3.258, "sec": 41.4}
  [106/369 31m] {"day": "2025-08-22", "status": "ok", "parity": true, "ts_ok": true, "lab_ok": true, "n": 28486, "dup": 1.0, "fill_f": 0.7654, "fill_s": 0.598, "netl_f": -1.175, "netl_s": -1.585, "sec": 50.0}
  [107/369 32m] {"day": "2025-08-23", "status": "ok", "parity": true, "ts_ok": true, "lab_ok": true, "n": 28557, "dup": 1.0, "fill_f": 0.6329, "fill_s": 0.516, "netl_f": -2.174, "netl_s": -2.389, "sec": 51.6}
  [108/369 32m] {"day": "2025-08-24", "status": "ok", "parity": true, "ts_ok": true, "lab_ok": true, "n": 28463, "dup": 1.0, "fill_f": 0.7168, "fill_s": 0.5541, "netl_f": -2.382, "netl_s": -2.962, "sec": 54.2}
  [109/369 32m] {"day": "2025-08-25", "status": "ok", "parity": true, "ts_ok": true, "lab_ok": true, "n": 28527, "dup": 1.0, "fill_f": 0.8282, "fill_s": 0.6612, "netl_f": -2.656, "netl_s": -3.604, "sec": 57.2}
  [110/369 32m] {"day": "2025-08-26", "status": "ok", "parity": true, "ts_ok": true, "lab_ok": true, "n": 28553, "dup": 1.0, "fill_f": 0.7941, "fill_s": 0.6183, "netl_f": -1.628, "netl_s": -2.311, "sec": 51.9}
  [111/369 33m] {"day": "2025-08-27", "status": "ok", "parity": true, "ts_ok": true, "lab_ok": true, "n": 28552, "dup": 1.0, "fill_f": 0.7847, "fill_s": 0.5621, "netl_f": -2.011, "netl_s": -2.841, "sec": 51.8}
  [112/369 33m] {"day": "2025-08-28", "status": "ok", "parity": true, "ts_ok": true, "lab_ok": true, "n": 28569, "dup": 1.0, "fill_f": 0.7288, "fill_s": 0.5354, "netl_f": -1.729, "netl_s": -2.404, "sec": 51.0}
  [113/369 33m] {"day": "2025-08-29", "status": "ok", "parity": true, "ts_ok": true, "lab_ok": true, "n": 28130, "dup": 1.0, "fill_f": 0.7905, "fill_s": 0.5767, "netl_f": -2.783, "netl_s": -3.77, "sec": 51.7}
  [114/369 33m] {"day": "2025-08-30", "status": "ok", "parity": true, "ts_ok": true, "lab_ok": true, "n": 28506, "dup": 1.0, "fill_f": 0.5993, "fill_s": 0.4233, "netl_f": -1.764, "netl_s": -2.04, "sec": 48.5}
  [115/369 33m] {"day": "2025-08-31", "status": "ok", "parity": true, "ts_ok": true, "lab_ok": true, "n": 28417, "dup": 1.0, "fill_f": 0.6302, "fill_s": 0.47, "netl_f": -2.053, "netl_s": -2.402, "sec": 46.6}
  [116/369 33m] {"day": "2025-09-01", "status": "ok", "parity": true, "ts_ok": true, "lab_ok": true, "n": 28537, "dup": 1.0, "fill_f": 0.8059, "fill_s": 0.6066, "netl_f": -1.768, "netl_s": -2.581, "sec": 49.6}
  [117/369 34m] {"day": "2025-09-02", "status": "ok", "parity": true, "ts_ok": true, "lab_ok": true, "n": 28557, "dup": 1.0, "fill_f": 0.7932, "fill_s": 0.6015, "netl_f": -1.466, "netl_s": -2.107, "sec": 49.0}
  [118/369 34m] {"day": "2025-09-03", "status": "ok", "parity": true, "ts_ok": true, "lab_ok": true, "n": 28468, "dup": 1.0, "fill_f": 0.7574, "fill_s": 0.5443, "netl_f": -1.623, "netl_s": -2.25, "sec": 46.9}
  [119/369 34m] {"day": "2025-09-04", "status": "ok", "parity": true, "ts_ok": true, "lab_ok": true, "n": 28502, "dup": 1.0, "fill_f": 0.7524, "fill_s": 0.5736, "netl_f": -2.117, "netl_s": -2.691, "sec": 49.6}
  [120/369 34m] {"day": "2025-09-05", "status": "ok", "parity": true, "ts_ok": true, "lab_ok": true, "n": 28567, "dup": 1.0, "fill_f": 0.7535, "fill_s": 0.6144, "netl_f": -1.688, "netl_s": -2.18, "sec": 51.8}
  [121/369 35m] {"day": "2025-09-06", "status": "ok", "parity": true, "ts_ok": true, "lab_ok": true, "n": 28469, "dup": 1.0, "fill_f": 0.516, "fill_s": 0.3589, "netl_f": -1.803, "netl_s": -1.937, "sec": 46.3}
  [122/369 35m] {"day": "2025-09-07", "status": "ok", "parity": true, "ts_ok": true, "lab_ok": true, "n": 28604, "dup": 1.0, "fill_f": 0.5308, "fill_s": 0.3737, "netl_f": -1.616, "netl_s": -1.885, "sec": 46.2}
  [123/369 35m] {"day": "2025-09-08", "status": "ok", "parity": true, "ts_ok": true, "lab_ok": true, "n": 28528, "dup": 1.0, "fill_f": 0.7034, "fill_s": 0.5025, "netl_f": -1.782, "netl_s": -2.155, "sec": 48.9}
  [124/369 35m] {"day": "2025-09-09", "status": "ok", "parity": true, "ts_ok": true, "lab_ok": true, "n": 28529, "dup": 1.0, "fill_f": 0.7287, "fill_s": 0.5347, "netl_f": -2.076, "netl_s": -2.629, "sec": 47.8}
  [125/369 35m] {"day": "2025-09-10", "status": "ok", "parity": true, "ts_ok": true, "lab_ok": true, "n": 28503, "dup": 1.0, "fill_f": 0.7124, "fill_s": 0.5312, "netl_f": -1.407, "netl_s": -1.858, "sec": 49.7}
  [126/369 36m] {"day": "2025-09-11", "status": "ok", "parity": true, "ts_ok": true, "lab_ok": true, "n": 28539, "dup": 1.0, "fill_f": 0.6816, "fill_s": 0.5076, "netl_f": -1.315, "netl_s": -1.756, "sec": 49.1}
  [127/369 36m] {"day": "2025-09-12", "status": "ok", "parity": true, "ts_ok": true, "lab_ok": true, "n": 28567, "dup": 1.0, "fill_f": 0.7111, "fill_s": 0.5652, "netl_f": -1.839, "netl_s": -2.293, "sec": 50.9}
  [128/369 36m] {"day": "2025-09-13", "status": "ok", "parity": true, "ts_ok": true, "lab_ok": true, "n": 28612, "dup": 1.0, "fill_f": 0.513, "fill_s": 0.4237, "netl_f": -1.658, "netl_s": -1.846, "sec": 49.8}
  [129/369 36m] {"day": "2025-09-14", "status": "ok", "parity": true, "ts_ok": true, "lab_ok": true, "n": 28520, "dup": 1.0, "fill_f": 0.5281, "fill_s": 0.4136, "netl_f": -2.2, "netl_s": -2.514, "sec": 48.8}
  [130/369 36m] {"day": "2025-09-15", "status": "ok", "parity": true, "ts_ok": true, "lab_ok": true, "n": 28533, "dup": 1.0, "fill_f": 0.7272, "fill_s": 0.5694, "netl_f": -1.879, "netl_s": -2.474, "sec": 52.1}
  [131/369 37m] {"day": "2025-09-16", "status": "ok", "parity": true, "ts_ok": true, "lab_ok": true, "n": 28517, "dup": 1.0, "fill_f": 0.6872, "fill_s": 0.5477, "netl_f": -1.633, "netl_s": -1.984, "sec": 50.8}
  [132/369 37m] {"day": "2025-09-17", "status": "ok", "parity": true, "ts_ok": true, "lab_ok": true, "n": 28540, "dup": 1.0, "fill_f": 0.7224, "fill_s": 0.5785, "netl_f": -2.032, "netl_s": -2.409, "sec": 52.0}
  [133/369 37m] {"day": "2025-09-18", "status": "ok", "parity": true, "ts_ok": true, "lab_ok": true, "n": 28557, "dup": 1.0, "fill_f": 0.6998, "fill_s": 0.5586, "netl_f": -1.698, "netl_s": -2.003, "sec": 53.7}
  [134/369 37m] {"day": "2025-09-19", "status": "ok", "parity": true, "ts_ok": true, "lab_ok": true, "n": 28556, "dup": 1.0, "fill_f": 0.6675, "fill_s": 0.5267, "netl_f": -2.053, "netl_s": -2.19, "sec": 50.3}
  [135/369 37m] {"day": "2025-09-20", "status": "ok", "parity": true, "ts_ok": true, "lab_ok": true, "n": 28593, "dup": 1.0, "fill_f": 0.3764, "fill_s": 0.3153, "netl_f": -1.604, "netl_s": -1.634, "sec": 48.0}
  [136/369 38m] {"day": "2025-09-21", "status": "ok", "parity": true, "ts_ok": true, "lab_ok": true, "n": 28576, "dup": 1.0, "fill_f": 0.4487, "fill_s": 0.3465, "netl_f": -1.962, "netl_s": -2.036, "sec": 45.6}
  [137/369 38m] {"day": "2025-09-22", "status": "ok", "parity": true, "ts_ok": true, "lab_ok": true, "n": 28501, "dup": 1.0, "fill_f": 0.7521, "fill_s": 0.5741, "netl_f": -2.414, "netl_s": -3.103, "sec": 47.0}
  [138/369 38m] {"day": "2025-09-23", "status": "ok", "parity": true, "ts_ok": true, "lab_ok": true, "n": 28615, "dup": 1.0, "fill_f": 0.7383, "fill_s": 0.5291, "netl_f": -2.003, "netl_s": -2.538, "sec": 47.3}
  [139/369 38m] {"day": "2025-09-24", "status": "ok", "parity": true, "ts_ok": true, "lab_ok": true, "n": 28464, "dup": 1.0, "fill_f": 0.6896, "fill_s": 0.4973, "netl_f": -1.395, "netl_s": -1.831, "sec": 46.9}
  [140/369 39m] {"day": "2025-09-25", "status": "ok", "parity": true, "ts_ok": true, "lab_ok": true, "n": 28567, "dup": 1.0, "fill_f": 0.8061, "fill_s": 0.6356, "netl_f": -2.799, "netl_s": -3.561, "sec": 56.4}
  [141/369 39m] {"day": "2025-09-26", "status": "ok", "parity": true, "ts_ok": true, "lab_ok": true, "n": 28562, "dup": 1.0, "fill_f": 0.749, "fill_s": 0.6018, "netl_f": -1.883, "netl_s": -2.447, "sec": 55.3}
  [142/369 39m] {"day": "2025-09-27", "status": "ok", "parity": true, "ts_ok": true, "lab_ok": true, "n": 28457, "dup": 1.0, "fill_f": 0.4701, "fill_s": 0.3635, "netl_f": -1.622, "netl_s": -1.718, "sec": 52.8}
  [143/369 39m] {"day": "2025-09-28", "status": "ok", "parity": true, "ts_ok": true, "lab_ok": true, "n": 28617, "dup": 1.0, "fill_f": 0.5864, "fill_s": 0.4787, "netl_f": -1.299, "netl_s": -1.53, "sec": 51.1}
  [144/369 39m] {"day": "2025-09-29", "status": "ok", "parity": true, "ts_ok": true, "lab_ok": true, "n": 28498, "dup": 1.0, "fill_f": 0.706, "fill_s": 0.5632, "netl_f": -1.301, "netl_s": -1.598, "sec": 48.8}
  [145/369 40m] {"day": "2025-09-30", "status": "ok", "parity": true, "ts_ok": true, "lab_ok": true, "n": 28558, "dup": 1.0, "fill_f": 0.7522, "fill_s": 0.6053, "netl_f": -1.966, "netl_s": -2.462, "sec": 50.1}
  [146/369 40m] {"day": "2025-10-01", "status": "ok", "parity": true, "ts_ok": true, "lab_ok": true, "n": 28541, "dup": 1.0, "fill_f": 0.7455, "fill_s": 0.604, "netl_f": -1.012, "netl_s": -1.369, "sec": 51.4}
  [147/369 40m] {"day": "2025-10-02", "status": "ok", "parity": true, "ts_ok": true, "lab_ok": true, "n": 28576, "dup": 1.0, "fill_f": 0.7548, "fill_s": 0.6152, "netl_f": -1.646, "netl_s": -2.092, "sec": 52.4}
  [148/369 40m] {"day": "2025-10-03", "status": "ok", "parity": true, "ts_ok": true, "lab_ok": true, "n": 28535, "dup": 1.0, "fill_f": 0.7393, "fill_s": 0.6011, "netl_f": -1.701, "netl_s": -2.191, "sec": 49.8}
  [149/369 40m] {"day": "2025-10-04", "status": "ok", "parity": true, "ts_ok": true, "lab_ok": true, "n": 28448, "dup": 1.0, "fill_f": 0.5928, "fill_s": 0.4871, "netl_f": -1.794, "netl_s": -1.961, "sec": 45.7}
  [150/369 41m] {"day": "2025-10-05", "status": "ok", "parity": true, "ts_ok": true, "lab_ok": true, "n": 28607, "dup": 1.0, "fill_f": 0.7196, "fill_s": 0.6095, "netl_f": -1.931, "netl_s": -2.311, "sec": 48.4}
  [151/369 41m] {"day": "2025-10-06", "status": "ok", "parity": true, "ts_ok": true, "lab_ok": true, "n": 28522, "dup": 1.0, "fill_f": 0.7596, "fill_s": 0.6148, "netl_f": -1.956, "netl_s": -2.528, "sec": 49.3}
  [152/369 41m] {"day": "2025-10-07", "status": "ok", "parity": true, "ts_ok": true, "lab_ok": true, "n": 28446, "dup": 1.0, "fill_f": 0.78, "fill_s": 0.6311, "netl_f": -2.646, "netl_s": -3.243, "sec": 48.7}
  [153/369 41m] {"day": "2025-10-08", "status": "ok", "parity": true, "ts_ok": true, "lab_ok": true, "n": 28391, "dup": 1.0, "fill_f": 0.78, "fill_s": 0.616, "netl_f": -1.861, "netl_s": -2.473, "sec": 49.7}
  [154/369 41m] {"day": "2025-10-09", "status": "ok", "parity": true, "ts_ok": true, "lab_ok": true, "n": 28584, "dup": 1.0, "fill_f": 0.7709, "fill_s": 0.6154, "netl_f": -2.256, "netl_s": -2.906, "sec": 50.7}
  [155/369 42m] {"day": "2025-10-10", "status": "ok", "parity": true, "ts_ok": true, "lab_ok": true, "n": 28593, "dup": 1.0, "fill_f": 0.7992, "fill_s": 0.6447, "netl_f": -3.455, "netl_s": -4.519, "sec": 52.9}
  [156/369 42m] {"day": "2025-10-11", "status": "ok", "parity": true, "ts_ok": true, "lab_ok": true, "n": 28545, "dup": 1.0, "fill_f": 0.8496, "fill_s": 0.7635, "netl_f": -2.356, "netl_s": -2.856, "sec": 51.2}
  [157/369 42m] {"day": "2025-10-12", "status": "ok", "parity": true, "ts_ok": true, "lab_ok": true, "n": 28550, "dup": 1.0, "fill_f": 0.8258, "fill_s": 0.7399, "netl_f": -1.715, "netl_s": -2.266, "sec": 52.0}
  [158/369 42m] {"day": "2025-10-13", "status": "ok", "parity": true, "ts_ok": true, "lab_ok": true, "n": 28579, "dup": 1.0, "fill_f": 0.8198, "fill_s": 0.6997, "netl_f": -2.222, "netl_s": -2.857, "sec": 50.2}
  [159/369 43m] {"day": "2025-10-14", "status": "ok", "parity": true, "ts_ok": true, "lab_ok": true, "n": 28551, "dup": 1.0, "fill_f": 0.8507, "fill_s": 0.7419, "netl_f": -2.498, "netl_s": -3.135, "sec": 55.2}
  [160/369 43m] {"day": "2025-10-15", "status": "ok", "parity": true, "ts_ok": true, "lab_ok": true, "n": 28493, "dup": 1.0, "fill_f": 0.8351, "fill_s": 0.7144, "netl_f": -2.523, "netl_s": -3.216, "sec": 51.6}
  [161/369 43m] {"day": "2025-10-16", "status": "ok", "parity": true, "ts_ok": true, "lab_ok": true, "n": 28549, "dup": 1.0, "fill_f": 0.8388, "fill_s": 0.7181, "netl_f": -2.589, "netl_s": -3.366, "sec": 53.0}
  [162/369 43m] {"day": "2025-10-17", "status": "ok", "parity": true, "ts_ok": true, "lab_ok": true, "n": 28473, "dup": 1.0, "fill_f": 0.8483, "fill_s": 0.7393, "netl_f": -2.373, "netl_s": -3.106, "sec": 57.8}
  [163/369 43m] {"day": "2025-10-18", "status": "ok", "parity": true, "ts_ok": true, "lab_ok": true, "n": 28447, "dup": 1.0, "fill_f": 0.6913, "fill_s": 0.5394, "netl_f": -1.724, "netl_s": -2.005, "sec": 47.6}
  [164/369 44m] {"day": "2025-10-19", "status": "ok", "parity": true, "ts_ok": true, "lab_ok": true, "n": 28615, "dup": 1.0, "fill_f": 0.7449, "fill_s": 0.617, "netl_f": -1.548, "netl_s": -1.83, "sec": 47.6}
  [165/369 44m] {"day": "2025-10-20", "status": "ok", "parity": true, "ts_ok": true, "lab_ok": true, "n": 28536, "dup": 1.0, "fill_f": 0.7983, "fill_s": 0.6626, "netl_f": -1.63, "netl_s": -2.264, "sec": 48.1}
  [166/369 44m] {"day": "2025-10-21", "status": "ok", "parity": true, "ts_ok": true, "lab_ok": true, "n": 28554, "dup": 1.0, "fill_f": 0.829, "fill_s": 0.735, "netl_f": -2.646, "netl_s": -3.254, "sec": 53.0}
  [167/369 44m] {"day": "2025-10-22", "status": "ok", "parity": true, "ts_ok": true, "lab_ok": true, "n": 28563, "dup": 1.0, "fill_f": 0.8305, "fill_s": 0.7252, "netl_f": -2.161, "netl_s": -2.739, "sec": 54.5}
  [168/369 44m] {"day": "2025-10-23", "status": "ok", "parity": true, "ts_ok": true, "lab_ok": true, "n": 28511, "dup": 1.0, "fill_f": 0.786, "fill_s": 0.6746, "netl_f": -1.613, "netl_s": -2.067, "sec": 55.0}
  [169/369 45m] {"day": "2025-10-24", "status": "ok", "parity": true, "ts_ok": true, "lab_ok": true, "n": 28457, "dup": 1.0, "fill_f": 0.7571, "fill_s": 0.6397, "netl_f": -1.867, "netl_s": -2.318, "sec": 55.6}
  [170/369 45m] {"day": "2025-10-25", "status": "ok", "parity": true, "ts_ok": true, "lab_ok": true, "n": 28607, "dup": 1.0, "fill_f": 0.603, "fill_s": 0.5001, "netl_f": -1.842, "netl_s": -2.01, "sec": 47.2}
  [171/369 45m] {"day": "2025-10-26", "status": "ok", "parity": true, "ts_ok": true, "lab_ok": true, "n": 28545, "dup": 1.0, "fill_f": 0.6535, "fill_s": 0.5352, "netl_f": -1.125, "netl_s": -1.261, "sec": 48.6}
  [172/369 45m] {"day": "2025-10-27", "status": "ok", "parity": true, "ts_ok": true, "lab_ok": true, "n": 28530, "dup": 1.0, "fill_f": 0.789, "fill_s": 0.6527, "netl_f": -1.913, "netl_s": -2.425, "sec": 49.3}
  [173/369 45m] {"day": "2025-10-28", "status": "ok", "parity": true, "ts_ok": true, "lab_ok": true, "n": 28571, "dup": 1.0, "fill_f": 0.7709, "fill_s": 0.611, "netl_f": -2.139, "netl_s": -2.777, "sec": 49.3}
  [174/369 46m] {"day": "2025-10-29", "status": "ok", "parity": true, "ts_ok": true, "lab_ok": true, "n": 28610, "dup": 1.0, "fill_f": 0.7943, "fill_s": 0.6687, "netl_f": -2.474, "netl_s": -3.083, "sec": 51.6}
  [175/369 46m] {"day": "2025-10-30", "status": "ok", "parity": true, "ts_ok": true, "lab_ok": true, "n": 28349, "dup": 1.0, "fill_f": 0.8435, "fill_s": 0.7323, "netl_f": -2.31, "netl_s": -3.184, "sec": 52.4}
  [176/369 46m] {"day": "2025-10-31", "status": "ok", "parity": true, "ts_ok": true, "lab_ok": true, "n": 28620, "dup": 1.0, "fill_f": 0.8187, "fill_s": 0.7229, "netl_f": -1.961, "netl_s": -2.508, "sec": 53.7}
  [177/369 46m] {"day": "2025-11-01", "status": "ok", "parity": true, "ts_ok": true, "lab_ok": true, "n": 28345, "dup": 1.0, "fill_f": 0.6513, "fill_s": 0.5437, "netl_f": -1.584, "netl_s": -1.782, "sec": 47.8}
  [178/369 46m] {"day": "2025-11-02", "status": "ok", "parity": true, "ts_ok": true, "lab_ok": true, "n": 28614, "dup": 1.0, "fill_f": 0.6727, "fill_s": 0.5063, "netl_f": -1.877, "netl_s": -2.296, "sec": 44.3}
  [179/369 47m] {"day": "2025-11-03", "status": "ok", "parity": true, "ts_ok": true, "lab_ok": true, "n": 28542, "dup": 1.0, "fill_f": 0.859, "fill_s": 0.7417, "netl_f": -2.7, "netl_s": -3.446, "sec": 51.2}
  [180/369 47m] {"day": "2025-11-04", "status": "ok", "parity": true, "ts_ok": true, "lab_ok": true, "n": 28493, "dup": 1.0, "fill_f": 0.8948, "fill_s": 0.809, "netl_f": -2.831, "netl_s": -3.532, "sec": 55.1}
  [181/369 47m] {"day": "2025-11-05", "status": "ok", "parity": true, "ts_ok": true, "lab_ok": true, "n": 28537, "dup": 1.0, "fill_f": 0.8578, "fill_s": 0.7667, "netl_f": -1.472, "netl_s": -2.005, "sec": 55.0}
  [182/369 47m] {"day": "2025-11-06", "status": "ok", "parity": true, "ts_ok": true, "lab_ok": true, "n": 28384, "dup": 1.0, "fill_f": 0.8408, "fill_s": 0.7337, "netl_f": -2.652, "netl_s": -3.309, "sec": 52.3}
  [183/369 48m] {"day": "2025-11-07", "status": "ok", "parity": true, "ts_ok": true, "lab_ok": true, "n": 28479, "dup": 1.0, "fill_f": 0.8543, "fill_s": 0.7541, "netl_f": -1.493, "netl_s": -2.192, "sec": 50.4}
  [184/369 48m] {"day": "2025-11-08", "status": "ok", "parity": true, "ts_ok": true, "lab_ok": true, "n": 28233, "dup": 1.0, "fill_f": 0.7626, "fill_s": 0.6442, "netl_f": -2.114, "netl_s": -2.536, "sec": 44.6}
  [185/369 48m] {"day": "2025-11-09", "status": "ok", "parity": true, "ts_ok": true, "lab_ok": true, "n": 28618, "dup": 1.0, "fill_f": 0.7735, "fill_s": 0.6422, "netl_f": -1.612, "netl_s": -2.051, "sec": 49.2}
  [186/369 48m] {"day": "2025-11-10", "status": "ok", "parity": true, "ts_ok": true, "lab_ok": true, "n": 28175, "dup": 1.0, "fill_f": 0.8224, "fill_s": 0.6864, "netl_f": -1.555, "netl_s": -2.128, "sec": 51.2}
  [187/369 48m] {"day": "2025-11-11", "status": "ok", "parity": true, "ts_ok": true, "lab_ok": true, "n": 28520, "dup": 1.0, "fill_f": 0.8365, "fill_s": 0.7098, "netl_f": -2.51, "netl_s": -3.239, "sec": 48.7}
  [188/369 49m] {"day": "2025-11-12", "status": "ok", "parity": true, "ts_ok": true, "lab_ok": true, "n": 28248, "dup": 1.0, "fill_f": 0.8191, "fill_s": 0.6743, "netl_f": -2.137, "netl_s": -2.933, "sec": 48.8}
  [189/369 49m] {"day": "2025-11-13", "status": "ok", "parity": true, "ts_ok": true, "lab_ok": true, "n": 28352, "dup": 1.0, "fill_f": 0.8664, "fill_s": 0.7696, "netl_f": -2.342, "netl_s": -3.173, "sec": 49.4}
  [190/369 49m] {"day": "2025-11-14", "status": "ok", "parity": true, "ts_ok": true, "lab_ok": true, "n": 28493, "dup": 1.0, "fill_f": 0.8995, "fill_s": 0.822, "netl_f": -2.957, "netl_s": -3.793, "sec": 54.8}
  [191/369 49m] {"day": "2025-11-15", "status": "ok", "parity": true, "ts_ok": true, "lab_ok": true, "n": 28238, "dup": 1.0, "fill_f": 0.7933, "fill_s": 0.6764, "netl_f": -1.935, "netl_s": -2.409, "sec": 46.8}
  [192/369 49m] {"day": "2025-11-16", "status": "ok", "parity": true, "ts_ok": true, "lab_ok": true, "n": 28619, "dup": 1.0, "fill_f": 0.8073, "fill_s": 0.6636, "netl_f": -2.367, "netl_s": -3.203, "sec": 47.6}
  [193/369 50m] {"day": "2025-11-17", "status": "ok", "parity": true, "ts_ok": true, "lab_ok": true, "n": 28367, "dup": 1.0, "fill_f": 0.8611, "fill_s": 0.7628, "netl_f": -2.345, "netl_s": -3.112, "sec": 45.8}
  [194/369 50m] {"day": "2025-11-18", "status": "ok", "parity": true, "ts_ok": true, "lab_ok": true, "n": 28483, "dup": 1.0, "fill_f": 0.8807, "fill_s": 0.7843, "netl_f": -1.709, "netl_s": -2.438, "sec": 47.9}
  [195/369 50m] {"day": "2025-11-19", "status": "ok", "parity": true, "ts_ok": true, "lab_ok": true, "n": 28497, "dup": 1.0, "fill_f": 0.872, "fill_s": 0.7426, "netl_f": -2.29, "netl_s": -3.228, "sec": 51.2}
  [196/369 50m] {"day": "2025-11-20", "status": "ok", "parity": true, "ts_ok": true, "lab_ok": true, "n": 28467, "dup": 1.0, "fill_f": 0.8701, "fill_s": 0.773, "netl_f": -3.077, "netl_s": -3.983, "sec": 50.6}
  [197/369 51m] {"day": "2025-11-21", "status": "ok", "parity": true, "ts_ok": true, "lab_ok": true, "n": 28474, "dup": 1.0, "fill_f": 0.9144, "fill_s": 0.8316, "netl_f": -2.372, "netl_s": -3.26, "sec": 60.3}
  [198/369 51m] {"day": "2025-11-22", "status": "ok", "parity": true, "ts_ok": true, "lab_ok": true, "n": 28610, "dup": 1.0, "fill_f": 0.8345, "fill_s": 0.6703, "netl_f": -2.069, "netl_s": -2.783, "sec": 50.3}
  [199/369 51m] {"day": "2025-11-23", "status": "ok", "parity": true, "ts_ok": true, "lab_ok": true, "n": 28615, "dup": 1.0, "fill_f": 0.8363, "fill_s": 0.7044, "netl_f": -1.346, "netl_s": -2.151, "sec": 51.1}
  [200/369 51m] {"day": "2025-11-24", "status": "ok", "parity": true, "ts_ok": true, "lab_ok": true, "n": 28477, "dup": 1.0, "fill_f": 0.8707, "fill_s": 0.757, "netl_f": -1.603, "netl_s": -2.379, "sec": 55.0}
  [201/369 51m] {"day": "2025-11-25", "status": "ok", "parity": true, "ts_ok": true, "lab_ok": true, "n": 28618, "dup": 1.0, "fill_f": 0.8378, "fill_s": 0.7105, "netl_f": -2.142, "netl_s": -2.973, "sec": 48.5}
  [202/369 52m] {"day": "2025-11-26", "status": "ok", "parity": true, "ts_ok": true, "lab_ok": true, "n": 28253, "dup": 1.0, "fill_f": 0.8218, "fill_s": 0.6979, "netl_f": -1.242, "netl_s": -1.907, "sec": 52.5}
  [203/369 52m] {"day": "2025-11-27", "status": "ok", "parity": true, "ts_ok": true, "lab_ok": true, "n": 28388, "dup": 1.0, "fill_f": 0.7946, "fill_s": 0.6465, "netl_f": -1.615, "netl_s": -2.195, "sec": 51.3}
  [204/369 52m] {"day": "2025-11-28", "status": "ok", "parity": true, "ts_ok": true, "lab_ok": true, "n": 28615, "dup": 1.0, "fill_f": 0.7941, "fill_s": 0.6438, "netl_f": -1.941, "netl_s": -2.711, "sec": 51.3}
  [205/369 52m] {"day": "2025-11-29", "status": "ok", "parity": true, "ts_ok": true, "lab_ok": true, "n": 28619, "dup": 1.0, "fill_f": 0.6881, "fill_s": 0.5151, "netl_f": -1.601, "netl_s": -1.988, "sec": 48.4}
  [206/369 52m] {"day": "2025-11-30", "status": "ok", "parity": true, "ts_ok": true, "lab_ok": true, "n": 28608, "dup": 1.0, "fill_f": 0.7008, "fill_s": 0.5147, "netl_f": -1.812, "netl_s": -2.363, "sec": 46.2}
  [207/369 53m] {"day": "2025-12-01", "status": "ok", "parity": true, "ts_ok": true, "lab_ok": true, "n": 28536, "dup": 1.0, "fill_f": 0.8634, "fill_s": 0.7333, "netl_f": -2.92, "netl_s": -4.019, "sec": 51.4}
  [208/369 53m] {"day": "2025-12-02", "status": "ok", "parity": true, "ts_ok": true, "lab_ok": true, "n": 28030, "dup": 1.0, "fill_f": 0.843, "fill_s": 0.7129, "netl_f": -0.795, "netl_s": -1.439, "sec": 48.5}
  [209/369 53m] {"day": "2025-12-03", "status": "ok", "parity": true, "ts_ok": true, "lab_ok": true, "n": 28609, "dup": 1.0, "fill_f": 0.8665, "fill_s": 0.7283, "netl_f": -1.363, "netl_s": -2.317, "sec": 52.9}
  [210/369 53m] {"day": "2025-12-04", "status": "ok", "parity": true, "ts_ok": true, "lab_ok": true, "n": 28472, "dup": 1.0, "fill_f": 0.8374, "fill_s": 0.6664, "netl_f": -2.181, "netl_s": -3.245, "sec": 53.9}
  [211/369 54m] {"day": "2025-12-05", "status": "ok", "parity": true, "ts_ok": true, "lab_ok": true, "n": 28620, "dup": 1.0, "fill_f": 0.8168, "fill_s": 0.6402, "netl_f": -2.519, "netl_s": -3.606, "sec": 52.0}
  [212/369 54m] {"day": "2025-12-06", "status": "ok", "parity": true, "ts_ok": true, "lab_ok": true, "n": 28599, "dup": 1.0, "fill_f": 0.7117, "fill_s": 0.5104, "netl_f": -1.644, "netl_s": -1.948, "sec": 49.0}
  [213/369 54m] {"day": "2025-12-07", "status": "ok", "parity": true, "ts_ok": true, "lab_ok": true, "n": 28498, "dup": 1.0, "fill_f": 0.7529, "fill_s": 0.5839, "netl_f": -1.804, "netl_s": -2.534, "sec": 49.7}
  [214/369 54m] {"day": "2025-12-08", "status": "ok", "parity": true, "ts_ok": true, "lab_ok": true, "n": 28507, "dup": 1.0, "fill_f": 0.827, "fill_s": 0.6679, "netl_f": -1.918, "netl_s": -2.89, "sec": 51.1}
  [215/369 54m] {"day": "2025-12-09", "status": "ok", "parity": true, "ts_ok": true, "lab_ok": true, "n": 28614, "dup": 1.0, "fill_f": 0.8267, "fill_s": 0.6717, "netl_f": -1.381, "netl_s": -2.121, "sec": 49.2}
  [216/369 55m] {"day": "2025-12-10", "status": "ok", "parity": true, "ts_ok": true, "lab_ok": true, "n": 28307, "dup": 1.0, "fill_f": 0.8201, "fill_s": 0.6504, "netl_f": -2.062, "netl_s": -2.966, "sec": 53.0}
  [217/369 55m] {"day": "2025-12-11", "status": "ok", "parity": true, "ts_ok": true, "lab_ok": true, "n": 28510, "dup": 1.0, "fill_f": 0.838, "fill_s": 0.6996, "netl_f": -1.775, "netl_s": -2.629, "sec": 55.2}
  [218/369 55m] {"day": "2025-12-12", "status": "ok", "parity": true, "ts_ok": true, "lab_ok": true, "n": 28354, "dup": 1.0, "fill_f": 0.7945, "fill_s": 0.6676, "netl_f": -2.19, "netl_s": -2.837, "sec": 54.5}
  [219/369 55m] {"day": "2025-12-13", "status": "ok", "parity": true, "ts_ok": true, "lab_ok": true, "n": 28617, "dup": 1.0, "fill_f": 0.5616, "fill_s": 0.4315, "netl_f": -1.564, "netl_s": -1.818, "sec": 50.8}
  [220/369 55m] {"day": "2025-12-14", "status": "ok", "parity": true, "ts_ok": true, "lab_ok": true, "n": 28612, "dup": 1.0, "fill_f": 0.6825, "fill_s": 0.5513, "netl_f": -2.493, "netl_s": -3.104, "sec": 50.6}
  [221/369 56m] {"day": "2025-12-15", "status": "ok", "parity": true, "ts_ok": true, "lab_ok": true, "n": 28435, "dup": 1.0, "fill_f": 0.8221, "fill_s": 0.6761, "netl_f": -2.306, "netl_s": -3.265, "sec": 51.0}
  [222/369 56m] {"day": "2025-12-16", "status": "ok", "parity": true, "ts_ok": true, "lab_ok": true, "n": 28269, "dup": 1.0, "fill_f": 0.8278, "fill_s": 0.6979, "netl_f": -1.482, "netl_s": -2.164, "sec": 49.8}
  [223/369 56m] {"day": "2025-12-17", "status": "ok", "parity": true, "ts_ok": true, "lab_ok": true, "n": 28616, "dup": 1.0, "fill_f": 0.8337, "fill_s": 0.7048, "netl_f": -2.347, "netl_s": -3.314, "sec": 52.5}
  [224/369 56m] {"day": "2025-12-18", "status": "ok", "parity": true, "ts_ok": true, "lab_ok": true, "n": 28118, "dup": 1.0, "fill_f": 0.8348, "fill_s": 0.7231, "netl_f": -2.165, "netl_s": -2.915, "sec": 55.0}
  [225/369 57m] {"day": "2025-12-19", "status": "ok", "parity": true, "ts_ok": true, "lab_ok": true, "n": 28405, "dup": 1.0, "fill_f": 0.8374, "fill_s": 0.7321, "netl_f": -1.335, "netl_s": -2.04, "sec": 55.9}
  [226/369 57m] {"day": "2025-12-20", "status": "ok", "parity": true, "ts_ok": true, "lab_ok": true, "n": 28602, "dup": 1.0, "fill_f": 0.5982, "fill_s": 0.4378, "netl_f": -1.363, "netl_s": -1.544, "sec": 52.6}
  [227/369 57m] {"day": "2025-12-21", "status": "ok", "parity": true, "ts_ok": true, "lab_ok": true, "n": 28613, "dup": 1.0, "fill_f": 0.6686, "fill_s": 0.5281, "netl_f": -1.64, "netl_s": -2.159, "sec": 51.6}
  [228/369 57m] {"day": "2025-12-22", "status": "ok", "parity": true, "ts_ok": true, "lab_ok": true, "n": 28362, "dup": 1.0, "fill_f": 0.828, "fill_s": 0.6866, "netl_f": -1.863, "netl_s": -2.598, "sec": 52.1}
  [229/369 57m] {"day": "2025-12-23", "status": "ok", "parity": true, "ts_ok": true, "lab_ok": true, "n": 28536, "dup": 1.0, "fill_f": 0.8044, "fill_s": 0.6522, "netl_f": -2.164, "netl_s": -2.909, "sec": 48.9}
  [230/369 58m] {"day": "2025-12-24", "status": "ok", "parity": true, "ts_ok": true, "lab_ok": true, "n": 28604, "dup": 1.0, "fill_f": 0.7553, "fill_s": 0.5971, "netl_f": -1.577, "netl_s": -2.143, "sec": 51.9}
  [231/369 58m] {"day": "2025-12-25", "status": "ok", "parity": true, "ts_ok": true, "lab_ok": true, "n": 28616, "dup": 1.0, "fill_f": 0.6457, "fill_s": 0.4892, "netl_f": -1.753, "netl_s": -2.226, "sec": 52.5}
  [232/369 58m] {"day": "2025-12-26", "status": "ok", "parity": true, "ts_ok": true, "lab_ok": true, "n": 28456, "dup": 1.0, "fill_f": 0.777, "fill_s": 0.619, "netl_f": -1.593, "netl_s": -2.217, "sec": 54.1}
  [233/369 58m] {"day": "2025-12-27", "status": "ok", "parity": true, "ts_ok": true, "lab_ok": true, "n": 28610, "dup": 1.0, "fill_f": 0.4547, "fill_s": 0.3338, "netl_f": -1.263, "netl_s": -1.436, "sec": 49.4}
  [234/369 58m] {"day": "2025-12-28", "status": "ok", "parity": true, "ts_ok": true, "lab_ok": true, "n": 28606, "dup": 1.0, "fill_f": 0.5032, "fill_s": 0.3446, "netl_f": -1.669, "netl_s": -1.928, "sec": 48.9}
  [235/369 59m] {"day": "2025-12-29", "status": "ok", "parity": true, "ts_ok": true, "lab_ok": true, "n": 28450, "dup": 1.0, "fill_f": 0.7966, "fill_s": 0.6513, "netl_f": -2.046, "netl_s": -2.529, "sec": 56.3}
  [236/369 59m] {"day": "2025-12-30", "status": "ok", "parity": true, "ts_ok": true, "lab_ok": true, "n": 28603, "dup": 1.0, "fill_f": 0.7289, "fill_s": 0.5764, "netl_f": -1.431, "netl_s": -1.923, "sec": 51.7}
  [237/369 59m] {"day": "2025-12-31", "status": "ok", "parity": true, "ts_ok": true, "lab_ok": true, "n": 28616, "dup": 1.0, "fill_f": 0.7066, "fill_s": 0.5529, "netl_f": -1.856, "netl_s": -2.304, "sec": 52.4}
  [238/369 59m] {"day": "2026-01-01", "status": "ok", "parity": true, "ts_ok": true, "lab_ok": true, "n": 28588, "dup": 1.0, "fill_f": 0.5642, "fill_s": 0.4698, "netl_f": -1.369, "netl_s": -1.558, "sec": 51.9}
  [239/369 60m] {"day": "2026-01-02", "status": "ok", "parity": true, "ts_ok": true, "lab_ok": true, "n": 28489, "dup": 1.0, "fill_f": 0.7738, "fill_s": 0.6482, "netl_f": -1.519, "netl_s": -2.182, "sec": 57.3}
  [240/369 60m] {"day": "2026-01-03", "status": "ok", "parity": true, "ts_ok": true, "lab_ok": true, "n": 28594, "dup": 1.0, "fill_f": 0.619, "fill_s": 0.5007, "netl_f": -1.583, "netl_s": -1.813, "sec": 52.5}
  [241/369 60m] {"day": "2026-01-04", "status": "ok", "parity": true, "ts_ok": true, "lab_ok": true, "n": 28604, "dup": 1.0, "fill_f": 0.6861, "fill_s": 0.5191, "netl_f": -1.635, "netl_s": -2.0, "sec": 49.3}
  [242/369 60m] {"day": "2026-01-05", "status": "ok", "parity": true, "ts_ok": true, "lab_ok": true, "n": 28567, "dup": 1.0, "fill_f": 0.8083, "fill_s": 0.6893, "netl_f": -1.142, "netl_s": -1.615, "sec": 55.6}
  [243/369 60m] {"day": "2026-01-06", "status": "ok", "parity": true, "ts_ok": true, "lab_ok": true, "n": 28549, "dup": 1.0, "fill_f": 0.7866, "fill_s": 0.6352, "netl_f": -1.808, "netl_s": -2.507, "sec": 47.9}
  [244/369 61m] {"day": "2026-01-07", "status": "ok", "parity": true, "ts_ok": true, "lab_ok": true, "n": 28616, "dup": 1.0, "fill_f": 0.7817, "fill_s": 0.6182, "netl_f": -2.427, "netl_s": -3.104, "sec": 50.2}
  [245/369 61m] {"day": "2026-01-08", "status": "ok", "parity": true, "ts_ok": true, "lab_ok": true, "n": 28329, "dup": 1.0, "fill_f": 0.7948, "fill_s": 0.6676, "netl_f": -1.947, "netl_s": -2.399, "sec": 52.6}
  [246/369 61m] {"day": "2026-01-09", "status": "ok", "parity": true, "ts_ok": true, "lab_ok": true, "n": 28206, "dup": 1.0, "fill_f": 0.7551, "fill_s": 0.595, "netl_f": -2.119, "netl_s": -2.837, "sec": 51.8}
  [247/369 61m] {"day": "2026-01-10", "status": "ok", "parity": true, "ts_ok": true, "lab_ok": true, "n": 28614, "dup": 1.0, "fill_f": 0.3977, "fill_s": 0.3071, "netl_f": -1.795, "netl_s": -1.929, "sec": 47.0}
  [248/369 61m] {"day": "2026-01-11", "status": "ok", "parity": true, "ts_ok": true, "lab_ok": true, "n": 28615, "dup": 1.0, "fill_f": 0.4717, "fill_s": 0.3615, "netl_f": -1.761, "netl_s": -2.098, "sec": 47.1}
  [249/369 62m] {"day": "2026-01-12", "status": "ok", "parity": true, "ts_ok": true, "lab_ok": true, "n": 28388, "dup": 1.0, "fill_f": 0.768, "fill_s": 0.6331, "netl_f": -1.997, "netl_s": -2.663, "sec": 50.8}
  [250/369 62m] {"day": "2026-01-13", "status": "ok", "parity": true, "ts_ok": true, "lab_ok": true, "n": 28588, "dup": 1.0, "fill_f": 0.776, "fill_s": 0.65, "netl_f": -1.126, "netl_s": -1.756, "sec": 49.8}
  [251/369 62m] {"day": "2026-01-14", "status": "ok", "parity": true, "ts_ok": true, "lab_ok": true, "n": 28606, "dup": 1.0, "fill_f": 0.8155, "fill_s": 0.6894, "netl_f": -1.511, "netl_s": -2.088, "sec": 51.5}
  [252/369 62m] {"day": "2026-01-15", "status": "ok", "parity": true, "ts_ok": true, "lab_ok": true, "n": 28468, "dup": 1.0, "fill_f": 0.796, "fill_s": 0.6392, "netl_f": -2.116, "netl_s": -2.865, "sec": 54.0}
  [253/369 63m] {"day": "2026-01-16", "status": "ok", "parity": true, "ts_ok": true, "lab_ok": true, "n": 28603, "dup": 1.0, "fill_f": 0.7189, "fill_s": 0.5839, "netl_f": -1.836, "netl_s": -2.208, "sec": 49.9}
  [254/369 63m] {"day": "2026-01-17", "status": "ok", "parity": true, "ts_ok": true, "lab_ok": true, "n": 28601, "dup": 1.0, "fill_f": 0.4903, "fill_s": 0.3822, "netl_f": -1.665, "netl_s": -1.733, "sec": 48.0}
  [255/369 63m] {"day": "2026-01-18", "status": "ok", "parity": true, "ts_ok": true, "lab_ok": true, "n": 28596, "dup": 1.0, "fill_f": 0.5123, "fill_s": 0.3827, "netl_f": -2.19, "netl_s": -2.592, "sec": 45.4}
  [256/369 63m] {"day": "2026-01-19", "status": "ok", "parity": true, "ts_ok": true, "lab_ok": true, "n": 28603, "dup": 1.0, "fill_f": 0.7147, "fill_s": 0.5439, "netl_f": -1.963, "netl_s": -2.43, "sec": 44.3}
  [257/369 63m] {"day": "2026-01-20", "status": "ok", "parity": true, "ts_ok": true, "lab_ok": true, "n": 28510, "dup": 1.0, "fill_f": 0.8199, "fill_s": 0.666, "netl_f": -2.867, "netl_s": -3.8, "sec": 47.7}
  [258/369 64m] {"day": "2026-01-21", "status": "ok", "parity": true, "ts_ok": true, "lab_ok": true, "n": 28134, "dup": 1.0, "fill_f": 0.8098, "fill_s": 0.6623, "netl_f": -1.761, "netl_s": -2.707, "sec": 52.3}
  [259/369 64m] {"day": "2026-01-22", "status": "ok", "parity": true, "ts_ok": true, "lab_ok": true, "n": 28275, "dup": 1.0, "fill_f": 0.7657, "fill_s": 0.5737, "netl_f": -1.887, "netl_s": -2.721, "sec": 52.1}
  [260/369 64m] {"day": "2026-01-23", "status": "ok", "parity": true, "ts_ok": true, "lab_ok": true, "n": 28618, "dup": 1.0, "fill_f": 0.7676, "fill_s": 0.5907, "netl_f": -1.92, "netl_s": -2.751, "sec": 54.3}
  [261/369 64m] {"day": "2026-01-24", "status": "ok", "parity": true, "ts_ok": true, "lab_ok": true, "n": 28616, "dup": 1.0, "fill_f": 0.4422, "fill_s": 0.3318, "netl_f": -1.771, "netl_s": -1.895, "sec": 49.4}
  [262/369 64m] {"day": "2026-01-25", "status": "ok", "parity": true, "ts_ok": true, "lab_ok": true, "n": 28433, "dup": 1.0, "fill_f": 0.6796, "fill_s": 0.5304, "netl_f": -2.623, "netl_s": -3.205, "sec": 49.2}
  [263/369 65m] {"day": "2026-01-26", "status": "ok", "parity": true, "ts_ok": true, "lab_ok": true, "n": 28376, "dup": 1.0, "fill_f": 0.7998, "fill_s": 0.6537, "netl_f": -1.683, "netl_s": -2.338, "sec": 51.3}
  [264/369 65m] {"day": "2026-01-27", "status": "ok", "parity": true, "ts_ok": true, "lab_ok": true, "n": 28607, "dup": 1.0, "fill_f": 0.7576, "fill_s": 0.6155, "netl_f": -1.8, "netl_s": -2.322, "sec": 48.2}
  [265/369 65m] {"day": "2026-01-28", "status": "ok", "parity": true, "ts_ok": true, "lab_ok": true, "n": 28230, "dup": 1.0, "fill_f": 0.7932, "fill_s": 0.6182, "netl_f": -1.95, "netl_s": -2.686, "sec": 48.7}
  [266/369 65m] {"day": "2026-01-29", "status": "ok", "parity": true, "ts_ok": true, "lab_ok": true, "n": 28233, "dup": 1.0, "fill_f": 0.7899, "fill_s": 0.6793, "netl_f": -3.2, "netl_s": -3.848, "sec": 46.4}
  [267/369 66m] {"day": "2026-01-30", "status": "ok", "parity": true, "ts_ok": true, "lab_ok": true, "n": 28572, "dup": 1.0, "fill_f": 0.8439, "fill_s": 0.7431, "netl_f": -2.463, "netl_s": -3.327, "sec": 55.3}
  [268/369 66m] {"day": "2026-01-31", "status": "ok", "parity": true, "ts_ok": true, "lab_ok": true, "n": 28587, "dup": 1.0, "fill_f": 0.8215, "fill_s": 0.7303, "netl_f": -3.292, "netl_s": -3.8, "sec": 53.1}
  [269/369 66m] {"day": "2026-02-01", "status": "ok", "parity": true, "ts_ok": true, "lab_ok": true, "n": 28342, "dup": 1.0, "fill_f": 0.8529, "fill_s": 0.7587, "netl_f": -2.764, "netl_s": -3.562, "sec": 51.8}
  [270/369 66m] {"day": "2026-02-02", "status": "ok", "parity": true, "ts_ok": true, "lab_ok": true, "n": 28513, "dup": 1.0, "fill_f": 0.9025, "fill_s": 0.8191, "netl_f": -1.561, "netl_s": -2.443, "sec": 53.6}
  [271/369 66m] {"day": "2026-02-03", "status": "ok", "parity": true, "ts_ok": true, "lab_ok": true, "n": 28308, "dup": 1.0, "fill_f": 0.8795, "fill_s": 0.7727, "netl_f": -2.871, "netl_s": -3.787, "sec": 50.5}
  [272/369 67m] {"day": "2026-02-04", "status": "ok", "parity": true, "ts_ok": true, "lab_ok": true, "n": 28585, "dup": 1.0, "fill_f": 0.8852, "fill_s": 0.7865, "netl_f": -2.901, "netl_s": -3.913, "sec": 53.4}
  [273/369 67m] {"day": "2026-02-06", "status": "ok", "parity": true, "ts_ok": true, "lab_ok": true, "n": 571, "dup": 1.0, "fill_f": 0.9072, "fill_s": 0.8074, "netl_f": -4.413, "netl_s": -4.752, "sec": 0.8}
  [274/369 67m] {"day": "2026-02-07", "status": "ok", "parity": true, "ts_ok": true, "lab_ok": true, "n": 28252, "dup": 1.0, "fill_f": 0.8899, "fill_s": 0.8144, "netl_f": -2.368, "netl_s": -3.087, "sec": 54.3}
  [275/369 67m] {"day": "2026-02-08", "status": "ok", "parity": true, "ts_ok": true, "lab_ok": true, "n": 28612, "dup": 1.0, "fill_f": 0.8633, "fill_s": 0.778, "netl_f": -1.586, "netl_s": -2.179, "sec": 49.4}
  [276/369 67m] {"day": "2026-02-09", "status": "ok", "parity": true, "ts_ok": true, "lab_ok": true, "n": 28229, "dup": 1.0, "fill_f": 0.8934, "fill_s": 0.8279, "netl_f": -2.188, "netl_s": -2.761, "sec": 52.3}
  [277/369 67m] {"day": "2026-02-10", "status": "ok", "parity": true, "ts_ok": true, "lab_ok": true, "n": 28613, "dup": 1.0, "fill_f": 0.8655, "fill_s": 0.777, "netl_f": -2.445, "netl_s": -3.155, "sec": 51.1}
  [278/369 68m] {"day": "2026-02-11", "status": "ok", "parity": true, "ts_ok": true, "lab_ok": true, "n": 27981, "dup": 1.0, "fill_f": 0.8959, "fill_s": 0.8161, "netl_f": -2.393, "netl_s": -3.234, "sec": 53.6}
  [279/369 68m] {"day": "2026-02-12", "status": "ok", "parity": true, "ts_ok": true, "lab_ok": true, "n": 28612, "dup": 1.0, "fill_f": 0.8855, "fill_s": 0.7879, "netl_f": -2.118, "netl_s": -2.959, "sec": 56.4}
  [280/369 68m] {"day": "2026-02-13", "status": "ok", "parity": true, "ts_ok": true, "lab_ok": true, "n": 28074, "dup": 1.0, "fill_f": 0.8689, "fill_s": 0.7615, "netl_f": -0.992, "netl_s": -1.707, "sec": 49.8}
  [281/369 68m] {"day": "2026-02-14", "status": "ok", "parity": true, "ts_ok": true, "lab_ok": true, "n": 28014, "dup": 1.0, "fill_f": 0.7954, "fill_s": 0.6742, "netl_f": -1.328, "netl_s": -1.73, "sec": 48.5}
  [282/369 68m] {"day": "2026-02-15", "status": "ok", "parity": true, "ts_ok": true, "lab_ok": true, "n": 28610, "dup": 1.0, "fill_f": 0.8369, "fill_s": 0.7343, "netl_f": -2.284, "netl_s": -2.819, "sec": 47.1}
  [283/369 69m] {"day": "2026-02-16", "status": "ok", "parity": true, "ts_ok": true, "lab_ok": true, "n": 28611, "dup": 1.0, "fill_f": 0.8403, "fill_s": 0.7238, "netl_f": -1.857, "netl_s": -2.483, "sec": 47.7}
  [284/369 69m] {"day": "2026-02-17", "status": "ok", "parity": true, "ts_ok": true, "lab_ok": true, "n": 28613, "dup": 1.0, "fill_f": 0.8518, "fill_s": 0.7342, "netl_f": -2.21, "netl_s": -3.024, "sec": 47.9}
  [285/369 69m] {"day": "2026-02-18", "status": "ok", "parity": true, "ts_ok": true, "lab_ok": true, "n": 27988, "dup": 1.0, "fill_f": 0.8347, "fill_s": 0.7056, "netl_f": -2.086, "netl_s": -2.872, "sec": 50.3}
  [286/369 69m] {"day": "2026-02-19", "status": "ok", "parity": true, "ts_ok": true, "lab_ok": true, "n": 28602, "dup": 1.0, "fill_f": 0.8359, "fill_s": 0.7212, "netl_f": -1.63, "netl_s": -2.313, "sec": 52.2}
  [287/369 69m] {"day": "2026-02-20", "status": "ok", "parity": true, "ts_ok": true, "lab_ok": true, "n": 28598, "dup": 1.0, "fill_f": 0.8328, "fill_s": 0.7199, "netl_f": -1.483, "netl_s": -2.172, "sec": 52.1}
  [288/369 70m] {"day": "2026-02-21", "status": "ok", "parity": true, "ts_ok": true, "lab_ok": true, "n": 28596, "dup": 1.0, "fill_f": 0.7154, "fill_s": 0.6063, "netl_f": -1.564, "netl_s": -1.824, "sec": 48.0}
  [289/369 70m] {"day": "2026-02-22", "status": "ok", "parity": true, "ts_ok": true, "lab_ok": true, "n": 28614, "dup": 1.0, "fill_f": 0.7018, "fill_s": 0.5876, "netl_f": -1.553, "netl_s": -1.806, "sec": 47.3}
  [290/369 70m] {"day": "2026-02-23", "status": "ok", "parity": true, "ts_ok": true, "lab_ok": true, "n": 28561, "dup": 1.0, "fill_f": 0.8554, "fill_s": 0.768, "netl_f": -2.85, "netl_s": -3.553, "sec": 49.0}
  [291/369 70m] {"day": "2026-02-24", "status": "ok", "parity": true, "ts_ok": true, "lab_ok": true, "n": 28321, "dup": 1.0, "fill_f": 0.8529, "fill_s": 0.7518, "netl_f": -2.181, "netl_s": -2.894, "sec": 47.1}
  [292/369 70m] {"day": "2026-02-25", "status": "ok", "parity": true, "ts_ok": true, "lab_ok": true, "n": 28464, "dup": 1.0, "fill_f": 0.8672, "fill_s": 0.7803, "netl_f": -0.852, "netl_s": -1.57, "sec": 50.1}
  [293/369 71m] {"day": "2026-02-26", "status": "ok", "parity": true, "ts_ok": true, "lab_ok": true, "n": 27620, "dup": 1.0, "fill_f": 0.855, "fill_s": 0.7508, "netl_f": -2.03, "netl_s": -2.773, "sec": 48.6}
  [294/369 71m] {"day": "2026-02-27", "status": "ok", "parity": true, "ts_ok": true, "lab_ok": true, "n": 28617, "dup": 1.0, "fill_f": 0.858, "fill_s": 0.7547, "netl_f": -2.332, "netl_s": -3.003, "sec": 50.8}
  [295/369 71m] {"day": "2026-02-28", "status": "ok", "parity": true, "ts_ok": true, "lab_ok": true, "n": 28346, "dup": 1.0, "fill_f": 0.8317, "fill_s": 0.7445, "netl_f": -1.747, "netl_s": -2.368, "sec": 51.2}
  [296/369 71m] {"day": "2026-03-01", "status": "ok", "parity": true, "ts_ok": true, "lab_ok": true, "n": 28521, "dup": 1.0, "fill_f": 0.8554, "fill_s": 0.7738, "netl_f": -2.834, "netl_s": -3.59, "sec": 49.3}
  [297/369 71m] {"day": "2026-03-02", "status": "ok", "parity": true, "ts_ok": true, "lab_ok": true, "n": 28222, "dup": 1.0, "fill_f": 0.8838, "fill_s": 0.7852, "netl_f": -0.951, "netl_s": -1.609, "sec": 51.1}
  [298/369 72m] {"day": "2026-03-03", "status": "ok", "parity": true, "ts_ok": true, "lab_ok": true, "n": 28417, "dup": 1.0, "fill_f": 0.8944, "fill_s": 0.7917, "netl_f": -2.136, "netl_s": -3.069, "sec": 53.4}
  [299/369 72m] {"day": "2026-03-04", "status": "ok", "parity": true, "ts_ok": true, "lab_ok": true, "n": 28611, "dup": 1.0, "fill_f": 0.9022, "fill_s": 0.8269, "netl_f": -0.647, "netl_s": -1.238, "sec": 55.8}
  [300/369 72m] {"day": "2026-03-05", "status": "ok", "parity": true, "ts_ok": true, "lab_ok": true, "n": 28174, "dup": 1.0, "fill_f": 0.8791, "fill_s": 0.7837, "netl_f": -2.292, "netl_s": -3.072, "sec": 53.3}
  [301/369 72m] {"day": "2026-03-06", "status": "ok", "parity": true, "ts_ok": true, "lab_ok": true, "n": 28090, "dup": 1.0, "fill_f": 0.8658, "fill_s": 0.7617, "netl_f": -2.455, "netl_s": -3.148, "sec": 53.3}
  [302/369 73m] {"day": "2026-03-07", "status": "ok", "parity": true, "ts_ok": true, "lab_ok": true, "n": 28613, "dup": 1.0, "fill_f": 0.7676, "fill_s": 0.6566, "netl_f": -1.879, "netl_s": -2.272, "sec": 45.3}
  [303/369 73m] {"day": "2026-03-08", "status": "ok", "parity": true, "ts_ok": true, "lab_ok": true, "n": 28395, "dup": 1.0, "fill_f": 0.7937, "fill_s": 0.6835, "netl_f": -2.223, "netl_s": -2.727, "sec": 44.0}
  [304/369 73m] {"day": "2026-03-09", "status": "ok", "parity": true, "ts_ok": true, "lab_ok": true, "n": 28509, "dup": 1.0, "fill_f": 0.8785, "fill_s": 0.7843, "netl_f": -1.104, "netl_s": -1.773, "sec": 51.9}
  [305/369 73m] {"day": "2026-03-10", "status": "ok", "parity": true, "ts_ok": true, "lab_ok": true, "n": 28613, "dup": 1.0, "fill_f": 0.8723, "fill_s": 0.7777, "netl_f": -1.499, "netl_s": -2.255, "sec": 51.0}
  [306/369 73m] {"day": "2026-03-11", "status": "ok", "parity": true, "ts_ok": true, "lab_ok": true, "n": 28479, "dup": 1.0, "fill_f": 0.8558, "fill_s": 0.756, "netl_f": -1.704, "netl_s": -2.239, "sec": 50.4}
  [307/369 74m] {"day": "2026-03-12", "status": "ok", "parity": true, "ts_ok": true, "lab_ok": true, "n": 28605, "dup": 1.0, "fill_f": 0.8526, "fill_s": 0.7411, "netl_f": -1.675, "netl_s": -2.33, "sec": 51.0}
  [308/369 74m] {"day": "2026-03-13", "status": "ok", "parity": true, "ts_ok": true, "lab_ok": true, "n": 27883, "dup": 1.0, "fill_f": 0.8591, "fill_s": 0.7647, "netl_f": -1.578, "netl_s": -2.252, "sec": 53.2}
  [309/369 74m] {"day": "2026-03-14", "status": "ok", "parity": true, "ts_ok": true, "lab_ok": true, "n": 28610, "dup": 1.0, "fill_f": 0.6971, "fill_s": 0.5835, "netl_f": -1.399, "netl_s": -1.639, "sec": 52.2}
  [310/369 74m] {"day": "2026-03-15", "status": "ok", "parity": true, "ts_ok": true, "lab_ok": true, "n": 28604, "dup": 1.0, "fill_f": 0.7834, "fill_s": 0.6812, "netl_f": -1.263, "netl_s": -1.59, "sec": 50.9}
  [311/369 74m] {"day": "2026-03-16", "status": "ok", "parity": true, "ts_ok": true, "lab_ok": true, "n": 28330, "dup": 1.0, "fill_f": 0.8631, "fill_s": 0.7748, "netl_f": -1.403, "netl_s": -1.969, "sec": 50.5}
  [312/369 75m] {"day": "2026-03-17", "status": "ok", "parity": true, "ts_ok": true, "lab_ok": true, "n": 28430, "dup": 1.0, "fill_f": 0.8466, "fill_s": 0.7505, "netl_f": -2.162, "netl_s": -2.801, "sec": 47.6}
  [313/369 75m] {"day": "2026-03-18", "status": "ok", "parity": true, "ts_ok": true, "lab_ok": true, "n": 28608, "dup": 1.0, "fill_f": 0.8415, "fill_s": 0.7428, "netl_f": -2.306, "netl_s": -2.831, "sec": 51.3}
  [314/369 75m] {"day": "2026-03-19", "status": "ok", "parity": true, "ts_ok": true, "lab_ok": true, "n": 28288, "dup": 1.0, "fill_f": 0.8536, "fill_s": 0.7489, "netl_f": -2.176, "netl_s": -2.897, "sec": 54.2}
  [315/369 75m] {"day": "2026-03-20", "status": "ok", "parity": true, "ts_ok": true, "lab_ok": true, "n": 28602, "dup": 1.0, "fill_f": 0.8472, "fill_s": 0.7322, "netl_f": -1.499, "netl_s": -2.213, "sec": 53.5}
  [316/369 76m] {"day": "2026-03-21", "status": "ok", "parity": true, "ts_ok": true, "lab_ok": true, "n": 28610, "dup": 1.0, "fill_f": 0.6996, "fill_s": 0.5908, "netl_f": -1.831, "netl_s": -2.146, "sec": 47.1}
  [317/369 76m] {"day": "2026-03-22", "status": "ok", "parity": true, "ts_ok": true, "lab_ok": true, "n": 28583, "dup": 1.0, "fill_f": 0.784, "fill_s": 0.6713, "netl_f": -2.06, "netl_s": -2.527, "sec": 46.8}
  [318/369 76m] {"day": "2026-03-23", "status": "ok", "parity": true, "ts_ok": true, "lab_ok": true, "n": 28489, "dup": 1.0, "fill_f": 0.8738, "fill_s": 0.7497, "netl_f": -1.06, "netl_s": -1.773, "sec": 54.4}
  [319/369 76m] {"day": "2026-03-24", "status": "ok", "parity": true, "ts_ok": true, "lab_ok": true, "n": 28605, "dup": 1.0, "fill_f": 0.8627, "fill_s": 0.7253, "netl_f": -1.861, "netl_s": -2.678, "sec": 49.9}
  [320/369 76m] {"day": "2026-03-25", "status": "ok", "parity": true, "ts_ok": true, "lab_ok": true, "n": 28140, "dup": 1.0, "fill_f": 0.8315, "fill_s": 0.7252, "netl_f": -1.672, "netl_s": -2.25, "sec": 49.0}
  [321/369 77m] {"day": "2026-03-26", "status": "ok", "parity": true, "ts_ok": true, "lab_ok": true, "n": 28281, "dup": 1.0, "fill_f": 0.8297, "fill_s": 0.7059, "netl_f": -2.5, "netl_s": -3.271, "sec": 50.3}
  [322/369 77m] {"day": "2026-03-27", "status": "ok", "parity": true, "ts_ok": true, "lab_ok": true, "n": 28623, "dup": 1.0, "fill_f": 0.8164, "fill_s": 0.7136, "netl_f": -2.476, "netl_s": -3.134, "sec": 51.6}
  [323/369 77m] {"day": "2026-03-28", "status": "ok", "parity": true, "ts_ok": true, "lab_ok": true, "n": 28599, "dup": 1.0, "fill_f": 0.7057, "fill_s": 0.5713, "netl_f": -1.636, "netl_s": -1.956, "sec": 51.3}
  [324/369 77m] {"day": "2026-03-29", "status": "ok", "parity": true, "ts_ok": true, "lab_ok": true, "n": 28407, "dup": 1.0, "fill_f": 0.7381, "fill_s": 0.595, "netl_f": -1.984, "netl_s": -2.555, "sec": 52.2}
  [325/369 77m] {"day": "2026-03-30", "status": "ok", "parity": true, "ts_ok": true, "lab_ok": true, "n": 28559, "dup": 1.0, "fill_f": 0.8473, "fill_s": 0.7473, "netl_f": -1.482, "netl_s": -2.008, "sec": 51.6}
  [326/369 78m] {"day": "2026-03-31", "status": "ok", "parity": true, "ts_ok": true, "lab_ok": true, "n": 27776, "dup": 1.0, "fill_f": 0.854, "fill_s": 0.7477, "netl_f": -1.58, "netl_s": -2.344, "sec": 45.7}
  [327/369 78m] {"day": "2026-04-01", "status": "ok", "parity": true, "ts_ok": true, "lab_ok": true, "n": 28602, "dup": 1.0, "fill_f": 0.8345, "fill_s": 0.7118, "netl_f": -1.809, "netl_s": -2.469, "sec": 49.2}
  [328/369 78m] {"day": "2026-04-02", "status": "ok", "parity": true, "ts_ok": true, "lab_ok": true, "n": 28558, "dup": 1.0, "fill_f": 0.8294, "fill_s": 0.7079, "netl_f": -2.206, "netl_s": -2.887, "sec": 55.3}
  [329/369 78m] {"day": "2026-04-03", "status": "ok", "parity": true, "ts_ok": true, "lab_ok": true, "n": 27938, "dup": 1.0, "fill_f": 0.7473, "fill_s": 0.5938, "netl_f": -1.594, "netl_s": -2.016, "sec": 50.9}
  [330/369 78m] {"day": "2026-04-04", "status": "ok", "parity": true, "ts_ok": true, "lab_ok": true, "n": 28218, "dup": 1.0, "fill_f": 0.5831, "fill_s": 0.4478, "netl_f": -1.194, "netl_s": -1.316, "sec": 45.6}
  [331/369 79m] {"day": "2026-04-05", "status": "ok", "parity": true, "ts_ok": true, "lab_ok": true, "n": 28463, "dup": 1.0, "fill_f": 0.6764, "fill_s": 0.5425, "netl_f": -1.085, "netl_s": -1.455, "sec": 46.7}
  [332/369 79m] {"day": "2026-04-06", "status": "ok", "parity": true, "ts_ok": true, "lab_ok": true, "n": 28609, "dup": 1.0, "fill_f": 0.8279, "fill_s": 0.7295, "netl_f": -1.929, "netl_s": -2.459, "sec": 51.2}
  [333/369 79m] {"day": "2026-04-07", "status": "ok", "parity": true, "ts_ok": true, "lab_ok": true, "n": 28187, "dup": 1.0, "fill_f": 0.8317, "fill_s": 0.7175, "netl_f": -0.736, "netl_s": -1.248, "sec": 53.7}
  [334/369 79m] {"day": "2026-04-08", "status": "ok", "parity": true, "ts_ok": true, "lab_ok": true, "n": 28615, "dup": 1.0, "fill_f": 0.8118, "fill_s": 0.7006, "netl_f": -2.141, "netl_s": -2.646, "sec": 56.6}
  [335/369 80m] {"day": "2026-04-09", "status": "ok", "parity": true, "ts_ok": true, "lab_ok": true, "n": 27762, "dup": 1.0, "fill_f": 0.8156, "fill_s": 0.7016, "netl_f": -1.785, "netl_s": -2.37, "sec": 53.2}
  [336/369 80m] {"day": "2026-04-10", "status": "ok", "parity": true, "ts_ok": true, "lab_ok": true, "n": 28599, "dup": 1.0, "fill_f": 0.8087, "fill_s": 0.6887, "netl_f": -1.294, "netl_s": -1.773, "sec": 51.5}
  [337/369 80m] {"day": "2026-04-11", "status": "ok", "parity": true, "ts_ok": true, "lab_ok": true, "n": 28600, "dup": 1.0, "fill_f": 0.6879, "fill_s": 0.5856, "netl_f": -1.7, "netl_s": -1.989, "sec": 50.1}
  [338/369 80m] {"day": "2026-04-12", "status": "ok", "parity": true, "ts_ok": true, "lab_ok": true, "n": 28495, "dup": 1.0, "fill_f": 0.7234, "fill_s": 0.6056, "netl_f": -2.557, "netl_s": -3.028, "sec": 49.3}
  [339/369 80m] {"day": "2026-04-13", "status": "ok", "parity": true, "ts_ok": true, "lab_ok": true, "n": 28608, "dup": 1.0, "fill_f": 0.8102, "fill_s": 0.681, "netl_f": -0.727, "netl_s": -1.237, "sec": 52.8}
  [340/369 81m] {"day": "2026-04-14", "status": "ok", "parity": true, "ts_ok": true, "lab_ok": true, "n": 28470, "dup": 1.0, "fill_f": 0.8268, "fill_s": 0.7192, "netl_f": -1.782, "netl_s": -2.246, "sec": 51.8}
  [341/369 81m] {"day": "2026-04-15", "status": "ok", "parity": true, "ts_ok": true, "lab_ok": true, "n": 28608, "dup": 1.0, "fill_f": 0.82, "fill_s": 0.678, "netl_f": -1.756, "netl_s": -2.448, "sec": 52.0}
  [342/369 81m] {"day": "2026-04-16", "status": "ok", "parity": true, "ts_ok": true, "lab_ok": true, "n": 28134, "dup": 1.0, "fill_f": 0.8252, "fill_s": 0.6886, "netl_f": -1.709, "netl_s": -2.373, "sec": 50.4}
  [343/369 81m] {"day": "2026-04-17", "status": "ok", "parity": true, "ts_ok": true, "lab_ok": true, "n": 28326, "dup": 1.0, "fill_f": 0.8043, "fill_s": 0.6874, "netl_f": -1.305, "netl_s": -1.787, "sec": 53.8}
  [344/369 82m] {"day": "2026-04-18", "status": "ok", "parity": true, "ts_ok": true, "lab_ok": true, "n": 28595, "dup": 1.0, "fill_f": 0.7522, "fill_s": 0.6281, "netl_f": -2.093, "netl_s": -2.475, "sec": 49.1}
  [345/369 82m] {"day": "2026-04-19", "status": "ok", "parity": true, "ts_ok": true, "lab_ok": true, "n": 28315, "dup": 1.0, "fill_f": 0.7913, "fill_s": 0.6826, "netl_f": -2.17, "netl_s": -2.605, "sec": 50.3}
  [346/369 82m] {"day": "2026-04-20", "status": "ok", "parity": true, "ts_ok": true, "lab_ok": true, "n": 28381, "dup": 1.0, "fill_f": 0.8235, "fill_s": 0.7014, "netl_f": -1.252, "netl_s": -1.771, "sec": 51.7}
  [347/369 82m] {"day": "2026-04-21", "status": "ok", "parity": true, "ts_ok": true, "lab_ok": true, "n": 28614, "dup": 1.0, "fill_f": 0.8246, "fill_s": 0.6804, "netl_f": -1.717, "netl_s": -2.504, "sec": 52.1}
  [348/369 82m] {"day": "2026-04-22", "status": "ok", "parity": true, "ts_ok": true, "lab_ok": true, "n": 28369, "dup": 1.0, "fill_f": 0.8248, "fill_s": 0.6815, "netl_f": -1.198, "netl_s": -1.686, "sec": 52.5}
  [349/369 83m] {"day": "2026-04-23", "status": "ok", "parity": true, "ts_ok": true, "lab_ok": true, "n": 28199, "dup": 1.0, "fill_f": 0.8647, "fill_s": 0.6414, "netl_f": 0.113, "netl_s": -0.654, "sec": 51.4}
  [350/369 83m] {"day": "2026-04-24", "status": "ok", "parity": true, "ts_ok": true, "lab_ok": true, "n": 28600, "dup": 1.0, "fill_f": 0.843, "fill_s": 0.5746, "netl_f": -0.216, "netl_s": -0.756, "sec": 53.5}
  [351/369 83m] {"day": "2026-04-25", "status": "ok", "parity": true, "ts_ok": true, "lab_ok": true, "n": 28599, "dup": 1.0, "fill_f": 0.665, "fill_s": 0.2688, "netl_f": 0.124, "netl_s": -0.271, "sec": 48.0}
  [352/369 83m] {"day": "2026-04-26", "status": "ok", "parity": true, "ts_ok": true, "lab_ok": true, "n": 28613, "dup": 1.0, "fill_f": 0.7335, "fill_s": 0.3646, "netl_f": 0.401, "netl_s": 0.036, "sec": 47.7}
  [353/369 83m] {"day": "2026-04-27", "status": "ok", "parity": true, "ts_ok": true, "lab_ok": true, "n": 28128, "dup": 1.0, "fill_f": 0.8252, "fill_s": 0.5528, "netl_f": -0.298, "netl_s": -1.148, "sec": 48.3}
  [354/369 84m] {"day": "2026-04-28", "status": "ok", "parity": true, "ts_ok": true, "lab_ok": true, "n": 28600, "dup": 1.0, "fill_f": 0.8291, "fill_s": 0.5164, "netl_f": -0.297, "netl_s": -0.828, "sec": 47.9}
  [355/369 84m] {"day": "2026-04-29", "status": "ok", "parity": true, "ts_ok": true, "lab_ok": true, "n": 28609, "dup": 1.0, "fill_f": 0.8367, "fill_s": 0.5802, "netl_f": -0.143, "netl_s": -0.996, "sec": 55.2}
  [356/369 84m] {"day": "2026-04-30", "status": "ok", "parity": true, "ts_ok": true, "lab_ok": true, "n": 28598, "dup": 1.0, "fill_f": 0.7951, "fill_s": 0.4461, "netl_f": 0.123, "netl_s": -0.515, "sec": 55.5}
  [357/369 84m] {"day": "2026-05-02", "status": "ok", "parity": true, "ts_ok": true, "lab_ok": true, "n": 28538, "dup": 1.0, "fill_f": 0.7106, "fill_s": 0.3044, "netl_f": 0.264, "netl_s": -0.313, "sec": 52.5}
  [358/369 84m] {"day": "2026-05-03", "status": "ok", "parity": true, "ts_ok": true, "lab_ok": true, "n": 28582, "dup": 1.0, "fill_f": 0.7242, "fill_s": 0.3445, "netl_f": -0.294, "netl_s": -0.853, "sec": 48.5}
  [359/369 85m] {"day": "2026-05-04", "status": "ok", "parity": true, "ts_ok": true, "lab_ok": true, "n": 28592, "dup": 1.0, "fill_f": 0.8582, "fill_s": 0.6219, "netl_f": 0.205, "netl_s": -0.449, "sec": 56.7}
  [360/369 85m] {"day": "2026-05-05", "status": "ok", "parity": true, "ts_ok": true, "lab_ok": true, "n": 28596, "dup": 1.0, "fill_f": 0.8311, "fill_s": 0.5487, "netl_f": 0.396, "netl_s": -0.258, "sec": 53.8}
  [361/369 85m] {"day": "2026-05-09", "status": "ok", "parity": true, "ts_ok": true, "lab_ok": true, "n": 28505, "dup": 3.0, "fill_f": 0.5969, "fill_s": 0.4583, "netl_f": -1.507, "netl_s": -1.612, "sec": 53.4}
  [362/369 85m] {"day": "2026-05-10", "status": "ok", "parity": true, "ts_ok": true, "lab_ok": true, "n": 28431, "dup": 3.0, "fill_f": 0.6394, "fill_s": 0.4469, "netl_f": -1.11, "netl_s": -1.378, "sec": 53.0}
  [363/369 86m] {"day": "2026-05-16", "status": "ok", "parity": true, "ts_ok": true, "lab_ok": true, "n": 27856, "dup": 3.0, "fill_f": 0.6272, "fill_s": 0.4685, "netl_f": -1.86, "netl_s": -2.149, "sec": 42.9}
  [364/369 86m] {"day": "2026-05-17", "status": "ok", "parity": true, "ts_ok": true, "lab_ok": true, "n": 27624, "dup": 3.0, "fill_f": 0.6295, "fill_s": 0.4523, "netl_f": -2.234, "netl_s": -2.686, "sec": 42.4}
  [365/369 86m] {"day": "2026-05-18", "status": "ok", "parity": true, "ts_ok": true, "lab_ok": true, "n": 126, "dup": 3.0, "fill_f": 0.8413, "fill_s": 0.7381, "netl_f": -9.309, "netl_s": -9.76, "sec": 0.6}
  [366/369 86m] {"day": "2026-05-25", "status": "ok", "parity": true, "ts_ok": true, "lab_ok": true, "n": 27564, "dup": 3.0, "fill_f": 0.7, "fill_s": 0.4785, "netl_f": -1.568, "netl_s": -2.069, "sec": 45.5}
  [367/369 86m] {"day": "2026-05-30", "status": "ok", "parity": true, "ts_ok": true, "lab_ok": true, "n": 27552, "dup": 3.0, "fill_f": 0.6015, "fill_s": 0.4229, "netl_f": -1.454, "netl_s": -1.815, "sec": 43.3}
  [368/369 86m] {"day": "2026-05-31", "status": "ok", "parity": true, "ts_ok": true, "lab_ok": true, "n": 27712, "dup": 3.0, "fill_f": 0.6448, "fill_s": 0.45, "netl_f": -1.692, "netl_s": -2.154, "sec": 33.9}
  [369/369 86m] {"day": "2026-06-02", "status": "ok", "parity": true, "ts_ok": true, "lab_ok": true, "n": 3652, "dup": 3.0, "fill_f": 0.8546, "fill_s": 0.7251, "netl_f": -3.504, "netl_s": -4.848, "sec": 11.3}
[DONE] ok=369/369 parity-fail=0 []
[SUMMARY] fill frozen=0.7585 strict=0.6167 | netl150(filled) frozen=-1.852bp strict=-2.407bp
=== combine BTC 2026-07-30T21:28:01Z ===
[combine] parent dailies: 370
  0/370 2025-05-09
  40/370 2025-06-18
  80/370 2025-07-28
  120/370 2025-09-06
  160/370 2025-10-16
  200/370 2025-11-25
  240/370 2026-01-04
  280/370 2026-02-14
  320/370 2026-03-26
  360/370 2026-05-05
[saved] gs://market-data-0998ac51/research_runs/maker_labels_tb3s_h150dstrict/BTC.npz N=10438107 days=370 (281MB)
=== ETH src=research_runs/maker_labels_tb3s_h150d H=5100 nwork=4 2026-07-30T21:29:47Z ===
[strictfill ETH] src=research_runs/maker_labels_tb3s_h150d out=research_runs/maker_labels_tb3s_h150dstrict H=5100 days=361 todo=361 workers=4
  [1/361 2m] {"day": "2025-05-09", "status": "ok", "parity": true, "ts_ok": true, "lab_ok": true, "n": 28615, "dup": 1.0, "fill_f": 0.9088, "fill_s": 0.8324, "netl_f": -1.065, "netl_s": -2.148, "sec": 108.4}
  [2/361 2m] {"day": "2025-05-10", "status": "ok", "parity": true, "ts_ok": true, "lab_ok": true, "n": 28511, "dup": 1.0, "fill_f": 0.9014, "fill_s": 0.8227, "netl_f": -0.411, "netl_s": -1.337, "sec": 102.5}
  [3/361 2m] {"day": "2025-05-11", "status": "ok", "parity": true, "ts_ok": true, "lab_ok": true, "n": 28619, "dup": 1.0, "fill_f": 0.9058, "fill_s": 0.8386, "netl_f": -2.444, "netl_s": -3.356, "sec": 103.7}
  [4/361 2m] {"day": "2025-05-12", "status": "ok", "parity": true, "ts_ok": true, "lab_ok": true, "n": 28543, "dup": 1.0, "fill_f": 0.9186, "fill_s": 0.8428, "netl_f": -2.074, "netl_s": -3.049, "sec": 105.1}
  [5/361 3m] {"day": "2025-05-13", "status": "ok", "parity": true, "ts_ok": true, "lab_ok": true, "n": 28534, "dup": 1.0, "fill_f": 0.9115, "fill_s": 0.8283, "netl_f": -0.452, "netl_s": -1.349, "sec": 73.8}
  [6/361 3m] {"day": "2025-05-14", "status": "ok", "parity": true, "ts_ok": true, "lab_ok": true, "n": 28390, "dup": 1.0, "fill_f": 0.9016, "fill_s": 0.819, "netl_f": -2.345, "netl_s": -3.242, "sec": 78.8}
  [7/361 3m] {"day": "2025-05-15", "status": "ok", "parity": true, "ts_ok": true, "lab_ok": true, "n": 28616, "dup": 1.0, "fill_f": 0.9186, "fill_s": 0.839, "netl_f": -2.391, "netl_s": -3.447, "sec": 84.6}
  [8/361 3m] {"day": "2025-05-16", "status": "ok", "parity": true, "ts_ok": true, "lab_ok": true, "n": 28400, "dup": 1.0, "fill_f": 0.8944, "fill_s": 0.8073, "netl_f": -1.923, "netl_s": -2.72, "sec": 82.2}
  [9/361 4m] {"day": "2025-05-17", "status": "ok", "parity": true, "ts_ok": true, "lab_ok": true, "n": 28613, "dup": 1.0, "fill_f": 0.8843, "fill_s": 0.7873, "netl_f": -2.298, "netl_s": -3.196, "sec": 33.7}
  [10/361 4m] {"day": "2025-05-18", "status": "ok", "parity": true, "ts_ok": true, "lab_ok": true, "n": 28537, "dup": 1.0, "fill_f": 0.8734, "fill_s": 0.79, "netl_f": -1.628, "netl_s": -2.28, "sec": 50.6}
  [11/361 5m] {"day": "2025-05-19", "status": "ok", "parity": true, "ts_ok": true, "lab_ok": true, "n": 28548, "dup": 1.0, "fill_f": 0.9135, "fill_s": 0.8389, "netl_f": -1.661, "netl_s": -2.611, "sec": 88.7}
  [12/361 5m] {"day": "2025-05-20", "status": "ok", "parity": true, "ts_ok": true, "lab_ok": true, "n": 28551, "dup": 1.0, "fill_f": 0.9018, "fill_s": 0.825, "netl_f": -2.052, "netl_s": -2.925, "sec": 81.3}
  [13/361 5m] {"day": "2025-05-21", "status": "ok", "parity": true, "ts_ok": true, "lab_ok": true, "n": 28497, "dup": 1.0, "fill_f": 0.9052, "fill_s": 0.8329, "netl_f": -1.861, "netl_s": -2.763, "sec": 74.4}
  [14/361 5m] {"day": "2025-05-22", "status": "ok", "parity": true, "ts_ok": true, "lab_ok": true, "n": 28524, "dup": 1.0, "fill_f": 0.9063, "fill_s": 0.8359, "netl_f": -1.09, "netl_s": -1.837, "sec": 58.0}
  [15/361 6m] {"day": "2025-05-23", "status": "ok", "parity": true, "ts_ok": true, "lab_ok": true, "n": 28505, "dup": 1.0, "fill_f": 0.9081, "fill_s": 0.8352, "netl_f": -2.998, "netl_s": -3.95, "sec": 63.4}
  [16/361 6m] {"day": "2025-05-24", "status": "ok", "parity": true, "ts_ok": true, "lab_ok": true, "n": 28498, "dup": 1.0, "fill_f": 0.8483, "fill_s": 0.7337, "netl_f": -1.688, "netl_s": -2.262, "sec": 64.8}
  [17/361 6m] {"day": "2025-05-25", "status": "ok", "parity": true, "ts_ok": true, "lab_ok": true, "n": 28606, "dup": 1.0, "fill_f": 0.8569, "fill_s": 0.7661, "netl_f": -1.737, "netl_s": -2.377, "sec": 66.3}
  [18/361 6m] {"day": "2025-05-26", "status": "ok", "parity": true, "ts_ok": true, "lab_ok": true, "n": 28506, "dup": 1.0, "fill_f": 0.8543, "fill_s": 0.7477, "netl_f": -1.667, "netl_s": -2.316, "sec": 66.2}
  [19/361 6m] {"day": "2025-05-27", "status": "ok", "parity": true, "ts_ok": true, "lab_ok": true, "n": 28573, "dup": 1.0, "fill_f": 0.8879, "fill_s": 0.8133, "netl_f": -1.166, "netl_s": -1.75, "sec": 53.1}
  [20/361 7m] {"day": "2025-05-28", "status": "ok", "parity": true, "ts_ok": true, "lab_ok": true, "n": 28571, "dup": 1.0, "fill_f": 0.8685, "fill_s": 0.7714, "netl_f": -1.797, "netl_s": -2.615, "sec": 55.8}
  [21/361 7m] {"day": "2025-05-29", "status": "ok", "parity": true, "ts_ok": true, "lab_ok": true, "n": 28564, "dup": 1.0, "fill_f": 0.8918, "fill_s": 0.8274, "netl_f": -2.15, "netl_s": -2.677, "sec": 58.8}
  [22/361 7m] {"day": "2025-05-30", "status": "ok", "parity": true, "ts_ok": true, "lab_ok": true, "n": 28555, "dup": 1.0, "fill_f": 0.8966, "fill_s": 0.8236, "netl_f": -2.614, "netl_s": -3.268, "sec": 64.2}
  [23/361 7m] {"day": "2025-05-31", "status": "ok", "parity": true, "ts_ok": true, "lab_ok": true, "n": 28565, "dup": 1.0, "fill_f": 0.856, "fill_s": 0.7597, "netl_f": -1.804, "netl_s": -2.322, "sec": 52.6}
  [24/361 8m] {"day": "2025-06-01", "status": "ok", "parity": true, "ts_ok": true, "lab_ok": true, "n": 28615, "dup": 1.0, "fill_f": 0.847, "fill_s": 0.7531, "netl_f": -1.72, "netl_s": -2.23, "sec": 62.7}
  [25/361 8m] {"day": "2025-06-02", "status": "ok", "parity": true, "ts_ok": true, "lab_ok": true, "n": 28609, "dup": 1.0, "fill_f": 0.8823, "fill_s": 0.7778, "netl_f": -1.262, "netl_s": -2.048, "sec": 60.5}
  [26/361 8m] {"day": "2025-06-03", "status": "ok", "parity": true, "ts_ok": true, "lab_ok": true, "n": 28517, "dup": 1.0, "fill_f": 0.8691, "fill_s": 0.7682, "netl_f": -1.922, "netl_s": -2.606, "sec": 56.0}
  [27/361 8m] {"day": "2025-06-04", "status": "ok", "parity": true, "ts_ok": true, "lab_ok": true, "n": 28611, "dup": 1.0, "fill_f": 0.867, "fill_s": 0.7806, "netl_f": -1.575, "netl_s": -2.098, "sec": 53.4}
  [28/361 9m] {"day": "2025-06-05", "status": "ok", "parity": true, "ts_ok": true, "lab_ok": true, "n": 28582, "dup": 1.0, "fill_f": 0.8832, "fill_s": 0.791, "netl_f": -3.274, "netl_s": -3.996, "sec": 57.6}
  [29/361 9m] {"day": "2025-06-06", "status": "ok", "parity": true, "ts_ok": true, "lab_ok": true, "n": 28608, "dup": 1.0, "fill_f": 0.8695, "fill_s": 0.7555, "netl_f": -1.391, "netl_s": -2.16, "sec": 58.4}
  [30/361 9m] {"day": "2025-06-07", "status": "ok", "parity": true, "ts_ok": true, "lab_ok": true, "n": 28437, "dup": 1.0, "fill_f": 0.8031, "fill_s": 0.6577, "netl_f": -1.25, "netl_s": -1.906, "sec": 59.5}
  [31/361 9m] {"day": "2025-06-08", "status": "ok", "parity": true, "ts_ok": true, "lab_ok": true, "n": 28615, "dup": 1.0, "fill_f": 0.8031, "fill_s": 0.655, "netl_f": -1.777, "netl_s": -2.288, "sec": 50.0}
  [32/361 9m] {"day": "2025-06-09", "status": "ok", "parity": true, "ts_ok": true, "lab_ok": true, "n": 28611, "dup": 1.0, "fill_f": 0.8438, "fill_s": 0.7357, "netl_f": -0.535, "netl_s": -1.137, "sec": 45.6}
  [33/361 10m] {"day": "2025-06-10", "status": "ok", "parity": true, "ts_ok": true, "lab_ok": true, "n": 28521, "dup": 1.0, "fill_f": 0.8869, "fill_s": 0.8043, "netl_f": -1.087, "netl_s": -1.829, "sec": 49.2}
  [34/361 10m] {"day": "2025-06-11", "status": "ok", "parity": true, "ts_ok": true, "lab_ok": true, "n": 28211, "dup": 1.0, "fill_f": 0.8895, "fill_s": 0.8076, "netl_f": -2.158, "netl_s": -2.9, "sec": 51.6}
  [35/361 10m] {"day": "2025-06-12", "status": "ok", "parity": true, "ts_ok": true, "lab_ok": true, "n": 28551, "dup": 1.0, "fill_f": 0.8949, "fill_s": 0.7954, "netl_f": -2.773, "netl_s": -3.598, "sec": 55.0}
  [36/361 10m] {"day": "2025-06-13", "status": "ok", "parity": true, "ts_ok": true, "lab_ok": true, "n": 28563, "dup": 1.0, "fill_f": 0.9055, "fill_s": 0.8262, "netl_f": -2.484, "netl_s": -3.325, "sec": 59.0}
  [37/361 11m] {"day": "2025-06-14", "status": "ok", "parity": true, "ts_ok": true, "lab_ok": true, "n": 28463, "dup": 1.0, "fill_f": 0.8489, "fill_s": 0.7034, "netl_f": -2.104, "netl_s": -2.901, "sec": 54.1}
  [38/361 11m] {"day": "2025-06-15", "status": "ok", "parity": true, "ts_ok": true, "lab_ok": true, "n": 28617, "dup": 1.0, "fill_f": 0.8318, "fill_s": 0.6919, "netl_f": -1.75, "netl_s": -2.4, "sec": 51.3}
  [39/361 11m] {"day": "2025-06-16", "status": "ok", "parity": true, "ts_ok": true, "lab_ok": true, "n": 28540, "dup": 1.0, "fill_f": 0.8803, "fill_s": 0.7846, "netl_f": -1.681, "netl_s": -2.409, "sec": 53.8}
  [40/361 11m] {"day": "2025-06-17", "status": "ok", "parity": true, "ts_ok": true, "lab_ok": true, "n": 28612, "dup": 1.0, "fill_f": 0.9032, "fill_s": 0.7994, "netl_f": -2.037, "netl_s": -2.875, "sec": 52.3}
  [41/361 11m] {"day": "2025-06-18", "status": "ok", "parity": true, "ts_ok": true, "lab_ok": true, "n": 28475, "dup": 1.0, "fill_f": 0.8813, "fill_s": 0.7752, "netl_f": -1.862, "netl_s": -2.868, "sec": 54.5}
  [42/361 12m] {"day": "2025-06-19", "status": "ok", "parity": true, "ts_ok": true, "lab_ok": true, "n": 28505, "dup": 1.0, "fill_f": 0.8386, "fill_s": 0.7233, "netl_f": -1.888, "netl_s": -2.64, "sec": 52.8}
  [43/361 12m] {"day": "2025-06-20", "status": "ok", "parity": true, "ts_ok": true, "lab_ok": true, "n": 28568, "dup": 1.0, "fill_f": 0.864, "fill_s": 0.7694, "netl_f": -2.594, "netl_s": -3.314, "sec": 50.4}
  [44/361 12m] {"day": "2025-06-21", "status": "ok", "parity": true, "ts_ok": true, "lab_ok": true, "n": 28560, "dup": 1.0, "fill_f": 0.8237, "fill_s": 0.7222, "netl_f": -3.148, "netl_s": -3.838, "sec": 42.1}
  [45/361 12m] {"day": "2025-06-22", "status": "ok", "parity": true, "ts_ok": true, "lab_ok": true, "n": 28568, "dup": 1.0, "fill_f": 0.9188, "fill_s": 0.8345, "netl_f": -2.596, "netl_s": -3.749, "sec": 52.4}
  [46/361 12m] {"day": "2025-06-23", "status": "ok", "parity": true, "ts_ok": true, "lab_ok": true, "n": 28486, "dup": 1.0, "fill_f": 0.8965, "fill_s": 0.8204, "netl_f": -0.404, "netl_s": -1.175, "sec": 55.5}
  [47/361 13m] {"day": "2025-06-24", "status": "ok", "parity": true, "ts_ok": true, "lab_ok": true, "n": 28566, "dup": 1.0, "fill_f": 0.8828, "fill_s": 0.7927, "netl_f": -1.601, "netl_s": -2.31, "sec": 54.0}
  [48/361 13m] {"day": "2025-06-25", "status": "ok", "parity": true, "ts_ok": true, "lab_ok": true, "n": 28607, "dup": 1.0, "fill_f": 0.8778, "fill_s": 0.7842, "netl_f": -1.994, "netl_s": -2.728, "sec": 51.2}
  [49/361 13m] {"day": "2025-06-26", "status": "ok", "parity": true, "ts_ok": true, "lab_ok": true, "n": 28511, "dup": 1.0, "fill_f": 0.8794, "fill_s": 0.7765, "netl_f": -1.876, "netl_s": -2.682, "sec": 54.5}
  [50/361 13m] {"day": "2025-06-27", "status": "ok", "parity": true, "ts_ok": true, "lab_ok": true, "n": 28560, "dup": 1.0, "fill_f": 0.8497, "fill_s": 0.734, "netl_f": -1.716, "netl_s": -2.34, "sec": 55.8}
  [51/361 14m] {"day": "2025-06-28", "status": "ok", "parity": true, "ts_ok": true, "lab_ok": true, "n": 28606, "dup": 1.0, "fill_f": 0.7389, "fill_s": 0.5911, "netl_f": -1.307, "netl_s": -1.592, "sec": 54.0}
  [52/361 14m] {"day": "2025-06-29", "status": "ok", "parity": true, "ts_ok": true, "lab_ok": true, "n": 28604, "dup": 1.0, "fill_f": 0.7603, "fill_s": 0.619, "netl_f": -1.108, "netl_s": -1.519, "sec": 52.2}
  [53/361 14m] {"day": "2025-06-30", "status": "ok", "parity": true, "ts_ok": true, "lab_ok": true, "n": 28454, "dup": 1.0, "fill_f": 0.8547, "fill_s": 0.7479, "netl_f": -1.873, "netl_s": -2.496, "sec": 50.3}
  [54/361 14m] {"day": "2025-07-01", "status": "ok", "parity": true, "ts_ok": true, "lab_ok": true, "n": 28602, "dup": 1.0, "fill_f": 0.8536, "fill_s": 0.7212, "netl_f": -2.44, "netl_s": -3.198, "sec": 50.1}
  [55/361 14m] {"day": "2025-07-02", "status": "ok", "parity": true, "ts_ok": true, "lab_ok": true, "n": 28491, "dup": 1.0, "fill_f": 0.8461, "fill_s": 0.7514, "netl_f": -0.485, "netl_s": -1.072, "sec": 53.2}
  [56/361 15m] {"day": "2025-07-03", "status": "ok", "parity": true, "ts_ok": true, "lab_ok": true, "n": 28570, "dup": 1.0, "fill_f": 0.8408, "fill_s": 0.7277, "netl_f": -1.687, "netl_s": -2.343, "sec": 57.0}
  [57/361 15m] {"day": "2025-07-04", "status": "ok", "parity": true, "ts_ok": true, "lab_ok": true, "n": 28604, "dup": 1.0, "fill_f": 0.8287, "fill_s": 0.7072, "netl_f": -2.476, "netl_s": -3.142, "sec": 52.1}
  [58/361 15m] {"day": "2025-07-05", "status": "ok", "parity": true, "ts_ok": true, "lab_ok": true, "n": 28587, "dup": 1.0, "fill_f": 0.7595, "fill_s": 0.6212, "netl_f": -1.64, "netl_s": -2.049, "sec": 51.2}
  [59/361 15m] {"day": "2025-07-06", "status": "ok", "parity": true, "ts_ok": true, "lab_ok": true, "n": 28505, "dup": 1.0, "fill_f": 0.76, "fill_s": 0.6204, "netl_f": -1.217, "netl_s": -1.636, "sec": 51.3}
  [60/361 15m] {"day": "2025-07-07", "status": "ok", "parity": true, "ts_ok": true, "lab_ok": true, "n": 28492, "dup": 1.0, "fill_f": 0.8338, "fill_s": 0.7049, "netl_f": -2.026, "netl_s": -2.754, "sec": 49.8}
  [61/361 16m] {"day": "2025-07-08", "status": "ok", "parity": true, "ts_ok": true, "lab_ok": true, "n": 28600, "dup": 1.0, "fill_f": 0.8108, "fill_s": 0.6873, "netl_f": -1.28, "netl_s": -1.909, "sec": 48.6}
  [62/361 16m] {"day": "2025-07-09", "status": "ok", "parity": true, "ts_ok": true, "lab_ok": true, "n": 28471, "dup": 1.0, "fill_f": 0.8459, "fill_s": 0.758, "netl_f": -0.629, "netl_s": -1.184, "sec": 52.6}
  [63/361 16m] {"day": "2025-07-10", "status": "ok", "parity": true, "ts_ok": true, "lab_ok": true, "n": 28536, "dup": 1.0, "fill_f": 0.8544, "fill_s": 0.7666, "netl_f": -0.638, "netl_s": -1.204, "sec": 52.9}
  [64/361 16m] {"day": "2025-07-11", "status": "ok", "parity": true, "ts_ok": true, "lab_ok": true, "n": 28532, "dup": 1.0, "fill_f": 0.8864, "fill_s": 0.8133, "netl_f": -1.89, "netl_s": -2.716, "sec": 55.7}
  [65/361 17m] {"day": "2025-07-12", "status": "ok", "parity": true, "ts_ok": true, "lab_ok": true, "n": 28604, "dup": 1.0, "fill_f": 0.8133, "fill_s": 0.7025, "netl_f": -2.057, "netl_s": -2.586, "sec": 50.3}
  [66/361 17m] {"day": "2025-07-13", "status": "ok", "parity": true, "ts_ok": true, "lab_ok": true, "n": 28586, "dup": 1.0, "fill_f": 0.8147, "fill_s": 0.6971, "netl_f": -1.628, "netl_s": -2.278, "sec": 47.0}
  [67/361 17m] {"day": "2025-07-14", "status": "ok", "parity": true, "ts_ok": true, "lab_ok": true, "n": 28407, "dup": 1.0, "fill_f": 0.8861, "fill_s": 0.7933, "netl_f": -1.461, "netl_s": -2.167, "sec": 49.0}
  [68/361 17m] {"day": "2025-07-15", "status": "ok", "parity": true, "ts_ok": true, "lab_ok": true, "n": 28564, "dup": 1.0, "fill_f": 0.8879, "fill_s": 0.8117, "netl_f": -1.21, "netl_s": -1.928, "sec": 49.2}
  [69/361 17m] {"day": "2025-07-16", "status": "ok", "parity": true, "ts_ok": true, "lab_ok": true, "n": 28464, "dup": 1.0, "fill_f": 0.8886, "fill_s": 0.825, "netl_f": -0.502, "netl_s": -1.046, "sec": 51.3}
  [70/361 18m] {"day": "2025-07-17", "status": "ok", "parity": true, "ts_ok": true, "lab_ok": true, "n": 28508, "dup": 1.0, "fill_f": 0.9039, "fill_s": 0.8395, "netl_f": -1.427, "netl_s": -2.159, "sec": 52.4}
  [71/361 18m] {"day": "2025-07-18", "status": "ok", "parity": true, "ts_ok": true, "lab_ok": true, "n": 28507, "dup": 1.0, "fill_f": 0.9094, "fill_s": 0.8517, "netl_f": -1.62, "netl_s": -2.302, "sec": 52.2}
  [72/361 18m] {"day": "2025-07-19", "status": "ok", "parity": true, "ts_ok": true, "lab_ok": true, "n": 28444, "dup": 1.0, "fill_f": 0.8516, "fill_s": 0.76, "netl_f": -1.793, "netl_s": -2.41, "sec": 47.8}
  [73/361 18m] {"day": "2025-07-20", "status": "ok", "parity": true, "ts_ok": true, "lab_ok": true, "n": 28311, "dup": 1.0, "fill_f": 0.8824, "fill_s": 0.8182, "netl_f": -1.082, "netl_s": -1.586, "sec": 49.4}
  [74/361 18m] {"day": "2025-07-21", "status": "ok", "parity": true, "ts_ok": true, "lab_ok": true, "n": 28581, "dup": 1.0, "fill_f": 0.8959, "fill_s": 0.8318, "netl_f": -1.83, "netl_s": -2.466, "sec": 50.5}
  [75/361 19m] {"day": "2025-07-22", "status": "ok", "parity": true, "ts_ok": true, "lab_ok": true, "n": 28532, "dup": 1.0, "fill_f": 0.8946, "fill_s": 0.8244, "netl_f": -2.031, "netl_s": -2.776, "sec": 48.5}
  [76/361 19m] {"day": "2025-07-23", "status": "ok", "parity": true, "ts_ok": true, "lab_ok": true, "n": 28405, "dup": 1.0, "fill_f": 0.8874, "fill_s": 0.8092, "netl_f": -2.605, "netl_s": -3.333, "sec": 48.5}
  [77/361 19m] {"day": "2025-07-24", "status": "ok", "parity": true, "ts_ok": true, "lab_ok": true, "n": 28521, "dup": 1.0, "fill_f": 0.8861, "fill_s": 0.8106, "netl_f": -1.781, "netl_s": -2.527, "sec": 50.9}
  [78/361 19m] {"day": "2025-07-25", "status": "ok", "parity": true, "ts_ok": true, "lab_ok": true, "n": 28456, "dup": 1.0, "fill_f": 0.8966, "fill_s": 0.8242, "netl_f": -1.878, "netl_s": -2.605, "sec": 56.2}
  [79/361 20m] {"day": "2025-07-26", "status": "ok", "parity": true, "ts_ok": true, "lab_ok": true, "n": 28592, "dup": 1.0, "fill_f": 0.8174, "fill_s": 0.7163, "netl_f": -1.859, "netl_s": -2.351, "sec": 52.7}
  [80/361 20m] {"day": "2025-07-27", "status": "ok", "parity": true, "ts_ok": true, "lab_ok": true, "n": 28365, "dup": 1.0, "fill_f": 0.8448, "fill_s": 0.7552, "netl_f": -1.207, "netl_s": -1.696, "sec": 51.1}
  [81/361 20m] {"day": "2025-07-28", "status": "ok", "parity": true, "ts_ok": true, "lab_ok": true, "n": 28443, "dup": 1.0, "fill_f": 0.8797, "fill_s": 0.7983, "netl_f": -2.375, "netl_s": -3.097, "sec": 50.7}
  [82/361 20m] {"day": "2025-07-29", "status": "ok", "parity": true, "ts_ok": true, "lab_ok": true, "n": 28556, "dup": 1.0, "fill_f": 0.8788, "fill_s": 0.8031, "netl_f": -2.018, "netl_s": -2.674, "sec": 48.2}
  [83/361 20m] {"day": "2025-07-30", "status": "ok", "parity": true, "ts_ok": true, "lab_ok": true, "n": 28445, "dup": 1.0, "fill_f": 0.8728, "fill_s": 0.7874, "netl_f": -1.905, "netl_s": -2.731, "sec": 51.6}
  [84/361 21m] {"day": "2025-07-31", "status": "ok", "parity": true, "ts_ok": true, "lab_ok": true, "n": 28556, "dup": 1.0, "fill_f": 0.8638, "fill_s": 0.7746, "netl_f": -2.436, "netl_s": -3.023, "sec": 51.2}
  [85/361 21m] {"day": "2025-08-01", "status": "ok", "parity": true, "ts_ok": true, "lab_ok": true, "n": 28496, "dup": 1.0, "fill_f": 0.9135, "fill_s": 0.8419, "netl_f": -3.191, "netl_s": -4.135, "sec": 53.2}
  [86/361 21m] {"day": "2025-08-02", "status": "ok", "parity": true, "ts_ok": true, "lab_ok": true, "n": 28555, "dup": 1.0, "fill_f": 0.8831, "fill_s": 0.8083, "netl_f": -2.304, "netl_s": -2.977, "sec": 50.3}
  [87/361 21m] {"day": "2025-08-03", "status": "ok", "parity": true, "ts_ok": true, "lab_ok": true, "n": 28609, "dup": 1.0, "fill_f": 0.8409, "fill_s": 0.7391, "netl_f": -1.174, "netl_s": -1.708, "sec": 48.4}
  [88/361 21m] {"day": "2025-08-04", "status": "ok", "parity": true, "ts_ok": true, "lab_ok": true, "n": 28455, "dup": 1.0, "fill_f": 0.8732, "fill_s": 0.7874, "netl_f": -0.547, "netl_s": -1.049, "sec": 52.0}
  [89/361 22m] {"day": "2025-08-05", "status": "ok", "parity": true, "ts_ok": true, "lab_ok": true, "n": 28375, "dup": 1.0, "fill_f": 0.8832, "fill_s": 0.7987, "netl_f": -2.271, "netl_s": -2.994, "sec": 51.6}
  [90/361 22m] {"day": "2025-08-06", "status": "ok", "parity": true, "ts_ok": true, "lab_ok": true, "n": 28613, "dup": 1.0, "fill_f": 0.8583, "fill_s": 0.7454, "netl_f": -1.497, "netl_s": -2.232, "sec": 49.2}
  [91/361 22m] {"day": "2025-08-07", "status": "ok", "parity": true, "ts_ok": true, "lab_ok": true, "n": 28487, "dup": 1.0, "fill_f": 0.863, "fill_s": 0.7696, "netl_f": -0.662, "netl_s": -1.282, "sec": 51.2}
  [92/361 22m] {"day": "2025-08-08", "status": "ok", "parity": true, "ts_ok": true, "lab_ok": true, "n": 28559, "dup": 1.0, "fill_f": 0.8703, "fill_s": 0.7905, "netl_f": -1.151, "netl_s": -1.703, "sec": 49.8}
  [93/361 23m] {"day": "2025-08-09", "status": "ok", "parity": true, "ts_ok": true, "lab_ok": true, "n": 28503, "dup": 1.0, "fill_f": 0.865, "fill_s": 0.7892, "netl_f": -0.632, "netl_s": -1.148, "sec": 48.7}
  [94/361 23m] {"day": "2025-08-10", "status": "ok", "parity": true, "ts_ok": true, "lab_ok": true, "n": 28491, "dup": 1.0, "fill_f": 0.8591, "fill_s": 0.7709, "netl_f": -1.81, "netl_s": -2.444, "sec": 51.6}
  [95/361 23m] {"day": "2025-08-11", "status": "ok", "parity": true, "ts_ok": true, "lab_ok": true, "n": 28494, "dup": 1.0, "fill_f": 0.9007, "fill_s": 0.8382, "netl_f": -1.868, "netl_s": -2.42, "sec": 52.0}
  [96/361 23m] {"day": "2025-08-12", "status": "ok", "parity": true, "ts_ok": true, "lab_ok": true, "n": 28277, "dup": 1.0, "fill_f": 0.8802, "fill_s": 0.8106, "netl_f": -0.337, "netl_s": -0.909, "sec": 51.5}
  [97/361 23m] {"day": "2025-08-13", "status": "ok", "parity": true, "ts_ok": true, "lab_ok": true, "n": 28599, "dup": 1.0, "fill_f": 0.8896, "fill_s": 0.8257, "netl_f": -1.312, "netl_s": -1.909, "sec": 53.6}
  [98/361 24m] {"day": "2025-08-14", "status": "ok", "parity": true, "ts_ok": true, "lab_ok": true, "n": 28473, "dup": 1.0, "fill_f": 0.8971, "fill_s": 0.8426, "netl_f": -2.798, "netl_s": -3.483, "sec": 54.8}
  [99/361 24m] {"day": "2025-08-15", "status": "ok", "parity": true, "ts_ok": true, "lab_ok": true, "n": 28436, "dup": 1.0, "fill_f": 0.8866, "fill_s": 0.8106, "netl_f": -2.528, "netl_s": -3.423, "sec": 54.8}
  [100/361 24m] {"day": "2025-08-16", "status": "ok", "parity": true, "ts_ok": true, "lab_ok": true, "n": 28429, "dup": 1.0, "fill_f": 0.8366, "fill_s": 0.7345, "netl_f": -1.985, "netl_s": -2.534, "sec": 51.8}
  [101/361 24m] {"day": "2025-08-17", "status": "ok", "parity": true, "ts_ok": true, "lab_ok": true, "n": 28536, "dup": 1.0, "fill_f": 0.8365, "fill_s": 0.751, "netl_f": -1.602, "netl_s": -2.121, "sec": 45.4}
  [102/361 24m] {"day": "2025-08-18", "status": "ok", "parity": true, "ts_ok": true, "lab_ok": true, "n": 28342, "dup": 1.0, "fill_f": 0.8997, "fill_s": 0.836, "netl_f": -2.859, "netl_s": -3.528, "sec": 49.5}
  [103/361 25m] {"day": "2025-08-19", "status": "ok", "parity": true, "ts_ok": true, "lab_ok": true, "n": 28542, "dup": 1.0, "fill_f": 0.8987, "fill_s": 0.824, "netl_f": -2.943, "netl_s": -3.732, "sec": 49.3}
  [104/361 25m] {"day": "2025-08-20", "status": "ok", "parity": true, "ts_ok": true, "lab_ok": true, "n": 28336, "dup": 1.0, "fill_f": 0.8936, "fill_s": 0.8316, "netl_f": -0.908, "netl_s": -1.489, "sec": 53.4}
  [105/361 25m] {"day": "2025-08-21", "status": "ok", "parity": true, "ts_ok": true, "lab_ok": true, "n": 28458, "dup": 1.0, "fill_f": 0.8813, "fill_s": 0.7971, "netl_f": -2.548, "netl_s": -3.303, "sec": 51.9}
  [106/361 25m] {"day": "2025-08-22", "status": "ok", "parity": true, "ts_ok": true, "lab_ok": true, "n": 28394, "dup": 1.0, "fill_f": 0.8996, "fill_s": 0.8246, "netl_f": 0.5, "netl_s": -0.098, "sec": 55.0}
  [107/361 26m] {"day": "2025-08-23", "status": "ok", "parity": true, "ts_ok": true, "lab_ok": true, "n": 28518, "dup": 1.0, "fill_f": 0.8457, "fill_s": 0.756, "netl_f": -2.113, "netl_s": -2.61, "sec": 53.6}
  [108/361 26m] {"day": "2025-08-24", "status": "ok", "parity": true, "ts_ok": true, "lab_ok": true, "n": 28381, "dup": 1.0, "fill_f": 0.8701, "fill_s": 0.7997, "netl_f": -1.853, "netl_s": -2.451, "sec": 54.3}
  [109/361 26m] {"day": "2025-08-25", "status": "ok", "parity": true, "ts_ok": true, "lab_ok": true, "n": 28449, "dup": 1.0, "fill_f": 0.9116, "fill_s": 0.8414, "netl_f": -3.746, "netl_s": -4.621, "sec": 57.3}
  [110/361 26m] {"day": "2025-08-26", "status": "ok", "parity": true, "ts_ok": true, "lab_ok": true, "n": 28506, "dup": 1.0, "fill_f": 0.8947, "fill_s": 0.8122, "netl_f": -1.313, "netl_s": -2.166, "sec": 50.4}
  [111/361 26m] {"day": "2025-08-27", "status": "ok", "parity": true, "ts_ok": true, "lab_ok": true, "n": 28461, "dup": 1.0, "fill_f": 0.8942, "fill_s": 0.8037, "netl_f": -2.349, "netl_s": -3.254, "sec": 52.6}
  [112/361 27m] {"day": "2025-08-28", "status": "ok", "parity": true, "ts_ok": true, "lab_ok": true, "n": 28473, "dup": 1.0, "fill_f": 0.8732, "fill_s": 0.7743, "netl_f": -1.882, "netl_s": -2.662, "sec": 51.3}
  [113/361 27m] {"day": "2025-08-29", "status": "ok", "parity": true, "ts_ok": true, "lab_ok": true, "n": 28048, "dup": 1.0, "fill_f": 0.8841, "fill_s": 0.7868, "netl_f": -2.929, "netl_s": -3.876, "sec": 51.4}
  [114/361 27m] {"day": "2025-08-30", "status": "ok", "parity": true, "ts_ok": true, "lab_ok": true, "n": 28400, "dup": 1.0, "fill_f": 0.8145, "fill_s": 0.6974, "netl_f": -2.033, "netl_s": -2.568, "sec": 48.9}
  [115/361 27m] {"day": "2025-08-31", "status": "ok", "parity": true, "ts_ok": true, "lab_ok": true, "n": 28344, "dup": 1.0, "fill_f": 0.8237, "fill_s": 0.716, "netl_f": -1.813, "netl_s": -2.333, "sec": 47.2}
  [116/361 27m] {"day": "2025-09-01", "status": "ok", "parity": true, "ts_ok": true, "lab_ok": true, "n": 28410, "dup": 1.0, "fill_f": 0.8901, "fill_s": 0.793, "netl_f": -2.384, "netl_s": -3.215, "sec": 52.1}
  [117/361 28m] {"day": "2025-09-02", "status": "ok", "parity": true, "ts_ok": true, "lab_ok": true, "n": 28486, "dup": 1.0, "fill_f": 0.882, "fill_s": 0.7734, "netl_f": -1.852, "netl_s": -2.837, "sec": 48.9}
  [118/361 28m] {"day": "2025-09-03", "status": "ok", "parity": true, "ts_ok": true, "lab_ok": true, "n": 28365, "dup": 1.0, "fill_f": 0.8496, "fill_s": 0.7295, "netl_f": -1.217, "netl_s": -1.84, "sec": 46.8}
  [119/361 28m] {"day": "2025-09-04", "status": "ok", "parity": true, "ts_ok": true, "lab_ok": true, "n": 28440, "dup": 1.0, "fill_f": 0.8614, "fill_s": 0.7541, "netl_f": -2.458, "netl_s": -3.193, "sec": 51.1}
  [120/361 28m] {"day": "2025-09-05", "status": "ok", "parity": true, "ts_ok": true, "lab_ok": true, "n": 28541, "dup": 1.0, "fill_f": 0.853, "fill_s": 0.7437, "netl_f": -1.644, "netl_s": -2.328, "sec": 56.0}
  [121/361 29m] {"day": "2025-09-06", "status": "ok", "parity": true, "ts_ok": true, "lab_ok": true, "n": 28310, "dup": 1.0, "fill_f": 0.7563, "fill_s": 0.6005, "netl_f": -1.842, "netl_s": -2.166, "sec": 53.1}
  [122/361 29m] {"day": "2025-09-07", "status": "ok", "parity": true, "ts_ok": true, "lab_ok": true, "n": 28601, "dup": 1.0, "fill_f": 0.7392, "fill_s": 0.5683, "netl_f": -1.584, "netl_s": -2.098, "sec": 53.0}
  [123/361 29m] {"day": "2025-09-08", "status": "ok", "parity": true, "ts_ok": true, "lab_ok": true, "n": 28458, "dup": 1.0, "fill_f": 0.8326, "fill_s": 0.7106, "netl_f": -1.688, "netl_s": -2.304, "sec": 51.3}
  [124/361 29m] {"day": "2025-09-09", "status": "ok", "parity": true, "ts_ok": true, "lab_ok": true, "n": 28482, "dup": 1.0, "fill_f": 0.8161, "fill_s": 0.6733, "netl_f": -1.802, "netl_s": -2.405, "sec": 47.0}
  [125/361 29m] {"day": "2025-09-10", "status": "ok", "parity": true, "ts_ok": true, "lab_ok": true, "n": 28426, "dup": 1.0, "fill_f": 0.813, "fill_s": 0.6863, "netl_f": -1.69, "netl_s": -2.281, "sec": 50.5}
  [126/361 30m] {"day": "2025-09-11", "status": "ok", "parity": true, "ts_ok": true, "lab_ok": true, "n": 28487, "dup": 1.0, "fill_f": 0.8282, "fill_s": 0.6847, "netl_f": -1.272, "netl_s": -1.93, "sec": 52.1}
  [127/361 30m] {"day": "2025-09-12", "status": "ok", "parity": true, "ts_ok": true, "lab_ok": true, "n": 28484, "dup": 1.0, "fill_f": 0.8525, "fill_s": 0.7186, "netl_f": -0.774, "netl_s": -1.507, "sec": 53.4}
  [128/361 30m] {"day": "2025-09-13", "status": "ok", "parity": true, "ts_ok": true, "lab_ok": true, "n": 28588, "dup": 1.0, "fill_f": 0.7849, "fill_s": 0.6567, "netl_f": -1.939, "netl_s": -2.452, "sec": 50.3}
  [129/361 30m] {"day": "2025-09-14", "status": "ok", "parity": true, "ts_ok": true, "lab_ok": true, "n": 28425, "dup": 1.0, "fill_f": 0.7886, "fill_s": 0.6131, "netl_f": -2.276, "netl_s": -3.049, "sec": 50.5}
  [130/361 30m] {"day": "2025-09-15", "status": "ok", "parity": true, "ts_ok": true, "lab_ok": true, "n": 28451, "dup": 1.0, "fill_f": 0.8412, "fill_s": 0.6962, "netl_f": -2.273, "netl_s": -3.31, "sec": 50.0}
  [131/361 31m] {"day": "2025-09-16", "status": "ok", "parity": true, "ts_ok": true, "lab_ok": true, "n": 28473, "dup": 1.0, "fill_f": 0.8104, "fill_s": 0.647, "netl_f": -1.834, "netl_s": -2.645, "sec": 47.4}
  [132/361 31m] {"day": "2025-09-17", "status": "ok", "parity": true, "ts_ok": true, "lab_ok": true, "n": 28472, "dup": 1.0, "fill_f": 0.82, "fill_s": 0.6885, "netl_f": -1.631, "netl_s": -2.299, "sec": 55.3}
  [133/361 31m] {"day": "2025-09-18", "status": "ok", "parity": true, "ts_ok": true, "lab_ok": true, "n": 28534, "dup": 1.0, "fill_f": 0.8163, "fill_s": 0.6511, "netl_f": -1.878, "netl_s": -2.622, "sec": 56.5}
  [134/361 31m] {"day": "2025-09-19", "status": "ok", "parity": true, "ts_ok": true, "lab_ok": true, "n": 28515, "dup": 1.0, "fill_f": 0.7962, "fill_s": 0.655, "netl_f": -2.292, "netl_s": -2.901, "sec": 57.4}
  [135/361 31m] {"day": "2025-09-20", "status": "ok", "parity": true, "ts_ok": true, "lab_ok": true, "n": 28579, "dup": 1.0, "fill_f": 0.6918, "fill_s": 0.5286, "netl_f": -1.624, "netl_s": -1.858, "sec": 53.3}
  [136/361 32m] {"day": "2025-09-21", "status": "ok", "parity": true, "ts_ok": true, "lab_ok": true, "n": 28558, "dup": 1.0, "fill_f": 0.6928, "fill_s": 0.5336, "netl_f": -2.116, "netl_s": -2.594, "sec": 44.4}
  [137/361 32m] {"day": "2025-09-22", "status": "ok", "parity": true, "ts_ok": true, "lab_ok": true, "n": 28426, "dup": 1.0, "fill_f": 0.8678, "fill_s": 0.7688, "netl_f": -2.892, "netl_s": -3.568, "sec": 48.3}
  [138/361 32m] {"day": "2025-09-23", "status": "ok", "parity": true, "ts_ok": true, "lab_ok": true, "n": 28609, "dup": 1.0, "fill_f": 0.8646, "fill_s": 0.6894, "netl_f": -2.063, "netl_s": -3.252, "sec": 47.7}
  [139/361 32m] {"day": "2025-09-24", "status": "ok", "parity": true, "ts_ok": true, "lab_ok": true, "n": 28389, "dup": 1.0, "fill_f": 0.825, "fill_s": 0.661, "netl_f": -2.086, "netl_s": -2.951, "sec": 48.8}
  [140/361 33m] {"day": "2025-09-25", "status": "ok", "parity": true, "ts_ok": true, "lab_ok": true, "n": 28504, "dup": 1.0, "fill_f": 0.9028, "fill_s": 0.8166, "netl_f": -3.548, "netl_s": -4.551, "sec": 60.4}
  [141/361 33m] {"day": "2025-09-26", "status": "ok", "parity": true, "ts_ok": true, "lab_ok": true, "n": 28470, "dup": 1.0, "fill_f": 0.8819, "fill_s": 0.7852, "netl_f": -1.179, "netl_s": -2.026, "sec": 54.6}
  [142/361 33m] {"day": "2025-09-27", "status": "ok", "parity": true, "ts_ok": true, "lab_ok": true, "n": 28196, "dup": 1.0, "fill_f": 0.764, "fill_s": 0.6142, "netl_f": -1.764, "netl_s": -2.263, "sec": 50.6}
  [143/361 33m] {"day": "2025-09-28", "status": "ok", "parity": true, "ts_ok": true, "lab_ok": true, "n": 28618, "dup": 1.0, "fill_f": 0.7676, "fill_s": 0.6171, "netl_f": -1.311, "netl_s": -1.939, "sec": 52.9}
  [144/361 34m] {"day": "2025-09-29", "status": "ok", "parity": true, "ts_ok": true, "lab_ok": true, "n": 28416, "dup": 1.0, "fill_f": 0.835, "fill_s": 0.703, "netl_f": -1.48, "netl_s": -2.132, "sec": 49.6}
  [145/361 34m] {"day": "2025-09-30", "status": "ok", "parity": true, "ts_ok": true, "lab_ok": true, "n": 28456, "dup": 1.0, "fill_f": 0.8477, "fill_s": 0.7217, "netl_f": -2.194, "netl_s": -3.011, "sec": 50.7}
  [146/361 34m] {"day": "2025-10-01", "status": "ok", "parity": true, "ts_ok": true, "lab_ok": true, "n": 28452, "dup": 1.0, "fill_f": 0.8371, "fill_s": 0.7014, "netl_f": -0.836, "netl_s": -1.425, "sec": 53.0}
  [147/361 34m] {"day": "2025-10-02", "status": "ok", "parity": true, "ts_ok": true, "lab_ok": true, "n": 28553, "dup": 1.0, "fill_f": 0.8512, "fill_s": 0.7265, "netl_f": -1.235, "netl_s": -2.051, "sec": 55.6}
  [148/361 34m] {"day": "2025-10-03", "status": "ok", "parity": true, "ts_ok": true, "lab_ok": true, "n": 28441, "dup": 1.0, "fill_f": 0.8428, "fill_s": 0.7334, "netl_f": -1.869, "netl_s": -2.583, "sec": 55.6}
  [149/361 35m] {"day": "2025-10-04", "status": "ok", "parity": true, "ts_ok": true, "lab_ok": true, "n": 28200, "dup": 1.0, "fill_f": 0.7635, "fill_s": 0.6033, "netl_f": -1.995, "netl_s": -2.595, "sec": 51.5}
  [150/361 35m] {"day": "2025-10-05", "status": "ok", "parity": true, "ts_ok": true, "lab_ok": true, "n": 28609, "dup": 1.0, "fill_f": 0.8103, "fill_s": 0.6774, "netl_f": -1.883, "netl_s": -2.596, "sec": 52.3}
  [151/361 35m] {"day": "2025-10-06", "status": "ok", "parity": true, "ts_ok": true, "lab_ok": true, "n": 28426, "dup": 1.0, "fill_f": 0.8424, "fill_s": 0.704, "netl_f": -1.28, "netl_s": -2.187, "sec": 51.2}
  [152/361 35m] {"day": "2025-10-07", "status": "ok", "parity": true, "ts_ok": true, "lab_ok": true, "n": 28301, "dup": 1.0, "fill_f": 0.8648, "fill_s": 0.7573, "netl_f": -2.961, "netl_s": -3.799, "sec": 48.3}
  [153/361 35m] {"day": "2025-10-08", "status": "ok", "parity": true, "ts_ok": true, "lab_ok": true, "n": 28151, "dup": 1.0, "fill_f": 0.8578, "fill_s": 0.7376, "netl_f": -1.596, "netl_s": -2.35, "sec": 50.7}
  [154/361 36m] {"day": "2025-10-09", "status": "ok", "parity": true, "ts_ok": true, "lab_ok": true, "n": 28544, "dup": 1.0, "fill_f": 0.8557, "fill_s": 0.7507, "netl_f": -2.666, "netl_s": -3.433, "sec": 51.7}
  [155/361 36m] {"day": "2025-10-10", "status": "ok", "parity": true, "ts_ok": true, "lab_ok": true, "n": 28592, "dup": 1.0, "fill_f": 0.8807, "fill_s": 0.7756, "netl_f": -4.479, "netl_s": -5.505, "sec": 56.8}
  [156/361 36m] {"day": "2025-10-11", "status": "ok", "parity": true, "ts_ok": true, "lab_ok": true, "n": 28504, "dup": 1.0, "fill_f": 0.9194, "fill_s": 0.8457, "netl_f": -2.37, "netl_s": -3.3, "sec": 53.6}
  [157/361 36m] {"day": "2025-10-12", "status": "ok", "parity": true, "ts_ok": true, "lab_ok": true, "n": 28472, "dup": 1.0, "fill_f": 0.8871, "fill_s": 0.8185, "netl_f": -0.488, "netl_s": -1.108, "sec": 53.3}
  [158/361 37m] {"day": "2025-10-13", "status": "ok", "parity": true, "ts_ok": true, "lab_ok": true, "n": 28473, "dup": 1.0, "fill_f": 0.8999, "fill_s": 0.8284, "netl_f": -1.918, "netl_s": -2.678, "sec": 53.9}
  [159/361 37m] {"day": "2025-10-14", "status": "ok", "parity": true, "ts_ok": true, "lab_ok": true, "n": 28514, "dup": 1.0, "fill_f": 0.9157, "fill_s": 0.8486, "netl_f": -2.625, "netl_s": -3.532, "sec": 56.2}
  [160/361 37m] {"day": "2025-10-15", "status": "ok", "parity": true, "ts_ok": true, "lab_ok": true, "n": 28366, "dup": 1.0, "fill_f": 0.8954, "fill_s": 0.796, "netl_f": -2.801, "netl_s": -3.849, "sec": 52.7}
  [161/361 37m] {"day": "2025-10-16", "status": "ok", "parity": true, "ts_ok": true, "lab_ok": true, "n": 28505, "dup": 1.0, "fill_f": 0.9076, "fill_s": 0.8129, "netl_f": -2.33, "netl_s": -3.169, "sec": 54.9}
  [162/361 37m] {"day": "2025-10-17", "status": "ok", "parity": true, "ts_ok": true, "lab_ok": true, "n": 28357, "dup": 1.0, "fill_f": 0.9104, "fill_s": 0.8252, "netl_f": -2.03, "netl_s": -3.006, "sec": 58.1}
  [163/361 38m] {"day": "2025-10-18", "status": "ok", "parity": true, "ts_ok": true, "lab_ok": true, "n": 28220, "dup": 1.0, "fill_f": 0.8288, "fill_s": 0.7148, "netl_f": -1.562, "netl_s": -2.172, "sec": 47.9}
  [164/361 38m] {"day": "2025-10-19", "status": "ok", "parity": true, "ts_ok": true, "lab_ok": true, "n": 28619, "dup": 1.0, "fill_f": 0.8438, "fill_s": 0.7517, "netl_f": -1.349, "netl_s": -1.893, "sec": 49.5}
  [165/361 38m] {"day": "2025-10-20", "status": "ok", "parity": true, "ts_ok": true, "lab_ok": true, "n": 28457, "dup": 1.0, "fill_f": 0.8768, "fill_s": 0.7763, "netl_f": -1.631, "netl_s": -2.448, "sec": 49.5}
  [166/361 38m] {"day": "2025-10-21", "status": "ok", "parity": true, "ts_ok": true, "lab_ok": true, "n": 28560, "dup": 1.0, "fill_f": 0.8832, "fill_s": 0.8052, "netl_f": -2.561, "netl_s": -3.358, "sec": 54.0}
  [167/361 39m] {"day": "2025-10-22", "status": "ok", "parity": true, "ts_ok": true, "lab_ok": true, "n": 28450, "dup": 1.0, "fill_f": 0.8889, "fill_s": 0.8097, "netl_f": -2.271, "netl_s": -3.092, "sec": 57.6}
  [168/361 39m] {"day": "2025-10-23", "status": "ok", "parity": true, "ts_ok": true, "lab_ok": true, "n": 28352, "dup": 1.0, "fill_f": 0.8483, "fill_s": 0.7589, "netl_f": -1.548, "netl_s": -2.267, "sec": 54.3}
  [169/361 39m] {"day": "2025-10-24", "status": "ok", "parity": true, "ts_ok": true, "lab_ok": true, "n": 28322, "dup": 1.0, "fill_f": 0.8422, "fill_s": 0.7553, "netl_f": -1.523, "netl_s": -2.076, "sec": 55.1}
  [170/361 39m] {"day": "2025-10-25", "status": "ok", "parity": true, "ts_ok": true, "lab_ok": true, "n": 28612, "dup": 1.0, "fill_f": 0.7254, "fill_s": 0.5996, "netl_f": -1.78, "netl_s": -2.078, "sec": 47.3}
  [171/361 39m] {"day": "2025-10-26", "status": "ok", "parity": true, "ts_ok": true, "lab_ok": true, "n": 28455, "dup": 1.0, "fill_f": 0.756, "fill_s": 0.6542, "netl_f": -0.664, "netl_s": -0.952, "sec": 47.4}
  [172/361 40m] {"day": "2025-10-27", "status": "ok", "parity": true, "ts_ok": true, "lab_ok": true, "n": 28338, "dup": 1.0, "fill_f": 0.8701, "fill_s": 0.7806, "netl_f": -2.125, "netl_s": -2.815, "sec": 50.2}
  [173/361 40m] {"day": "2025-10-28", "status": "ok", "parity": true, "ts_ok": true, "lab_ok": true, "n": 28495, "dup": 1.0, "fill_f": 0.8583, "fill_s": 0.7543, "netl_f": -2.544, "netl_s": -3.313, "sec": 51.5}
  [174/361 40m] {"day": "2025-10-29", "status": "ok", "parity": true, "ts_ok": true, "lab_ok": true, "n": 28619, "dup": 1.0, "fill_f": 0.856, "fill_s": 0.7452, "netl_f": -2.222, "netl_s": -2.956, "sec": 53.5}
  [175/361 40m] {"day": "2025-10-30", "status": "ok", "parity": true, "ts_ok": true, "lab_ok": true, "n": 28140, "dup": 1.0, "fill_f": 0.8902, "fill_s": 0.7908, "netl_f": -2.344, "netl_s": -3.341, "sec": 55.1}
  [176/361 40m] {"day": "2025-10-31", "status": "ok", "parity": true, "ts_ok": true, "lab_ok": true, "n": 28614, "dup": 1.0, "fill_f": 0.8726, "fill_s": 0.7464, "netl_f": -1.715, "netl_s": -2.448, "sec": 53.3}
  [177/361 41m] {"day": "2025-11-01", "status": "ok", "parity": true, "ts_ok": true, "lab_ok": true, "n": 28171, "dup": 1.0, "fill_f": 0.7452, "fill_s": 0.576, "netl_f": -1.522, "netl_s": -1.969, "sec": 46.9}
  [178/361 41m] {"day": "2025-11-02", "status": "ok", "parity": true, "ts_ok": true, "lab_ok": true, "n": 28618, "dup": 1.0, "fill_f": 0.774, "fill_s": 0.6222, "netl_f": -1.747, "netl_s": -2.28, "sec": 42.2}
  [179/361 41m] {"day": "2025-11-03", "status": "ok", "parity": true, "ts_ok": true, "lab_ok": true, "n": 28533, "dup": 1.0, "fill_f": 0.9007, "fill_s": 0.8301, "netl_f": -3.664, "netl_s": -4.465, "sec": 43.8}
  [180/361 41m] {"day": "2025-11-04", "status": "ok", "parity": true, "ts_ok": true, "lab_ok": true, "n": 28478, "dup": 1.0, "fill_f": 0.9234, "fill_s": 0.8671, "netl_f": -3.649, "netl_s": -4.493, "sec": 60.7}
  [181/361 42m] {"day": "2025-11-05", "status": "ok", "parity": true, "ts_ok": true, "lab_ok": true, "n": 28528, "dup": 1.0, "fill_f": 0.9051, "fill_s": 0.8369, "netl_f": -1.218, "netl_s": -1.795, "sec": 59.3}
  [182/361 42m] {"day": "2025-11-06", "status": "ok", "parity": true, "ts_ok": true, "lab_ok": true, "n": 28322, "dup": 1.0, "fill_f": 0.8927, "fill_s": 0.8071, "netl_f": -2.858, "netl_s": -3.747, "sec": 57.0}
  [183/361 42m] {"day": "2025-11-07", "status": "ok", "parity": true, "ts_ok": true, "lab_ok": true, "n": 28427, "dup": 1.0, "fill_f": 0.9038, "fill_s": 0.8284, "netl_f": -1.229, "netl_s": -2.072, "sec": 52.5}
  [184/361 42m] {"day": "2025-11-08", "status": "ok", "parity": true, "ts_ok": true, "lab_ok": true, "n": 28059, "dup": 1.0, "fill_f": 0.8614, "fill_s": 0.7439, "netl_f": -2.092, "netl_s": -2.952, "sec": 42.4}
  [185/361 42m] {"day": "2025-11-09", "status": "ok", "parity": true, "ts_ok": true, "lab_ok": true, "n": 28625, "dup": 1.0, "fill_f": 0.8512, "fill_s": 0.7379, "netl_f": -1.187, "netl_s": -1.832, "sec": 48.6}
  [186/361 43m] {"day": "2025-11-10", "status": "ok", "parity": true, "ts_ok": true, "lab_ok": true, "n": 28190, "dup": 1.0, "fill_f": 0.8803, "fill_s": 0.7724, "netl_f": -2.066, "netl_s": -2.81, "sec": 51.2}
  [187/361 43m] {"day": "2025-11-11", "status": "ok", "parity": true, "ts_ok": true, "lab_ok": true, "n": 28511, "dup": 1.0, "fill_f": 0.899, "fill_s": 0.8079, "netl_f": -2.759, "netl_s": -3.616, "sec": 52.2}
  [188/361 43m] {"day": "2025-11-12", "status": "ok", "parity": true, "ts_ok": true, "lab_ok": true, "n": 28229, "dup": 1.0, "fill_f": 0.8878, "fill_s": 0.7892, "netl_f": -2.023, "netl_s": -2.979, "sec": 48.6}
  [189/361 43m] {"day": "2025-11-13", "status": "ok", "parity": true, "ts_ok": true, "lab_ok": true, "n": 28396, "dup": 1.0, "fill_f": 0.9138, "fill_s": 0.8506, "netl_f": -2.947, "netl_s": -3.914, "sec": 54.0}
  [190/361 44m] {"day": "2025-11-14", "status": "ok", "parity": true, "ts_ok": true, "lab_ok": true, "n": 28447, "dup": 1.0, "fill_f": 0.9338, "fill_s": 0.8815, "netl_f": -2.617, "netl_s": -3.574, "sec": 60.3}
  [191/361 44m] {"day": "2025-11-15", "status": "ok", "parity": true, "ts_ok": true, "lab_ok": true, "n": 28370, "dup": 1.0, "fill_f": 0.8579, "fill_s": 0.7498, "netl_f": -1.667, "netl_s": -2.379, "sec": 54.0}
  [192/361 44m] {"day": "2025-11-16", "status": "ok", "parity": true, "ts_ok": true, "lab_ok": true, "n": 28624, "dup": 1.0, "fill_f": 0.8881, "fill_s": 0.7939, "netl_f": -2.515, "netl_s": -3.423, "sec": 50.6}
  [193/361 44m] {"day": "2025-11-17", "status": "ok", "parity": true, "ts_ok": true, "lab_ok": true, "n": 28251, "dup": 1.0, "fill_f": 0.9129, "fill_s": 0.8477, "netl_f": -2.232, "netl_s": -3.142, "sec": 47.5}
  [194/361 44m] {"day": "2025-11-18", "status": "ok", "parity": true, "ts_ok": true, "lab_ok": true, "n": 28466, "dup": 1.0, "fill_f": 0.9167, "fill_s": 0.8557, "netl_f": -1.387, "netl_s": -2.143, "sec": 51.4}
  [195/361 45m] {"day": "2025-11-19", "status": "ok", "parity": true, "ts_ok": true, "lab_ok": true, "n": 28285, "dup": 1.0, "fill_f": 0.9133, "fill_s": 0.8491, "netl_f": -2.448, "netl_s": -3.207, "sec": 53.9}
  [196/361 45m] {"day": "2025-11-20", "status": "ok", "parity": true, "ts_ok": true, "lab_ok": true, "n": 28206, "dup": 1.0, "fill_f": 0.9014, "fill_s": 0.8322, "netl_f": -3.204, "netl_s": -4.151, "sec": 56.4}
  [197/361 45m] {"day": "2025-11-21", "status": "ok", "parity": true, "ts_ok": true, "lab_ok": true, "n": 28379, "dup": 1.0, "fill_f": 0.9362, "fill_s": 0.8766, "netl_f": -2.528, "netl_s": -3.508, "sec": 65.2}
  [198/361 45m] {"day": "2025-11-22", "status": "ok", "parity": true, "ts_ok": true, "lab_ok": true, "n": 28620, "dup": 1.0, "fill_f": 0.8846, "fill_s": 0.7722, "netl_f": -2.027, "netl_s": -2.846, "sec": 53.0}
  [199/361 45m] {"day": "2025-11-23", "status": "ok", "parity": true, "ts_ok": true, "lab_ok": true, "n": 28621, "dup": 1.0, "fill_f": 0.8777, "fill_s": 0.7825, "netl_f": -1.604, "netl_s": -2.348, "sec": 53.4}
  [200/361 46m] {"day": "2025-11-24", "status": "ok", "parity": true, "ts_ok": true, "lab_ok": true, "n": 28242, "dup": 1.0, "fill_f": 0.9062, "fill_s": 0.8276, "netl_f": -0.848, "netl_s": -1.577, "sec": 53.4}
  [201/361 46m] {"day": "2025-11-25", "status": "ok", "parity": true, "ts_ok": true, "lab_ok": true, "n": 28617, "dup": 1.0, "fill_f": 0.8955, "fill_s": 0.8121, "netl_f": -1.803, "netl_s": -2.638, "sec": 50.7}
  [202/361 46m] {"day": "2025-11-26", "status": "ok", "parity": true, "ts_ok": true, "lab_ok": true, "n": 27714, "dup": 1.0, "fill_f": 0.8833, "fill_s": 0.7824, "netl_f": -1.358, "netl_s": -2.195, "sec": 52.0}
  [203/361 46m] {"day": "2025-11-27", "status": "ok", "parity": true, "ts_ok": true, "lab_ok": true, "n": 28099, "dup": 1.0, "fill_f": 0.8495, "fill_s": 0.7407, "netl_f": -1.664, "netl_s": -2.206, "sec": 53.6}
  [204/361 47m] {"day": "2025-11-28", "status": "ok", "parity": true, "ts_ok": true, "lab_ok": true, "n": 28617, "dup": 1.0, "fill_f": 0.8618, "fill_s": 0.7621, "netl_f": -1.687, "netl_s": -2.327, "sec": 56.6}
  [205/361 47m] {"day": "2025-11-29", "status": "ok", "parity": true, "ts_ok": true, "lab_ok": true, "n": 28614, "dup": 1.0, "fill_f": 0.7976, "fill_s": 0.682, "netl_f": -1.831, "netl_s": -2.287, "sec": 50.4}
  [206/361 47m] {"day": "2025-11-30", "status": "ok", "parity": true, "ts_ok": true, "lab_ok": true, "n": 28612, "dup": 1.0, "fill_f": 0.8034, "fill_s": 0.6592, "netl_f": -1.616, "netl_s": -2.097, "sec": 50.6}
  [207/361 47m] {"day": "2025-12-01", "status": "ok", "parity": true, "ts_ok": true, "lab_ok": true, "n": 28453, "dup": 1.0, "fill_f": 0.8899, "fill_s": 0.8175, "netl_f": -3.127, "netl_s": -3.93, "sec": 54.0}
  [208/361 47m] {"day": "2025-12-02", "status": "ok", "parity": true, "ts_ok": true, "lab_ok": true, "n": 27833, "dup": 1.0, "fill_f": 0.8834, "fill_s": 0.7985, "netl_f": -0.457, "netl_s": -1.026, "sec": 50.3}
  [209/361 48m] {"day": "2025-12-03", "status": "ok", "parity": true, "ts_ok": true, "lab_ok": true, "n": 28618, "dup": 1.0, "fill_f": 0.8927, "fill_s": 0.8052, "netl_f": -0.526, "netl_s": -1.322, "sec": 52.1}
  [210/361 48m] {"day": "2025-12-04", "status": "ok", "parity": true, "ts_ok": true, "lab_ok": true, "n": 28087, "dup": 1.0, "fill_f": 0.8768, "fill_s": 0.7939, "netl_f": -2.293, "netl_s": -3.01, "sec": 53.5}
  [211/361 48m] {"day": "2025-12-05", "status": "ok", "parity": true, "ts_ok": true, "lab_ok": true, "n": 28616, "dup": 1.0, "fill_f": 0.8823, "fill_s": 0.8065, "netl_f": -2.684, "netl_s": -3.37, "sec": 55.2}
  [212/361 48m] {"day": "2025-12-06", "status": "ok", "parity": true, "ts_ok": true, "lab_ok": true, "n": 28596, "dup": 1.0, "fill_f": 0.801, "fill_s": 0.6701, "netl_f": -1.524, "netl_s": -1.966, "sec": 51.4}
  [213/361 49m] {"day": "2025-12-07", "status": "ok", "parity": true, "ts_ok": true, "lab_ok": true, "n": 28416, "dup": 1.0, "fill_f": 0.8206, "fill_s": 0.7196, "netl_f": -1.848, "netl_s": -2.404, "sec": 48.0}
  [214/361 49m] {"day": "2025-12-08", "status": "ok", "parity": true, "ts_ok": true, "lab_ok": true, "n": 28068, "dup": 1.0, "fill_f": 0.8805, "fill_s": 0.7976, "netl_f": -1.383, "netl_s": -2.168, "sec": 49.3}
  [215/361 49m] {"day": "2025-12-09", "status": "ok", "parity": true, "ts_ok": true, "lab_ok": true, "n": 28620, "dup": 1.0, "fill_f": 0.8781, "fill_s": 0.7917, "netl_f": -0.796, "netl_s": -1.373, "sec": 53.0}
  [216/361 49m] {"day": "2025-12-10", "status": "ok", "parity": true, "ts_ok": true, "lab_ok": true, "n": 27761, "dup": 1.0, "fill_f": 0.8759, "fill_s": 0.7798, "netl_f": -1.804, "netl_s": -2.603, "sec": 55.9}
  [217/361 49m] {"day": "2025-12-11", "status": "ok", "parity": true, "ts_ok": true, "lab_ok": true, "n": 28393, "dup": 1.0, "fill_f": 0.8865, "fill_s": 0.8119, "netl_f": -2.402, "netl_s": -3.021, "sec": 56.3}
  [218/361 50m] {"day": "2025-12-12", "status": "ok", "parity": true, "ts_ok": true, "lab_ok": true, "n": 27935, "dup": 1.0, "fill_f": 0.8707, "fill_s": 0.7648, "netl_f": -2.577, "netl_s": -3.361, "sec": 54.1}
  [219/361 50m] {"day": "2025-12-13", "status": "ok", "parity": true, "ts_ok": true, "lab_ok": true, "n": 28613, "dup": 1.0, "fill_f": 0.7498, "fill_s": 0.6219, "netl_f": -1.383, "netl_s": -1.686, "sec": 45.9}
  [220/361 50m] {"day": "2025-12-14", "status": "ok", "parity": true, "ts_ok": true, "lab_ok": true, "n": 28618, "dup": 1.0, "fill_f": 0.8059, "fill_s": 0.6853, "netl_f": -2.179, "netl_s": -2.765, "sec": 48.4}
  [221/361 50m] {"day": "2025-12-15", "status": "ok", "parity": true, "ts_ok": true, "lab_ok": true, "n": 28006, "dup": 1.0, "fill_f": 0.8889, "fill_s": 0.8033, "netl_f": -2.377, "netl_s": -3.126, "sec": 50.8}
  [222/361 50m] {"day": "2025-12-16", "status": "ok", "parity": true, "ts_ok": true, "lab_ok": true, "n": 27931, "dup": 1.0, "fill_f": 0.8743, "fill_s": 0.786, "netl_f": -1.76, "netl_s": -2.491, "sec": 50.9}
  [223/361 51m] {"day": "2025-12-17", "status": "ok", "parity": true, "ts_ok": true, "lab_ok": true, "n": 28614, "dup": 1.0, "fill_f": 0.8738, "fill_s": 0.7781, "netl_f": -2.692, "netl_s": -3.494, "sec": 50.6}
  [224/361 51m] {"day": "2025-12-18", "status": "ok", "parity": true, "ts_ok": true, "lab_ok": true, "n": 28208, "dup": 1.0, "fill_f": 0.8698, "fill_s": 0.7738, "netl_f": -1.962, "netl_s": -2.874, "sec": 52.5}
  [225/361 51m] {"day": "2025-12-19", "status": "ok", "parity": true, "ts_ok": true, "lab_ok": true, "n": 28417, "dup": 1.0, "fill_f": 0.8876, "fill_s": 0.7973, "netl_f": -0.833, "netl_s": -1.434, "sec": 57.1}
  [226/361 51m] {"day": "2025-12-20", "status": "ok", "parity": true, "ts_ok": true, "lab_ok": true, "n": 28619, "dup": 1.0, "fill_f": 0.6902, "fill_s": 0.5609, "netl_f": -1.376, "netl_s": -1.635, "sec": 54.3}
  [227/361 52m] {"day": "2025-12-21", "status": "ok", "parity": true, "ts_ok": true, "lab_ok": true, "n": 28613, "dup": 1.0, "fill_f": 0.7528, "fill_s": 0.6392, "netl_f": -1.415, "netl_s": -1.927, "sec": 51.6}
  [228/361 52m] {"day": "2025-12-22", "status": "ok", "parity": true, "ts_ok": true, "lab_ok": true, "n": 28333, "dup": 1.0, "fill_f": 0.8716, "fill_s": 0.766, "netl_f": -1.601, "netl_s": -2.289, "sec": 51.9}
  [229/361 52m] {"day": "2025-12-23", "status": "ok", "parity": true, "ts_ok": true, "lab_ok": true, "n": 28465, "dup": 1.0, "fill_f": 0.8456, "fill_s": 0.7387, "netl_f": -2.146, "netl_s": -2.806, "sec": 49.4}
  [230/361 52m] {"day": "2025-12-24", "status": "ok", "parity": true, "ts_ok": true, "lab_ok": true, "n": 28617, "dup": 1.0, "fill_f": 0.8262, "fill_s": 0.699, "netl_f": -1.804, "netl_s": -2.456, "sec": 55.2}
  [231/361 52m] {"day": "2025-12-25", "status": "ok", "parity": true, "ts_ok": true, "lab_ok": true, "n": 28617, "dup": 1.0, "fill_f": 0.7275, "fill_s": 0.5921, "netl_f": -2.041, "netl_s": -2.573, "sec": 55.5}
  [232/361 53m] {"day": "2025-12-26", "status": "ok", "parity": true, "ts_ok": true, "lab_ok": true, "n": 28470, "dup": 1.0, "fill_f": 0.8152, "fill_s": 0.6819, "netl_f": -1.403, "netl_s": -2.032, "sec": 55.2}
  [233/361 53m] {"day": "2025-12-27", "status": "ok", "parity": true, "ts_ok": true, "lab_ok": true, "n": 28617, "dup": 1.0, "fill_f": 0.5953, "fill_s": 0.4687, "netl_f": -1.304, "netl_s": -1.486, "sec": 48.9}
  [234/361 53m] {"day": "2025-12-28", "status": "ok", "parity": true, "ts_ok": true, "lab_ok": true, "n": 28612, "dup": 1.0, "fill_f": 0.6708, "fill_s": 0.5411, "netl_f": -1.754, "netl_s": -2.068, "sec": 45.8}
  [235/361 53m] {"day": "2025-12-29", "status": "ok", "parity": true, "ts_ok": true, "lab_ok": true, "n": 28369, "dup": 1.0, "fill_f": 0.8406, "fill_s": 0.7351, "netl_f": -1.848, "netl_s": -2.48, "sec": 54.9}
  [236/361 54m] {"day": "2025-12-30", "status": "ok", "parity": true, "ts_ok": true, "lab_ok": true, "n": 28616, "dup": 1.0, "fill_f": 0.8102, "fill_s": 0.6891, "netl_f": -1.448, "netl_s": -1.977, "sec": 53.7}
  [237/361 54m] {"day": "2025-12-31", "status": "ok", "parity": true, "ts_ok": true, "lab_ok": true, "n": 28611, "dup": 1.0, "fill_f": 0.7858, "fill_s": 0.6355, "netl_f": -1.496, "netl_s": -1.938, "sec": 53.0}
  [238/361 54m] {"day": "2026-01-01", "status": "ok", "parity": true, "ts_ok": true, "lab_ok": true, "n": 28587, "dup": 1.0, "fill_f": 0.6404, "fill_s": 0.5016, "netl_f": -1.33, "netl_s": -1.59, "sec": 51.5}
  [239/361 54m] {"day": "2026-01-02", "status": "ok", "parity": true, "ts_ok": true, "lab_ok": true, "n": 28520, "dup": 1.0, "fill_f": 0.8407, "fill_s": 0.7178, "netl_f": -1.153, "netl_s": -1.861, "sec": 58.4}
  [240/361 54m] {"day": "2026-01-03", "status": "ok", "parity": true, "ts_ok": true, "lab_ok": true, "n": 28619, "dup": 1.0, "fill_f": 0.7152, "fill_s": 0.577, "netl_f": -1.698, "netl_s": -2.073, "sec": 52.0}
  [241/361 55m] {"day": "2026-01-04", "status": "ok", "parity": true, "ts_ok": true, "lab_ok": true, "n": 28612, "dup": 1.0, "fill_f": 0.7623, "fill_s": 0.5875, "netl_f": -1.722, "netl_s": -2.27, "sec": 49.6}
  [242/361 55m] {"day": "2026-01-05", "status": "ok", "parity": true, "ts_ok": true, "lab_ok": true, "n": 28482, "dup": 1.0, "fill_f": 0.8553, "fill_s": 0.741, "netl_f": -1.225, "netl_s": -2.016, "sec": 54.8}
  [243/361 55m] {"day": "2026-01-06", "status": "ok", "parity": true, "ts_ok": true, "lab_ok": true, "n": 28454, "dup": 1.0, "fill_f": 0.8484, "fill_s": 0.7168, "netl_f": -1.289, "netl_s": -2.033, "sec": 50.7}
  [244/361 55m] {"day": "2026-01-07", "status": "ok", "parity": true, "ts_ok": true, "lab_ok": true, "n": 28615, "dup": 1.0, "fill_f": 0.8485, "fill_s": 0.732, "netl_f": -2.604, "netl_s": -3.292, "sec": 51.7}
  [245/361 56m] {"day": "2026-01-08", "status": "ok", "parity": true, "ts_ok": true, "lab_ok": true, "n": 28229, "dup": 1.0, "fill_f": 0.8523, "fill_s": 0.7318, "netl_f": -2.103, "netl_s": -2.809, "sec": 53.9}
  [246/361 56m] {"day": "2026-01-09", "status": "ok", "parity": true, "ts_ok": true, "lab_ok": true, "n": 28064, "dup": 1.0, "fill_f": 0.8232, "fill_s": 0.6917, "netl_f": -2.089, "netl_s": -2.786, "sec": 51.5}
  [247/361 56m] {"day": "2026-01-10", "status": "ok", "parity": true, "ts_ok": true, "lab_ok": true, "n": 28615, "dup": 1.0, "fill_f": 0.5394, "fill_s": 0.4011, "netl_f": -1.684, "netl_s": -1.783, "sec": 43.4}
  [248/361 56m] {"day": "2026-01-11", "status": "ok", "parity": true, "ts_ok": true, "lab_ok": true, "n": 28618, "dup": 1.0, "fill_f": 0.6009, "fill_s": 0.4709, "netl_f": -1.642, "netl_s": -2.221, "sec": 47.6}
  [249/361 56m] {"day": "2026-01-12", "status": "ok", "parity": true, "ts_ok": true, "lab_ok": true, "n": 28418, "dup": 1.0, "fill_f": 0.8201, "fill_s": 0.6883, "netl_f": -2.208, "netl_s": -2.998, "sec": 49.9}
  [250/361 57m] {"day": "2026-01-13", "status": "ok", "parity": true, "ts_ok": true, "lab_ok": true, "n": 28506, "dup": 1.0, "fill_f": 0.817, "fill_s": 0.704, "netl_f": -0.381, "netl_s": -0.883, "sec": 49.5}
  [251/361 57m] {"day": "2026-01-14", "status": "ok", "parity": true, "ts_ok": true, "lab_ok": true, "n": 28615, "dup": 1.0, "fill_f": 0.8517, "fill_s": 0.7618, "netl_f": -1.726, "netl_s": -2.25, "sec": 53.8}
  [252/361 57m] {"day": "2026-01-15", "status": "ok", "parity": true, "ts_ok": true, "lab_ok": true, "n": 28514, "dup": 1.0, "fill_f": 0.8411, "fill_s": 0.7179, "netl_f": -2.116, "netl_s": -3.046, "sec": 56.1}
  [253/361 57m] {"day": "2026-01-16", "status": "ok", "parity": true, "ts_ok": true, "lab_ok": true, "n": 28614, "dup": 1.0, "fill_f": 0.7902, "fill_s": 0.6604, "netl_f": -1.94, "netl_s": -2.558, "sec": 53.6}
  [254/361 57m] {"day": "2026-01-17", "status": "ok", "parity": true, "ts_ok": true, "lab_ok": true, "n": 28614, "dup": 1.0, "fill_f": 0.5945, "fill_s": 0.4573, "netl_f": -1.386, "netl_s": -1.514, "sec": 50.7}
  [255/361 58m] {"day": "2026-01-18", "status": "ok", "parity": true, "ts_ok": true, "lab_ok": true, "n": 28599, "dup": 1.0, "fill_f": 0.6936, "fill_s": 0.5538, "netl_f": -1.994, "netl_s": -2.288, "sec": 48.8}
  [256/361 58m] {"day": "2026-01-19", "status": "ok", "parity": true, "ts_ok": true, "lab_ok": true, "n": 28582, "dup": 1.0, "fill_f": 0.7971, "fill_s": 0.6839, "netl_f": -2.11, "netl_s": -2.621, "sec": 48.2}
  [257/361 58m] {"day": "2026-01-20", "status": "ok", "parity": true, "ts_ok": true, "lab_ok": true, "n": 28313, "dup": 1.0, "fill_f": 0.8731, "fill_s": 0.7749, "netl_f": -3.289, "netl_s": -4.032, "sec": 51.3}
  [258/361 58m] {"day": "2026-01-21", "status": "ok", "parity": true, "ts_ok": true, "lab_ok": true, "n": 27977, "dup": 1.0, "fill_f": 0.8511, "fill_s": 0.7432, "netl_f": -1.941, "netl_s": -2.876, "sec": 57.3}
  [259/361 58m] {"day": "2026-01-22", "status": "ok", "parity": true, "ts_ok": true, "lab_ok": true, "n": 27922, "dup": 1.0, "fill_f": 0.8338, "fill_s": 0.7136, "netl_f": -2.211, "netl_s": -3.061, "sec": 50.9}
  [260/361 59m] {"day": "2026-01-23", "status": "ok", "parity": true, "ts_ok": true, "lab_ok": true, "n": 28611, "dup": 1.0, "fill_f": 0.835, "fill_s": 0.713, "netl_f": -1.973, "netl_s": -2.737, "sec": 52.7}
  [261/361 59m] {"day": "2026-01-24", "status": "ok", "parity": true, "ts_ok": true, "lab_ok": true, "n": 28606, "dup": 1.0, "fill_f": 0.6134, "fill_s": 0.4691, "netl_f": -1.736, "netl_s": -1.995, "sec": 48.5}
  [262/361 59m] {"day": "2026-01-25", "status": "ok", "parity": true, "ts_ok": true, "lab_ok": true, "n": 28427, "dup": 1.0, "fill_f": 0.7544, "fill_s": 0.6404, "netl_f": -3.026, "netl_s": -3.601, "sec": 50.4}
  [263/361 59m] {"day": "2026-01-26", "status": "ok", "parity": true, "ts_ok": true, "lab_ok": true, "n": 28263, "dup": 1.0, "fill_f": 0.8658, "fill_s": 0.7736, "netl_f": -1.295, "netl_s": -2.033, "sec": 50.9}
  [264/361 60m] {"day": "2026-01-27", "status": "ok", "parity": true, "ts_ok": true, "lab_ok": true, "n": 28615, "dup": 1.0, "fill_f": 0.8452, "fill_s": 0.7363, "netl_f": -1.254, "netl_s": -1.921, "sec": 48.9}
  [265/361 60m] {"day": "2026-01-28", "status": "ok", "parity": true, "ts_ok": true, "lab_ok": true, "n": 28034, "dup": 1.0, "fill_f": 0.8421, "fill_s": 0.7038, "netl_f": -2.038, "netl_s": -2.813, "sec": 50.2}
  [266/361 60m] {"day": "2026-01-29", "status": "ok", "parity": true, "ts_ok": true, "lab_ok": true, "n": 28062, "dup": 1.0, "fill_f": 0.8355, "fill_s": 0.7405, "netl_f": -3.356, "netl_s": -4.089, "sec": 49.4}
  [267/361 60m] {"day": "2026-01-30", "status": "ok", "parity": true, "ts_ok": true, "lab_ok": true, "n": 28560, "dup": 1.0, "fill_f": 0.8923, "fill_s": 0.8213, "netl_f": -3.018, "netl_s": -3.941, "sec": 55.2}
  [268/361 60m] {"day": "2026-01-31", "status": "ok", "parity": true, "ts_ok": true, "lab_ok": true, "n": 28546, "dup": 1.0, "fill_f": 0.8795, "fill_s": 0.8067, "netl_f": -3.97, "netl_s": -4.609, "sec": 52.1}
  [269/361 61m] {"day": "2026-02-01", "status": "ok", "parity": true, "ts_ok": true, "lab_ok": true, "n": 28146, "dup": 1.0, "fill_f": 0.9033, "fill_s": 0.8537, "netl_f": -3.9, "netl_s": -4.677, "sec": 50.6}
  [270/361 61m] {"day": "2026-02-02", "status": "ok", "parity": true, "ts_ok": true, "lab_ok": true, "n": 28485, "dup": 1.0, "fill_f": 0.9311, "fill_s": 0.8805, "netl_f": -1.383, "netl_s": -2.044, "sec": 57.6}
  [271/361 61m] {"day": "2026-02-03", "status": "ok", "parity": true, "ts_ok": true, "lab_ok": true, "n": 28109, "dup": 1.0, "fill_f": 0.9206, "fill_s": 0.8646, "netl_f": -2.994, "netl_s": -3.886, "sec": 52.1}
  [272/361 61m] {"day": "2026-02-04", "status": "ok", "parity": true, "ts_ok": true, "lab_ok": true, "n": 28497, "dup": 1.0, "fill_f": 0.9259, "fill_s": 0.8634, "netl_f": -2.732, "netl_s": -3.658, "sec": 57.9}
  [273/361 61m] {"day": "2026-02-06", "status": "ok", "parity": true, "ts_ok": true, "lab_ok": true, "n": 523, "dup": 1.0, "fill_f": 0.914, "fill_s": 0.8834, "netl_f": 1.013, "netl_s": 0.406, "sec": 0.8}
  [274/361 62m] {"day": "2026-02-07", "status": "ok", "parity": true, "ts_ok": true, "lab_ok": true, "n": 28174, "dup": 1.0, "fill_f": 0.9171, "fill_s": 0.8615, "netl_f": -1.591, "netl_s": -2.307, "sec": 56.9}
  [275/361 62m] {"day": "2026-02-08", "status": "ok", "parity": true, "ts_ok": true, "lab_ok": true, "n": 28621, "dup": 1.0, "fill_f": 0.8828, "fill_s": 0.8107, "netl_f": -1.932, "netl_s": -2.603, "sec": 48.2}
  [276/361 62m] {"day": "2026-02-09", "status": "ok", "parity": true, "ts_ok": true, "lab_ok": true, "n": 28171, "dup": 1.0, "fill_f": 0.9135, "fill_s": 0.8488, "netl_f": -1.88, "netl_s": -2.698, "sec": 52.4}
  [277/361 62m] {"day": "2026-02-10", "status": "ok", "parity": true, "ts_ok": true, "lab_ok": true, "n": 28618, "dup": 1.0, "fill_f": 0.8922, "fill_s": 0.8217, "netl_f": -2.718, "netl_s": -3.452, "sec": 52.7}
  [278/361 62m] {"day": "2026-02-11", "status": "ok", "parity": true, "ts_ok": true, "lab_ok": true, "n": 27943, "dup": 1.0, "fill_f": 0.9137, "fill_s": 0.8463, "netl_f": -2.491, "netl_s": -3.436, "sec": 53.2}
  [279/361 63m] {"day": "2026-02-12", "status": "ok", "parity": true, "ts_ok": true, "lab_ok": true, "n": 28620, "dup": 1.0, "fill_f": 0.9044, "fill_s": 0.8208, "netl_f": -1.727, "netl_s": -2.521, "sec": 55.6}
  [280/361 63m] {"day": "2026-02-13", "status": "ok", "parity": true, "ts_ok": true, "lab_ok": true, "n": 27984, "dup": 1.0, "fill_f": 0.8916, "fill_s": 0.8048, "netl_f": -0.669, "netl_s": -1.337, "sec": 50.5}
  [281/361 63m] {"day": "2026-02-14", "status": "ok", "parity": true, "ts_ok": true, "lab_ok": true, "n": 27507, "dup": 1.0, "fill_f": 0.8423, "fill_s": 0.7295, "netl_f": -1.201, "netl_s": -1.77, "sec": 45.1}
  [282/361 63m] {"day": "2026-02-15", "status": "ok", "parity": true, "ts_ok": true, "lab_ok": true, "n": 28620, "dup": 1.0, "fill_f": 0.8784, "fill_s": 0.8041, "netl_f": -3.074, "netl_s": -3.796, "sec": 54.3}
  [283/361 64m] {"day": "2026-02-16", "status": "ok", "parity": true, "ts_ok": true, "lab_ok": true, "n": 28617, "dup": 1.0, "fill_f": 0.8742, "fill_s": 0.7751, "netl_f": -1.593, "netl_s": -2.339, "sec": 51.7}
  [284/361 64m] {"day": "2026-02-17", "status": "ok", "parity": true, "ts_ok": true, "lab_ok": true, "n": 28611, "dup": 1.0, "fill_f": 0.877, "fill_s": 0.7833, "netl_f": -1.953, "netl_s": -2.718, "sec": 53.7}
  [285/361 64m] {"day": "2026-02-18", "status": "ok", "parity": true, "ts_ok": true, "lab_ok": true, "n": 27573, "dup": 1.0, "fill_f": 0.8653, "fill_s": 0.7732, "netl_f": -2.338, "netl_s": -3.102, "sec": 51.9}
  [286/361 64m] {"day": "2026-02-19", "status": "ok", "parity": true, "ts_ok": true, "lab_ok": true, "n": 28618, "dup": 1.0, "fill_f": 0.8657, "fill_s": 0.7718, "netl_f": -1.96, "netl_s": -2.644, "sec": 52.3}
  [287/361 65m] {"day": "2026-02-20", "status": "ok", "parity": true, "ts_ok": true, "lab_ok": true, "n": 28619, "dup": 1.0, "fill_f": 0.8561, "fill_s": 0.7568, "netl_f": -1.597, "netl_s": -2.286, "sec": 57.8}
  [288/361 65m] {"day": "2026-02-21", "status": "ok", "parity": true, "ts_ok": true, "lab_ok": true, "n": 28615, "dup": 1.0, "fill_f": 0.7628, "fill_s": 0.6662, "netl_f": -1.609, "netl_s": -1.892, "sec": 54.7}
  [289/361 65m] {"day": "2026-02-22", "status": "ok", "parity": true, "ts_ok": true, "lab_ok": true, "n": 28616, "dup": 1.0, "fill_f": 0.7472, "fill_s": 0.6338, "netl_f": -1.917, "netl_s": -2.296, "sec": 52.3}
  [290/361 65m] {"day": "2026-02-23", "status": "ok", "parity": true, "ts_ok": true, "lab_ok": true, "n": 28577, "dup": 1.0, "fill_f": 0.8741, "fill_s": 0.8015, "netl_f": -2.889, "netl_s": -3.5, "sec": 47.6}
  [291/361 65m] {"day": "2026-02-24", "status": "ok", "parity": true, "ts_ok": true, "lab_ok": true, "n": 28406, "dup": 1.0, "fill_f": 0.8747, "fill_s": 0.7855, "netl_f": -2.06, "netl_s": -2.775, "sec": 49.2}
  [292/361 66m] {"day": "2026-02-25", "status": "ok", "parity": true, "ts_ok": true, "lab_ok": true, "n": 28433, "dup": 1.0, "fill_f": 0.8876, "fill_s": 0.808, "netl_f": -0.239, "netl_s": -0.909, "sec": 54.0}
  [293/361 66m] {"day": "2026-02-26", "status": "ok", "parity": true, "ts_ok": true, "lab_ok": true, "n": 27198, "dup": 1.0, "fill_f": 0.8809, "fill_s": 0.7911, "netl_f": -2.237, "netl_s": -3.096, "sec": 54.4}
  [294/361 66m] {"day": "2026-02-27", "status": "ok", "parity": true, "ts_ok": true, "lab_ok": true, "n": 28616, "dup": 1.0, "fill_f": 0.89, "fill_s": 0.8029, "netl_f": -2.69, "netl_s": -3.399, "sec": 50.9}
  [295/361 66m] {"day": "2026-02-28", "status": "ok", "parity": true, "ts_ok": true, "lab_ok": true, "n": 28357, "dup": 1.0, "fill_f": 0.8658, "fill_s": 0.791, "netl_f": -1.637, "netl_s": -2.3, "sec": 49.0}
  [296/361 66m] {"day": "2026-03-01", "status": "ok", "parity": true, "ts_ok": true, "lab_ok": true, "n": 28473, "dup": 1.0, "fill_f": 0.8861, "fill_s": 0.8192, "netl_f": -2.787, "netl_s": -3.627, "sec": 50.7}
  [297/361 67m] {"day": "2026-03-02", "status": "ok", "parity": true, "ts_ok": true, "lab_ok": true, "n": 28162, "dup": 1.0, "fill_f": 0.903, "fill_s": 0.8241, "netl_f": -1.025, "netl_s": -1.75, "sec": 53.3}
  [298/361 67m] {"day": "2026-03-03", "status": "ok", "parity": true, "ts_ok": true, "lab_ok": true, "n": 28511, "dup": 1.0, "fill_f": 0.9113, "fill_s": 0.8265, "netl_f": -2.338, "netl_s": -3.399, "sec": 52.9}
  [299/361 67m] {"day": "2026-03-04", "status": "ok", "parity": true, "ts_ok": true, "lab_ok": true, "n": 28613, "dup": 1.0, "fill_f": 0.9144, "fill_s": 0.8454, "netl_f": -0.502, "netl_s": -1.234, "sec": 55.5}
  [300/361 67m] {"day": "2026-03-05", "status": "ok", "parity": true, "ts_ok": true, "lab_ok": true, "n": 28229, "dup": 1.0, "fill_f": 0.8974, "fill_s": 0.8182, "netl_f": -2.21, "netl_s": -3.038, "sec": 53.5}
  [301/361 67m] {"day": "2026-03-06", "status": "ok", "parity": true, "ts_ok": true, "lab_ok": true, "n": 28197, "dup": 1.0, "fill_f": 0.8883, "fill_s": 0.7943, "netl_f": -2.487, "netl_s": -3.263, "sec": 56.3}
  [302/361 68m] {"day": "2026-03-07", "status": "ok", "parity": true, "ts_ok": true, "lab_ok": true, "n": 28611, "dup": 1.0, "fill_f": 0.7839, "fill_s": 0.6814, "netl_f": -1.724, "netl_s": -2.105, "sec": 52.5}
  [303/361 68m] {"day": "2026-03-08", "status": "ok", "parity": true, "ts_ok": true, "lab_ok": true, "n": 28389, "dup": 1.0, "fill_f": 0.8295, "fill_s": 0.7446, "netl_f": -2.346, "netl_s": -2.939, "sec": 48.2}
  [304/361 68m] {"day": "2026-03-09", "status": "ok", "parity": true, "ts_ok": true, "lab_ok": true, "n": 28614, "dup": 1.0, "fill_f": 0.9065, "fill_s": 0.8241, "netl_f": -1.357, "netl_s": -2.181, "sec": 52.5}
  [305/361 68m] {"day": "2026-03-10", "status": "ok", "parity": true, "ts_ok": true, "lab_ok": true, "n": 28607, "dup": 1.0, "fill_f": 0.8934, "fill_s": 0.8039, "netl_f": -1.304, "netl_s": -2.036, "sec": 51.2}
  [306/361 69m] {"day": "2026-03-11", "status": "ok", "parity": true, "ts_ok": true, "lab_ok": true, "n": 28503, "dup": 1.0, "fill_f": 0.8781, "fill_s": 0.7764, "netl_f": -1.532, "netl_s": -2.181, "sec": 53.1}
  [307/361 69m] {"day": "2026-03-12", "status": "ok", "parity": true, "ts_ok": true, "lab_ok": true, "n": 28618, "dup": 1.0, "fill_f": 0.8754, "fill_s": 0.7802, "netl_f": -1.533, "netl_s": -2.22, "sec": 51.1}
  [308/361 69m] {"day": "2026-03-13", "status": "ok", "parity": true, "ts_ok": true, "lab_ok": true, "n": 27964, "dup": 1.0, "fill_f": 0.8844, "fill_s": 0.8055, "netl_f": -1.501, "netl_s": -2.111, "sec": 52.4}
  [309/361 69m] {"day": "2026-03-14", "status": "ok", "parity": true, "ts_ok": true, "lab_ok": true, "n": 28616, "dup": 1.0, "fill_f": 0.7471, "fill_s": 0.6405, "netl_f": -1.342, "netl_s": -1.636, "sec": 50.3}
  [310/361 69m] {"day": "2026-03-15", "status": "ok", "parity": true, "ts_ok": true, "lab_ok": true, "n": 28605, "dup": 1.0, "fill_f": 0.8275, "fill_s": 0.7413, "netl_f": -1.053, "netl_s": -1.487, "sec": 51.0}
  [311/361 70m] {"day": "2026-03-16", "status": "ok", "parity": true, "ts_ok": true, "lab_ok": true, "n": 28322, "dup": 1.0, "fill_f": 0.9033, "fill_s": 0.8296, "netl_f": -0.499, "netl_s": -1.307, "sec": 54.2}
  [312/361 70m] {"day": "2026-03-17", "status": "ok", "parity": true, "ts_ok": true, "lab_ok": true, "n": 28554, "dup": 1.0, "fill_f": 0.8771, "fill_s": 0.7939, "netl_f": -2.049, "netl_s": -2.781, "sec": 48.9}
  [313/361 70m] {"day": "2026-03-18", "status": "ok", "parity": true, "ts_ok": true, "lab_ok": true, "n": 28611, "dup": 1.0, "fill_f": 0.8745, "fill_s": 0.7799, "netl_f": -2.681, "netl_s": -3.5, "sec": 53.2}
  [314/361 70m] {"day": "2026-03-19", "status": "ok", "parity": true, "ts_ok": true, "lab_ok": true, "n": 28117, "dup": 1.0, "fill_f": 0.8822, "fill_s": 0.776, "netl_f": -2.409, "netl_s": -3.402, "sec": 55.2}
  [315/361 71m] {"day": "2026-03-20", "status": "ok", "parity": true, "ts_ok": true, "lab_ok": true, "n": 28609, "dup": 1.0, "fill_f": 0.8815, "fill_s": 0.7571, "netl_f": -1.695, "netl_s": -2.614, "sec": 52.5}
  [316/361 71m] {"day": "2026-03-21", "status": "ok", "parity": true, "ts_ok": true, "lab_ok": true, "n": 28564, "dup": 1.0, "fill_f": 0.7306, "fill_s": 0.5515, "netl_f": -1.586, "netl_s": -2.017, "sec": 47.2}
  [317/361 71m] {"day": "2026-03-22", "status": "ok", "parity": true, "ts_ok": true, "lab_ok": true, "n": 28532, "dup": 1.0, "fill_f": 0.843, "fill_s": 0.7529, "netl_f": -1.945, "netl_s": -2.487, "sec": 51.4}
  [318/361 71m] {"day": "2026-03-23", "status": "ok", "parity": true, "ts_ok": true, "lab_ok": true, "n": 28498, "dup": 1.0, "fill_f": 0.8993, "fill_s": 0.8052, "netl_f": -1.155, "netl_s": -1.933, "sec": 56.6}
  [319/361 71m] {"day": "2026-03-24", "status": "ok", "parity": true, "ts_ok": true, "lab_ok": true, "n": 28620, "dup": 1.0, "fill_f": 0.8894, "fill_s": 0.7589, "netl_f": -1.56, "netl_s": -2.534, "sec": 51.0}
  [320/361 72m] {"day": "2026-03-25", "status": "ok", "parity": true, "ts_ok": true, "lab_ok": true, "n": 28275, "dup": 1.0, "fill_f": 0.8577, "fill_s": 0.7428, "netl_f": -1.521, "netl_s": -2.264, "sec": 52.9}
  [321/361 72m] {"day": "2026-03-26", "status": "ok", "parity": true, "ts_ok": true, "lab_ok": true, "n": 28197, "dup": 1.0, "fill_f": 0.8532, "fill_s": 0.7177, "netl_f": -2.664, "netl_s": -3.654, "sec": 51.3}
  [322/361 72m] {"day": "2026-03-27", "status": "ok", "parity": true, "ts_ok": true, "lab_ok": true, "n": 28617, "dup": 1.0, "fill_f": 0.8473, "fill_s": 0.7214, "netl_f": -2.281, "netl_s": -3.184, "sec": 54.2}
  [323/361 72m] {"day": "2026-03-28", "status": "ok", "parity": true, "ts_ok": true, "lab_ok": true, "n": 28586, "dup": 1.0, "fill_f": 0.7551, "fill_s": 0.6321, "netl_f": -1.584, "netl_s": -1.962, "sec": 53.0}
  [324/361 72m] {"day": "2026-03-29", "status": "ok", "parity": true, "ts_ok": true, "lab_ok": true, "n": 28373, "dup": 1.0, "fill_f": 0.7744, "fill_s": 0.6384, "netl_f": -2.166, "netl_s": -2.788, "sec": 51.1}
  [325/361 73m] {"day": "2026-03-30", "status": "ok", "parity": true, "ts_ok": true, "lab_ok": true, "n": 28614, "dup": 1.0, "fill_f": 0.8695, "fill_s": 0.7584, "netl_f": -1.463, "netl_s": -2.199, "sec": 49.7}
  [326/361 73m] {"day": "2026-03-31", "status": "ok", "parity": true, "ts_ok": true, "lab_ok": true, "n": 28116, "dup": 1.0, "fill_f": 0.8738, "fill_s": 0.783, "netl_f": -1.29, "netl_s": -2.082, "sec": 49.0}
  [327/361 73m] {"day": "2026-04-01", "status": "ok", "parity": true, "ts_ok": true, "lab_ok": true, "n": 28616, "dup": 1.0, "fill_f": 0.8652, "fill_s": 0.752, "netl_f": -1.71, "netl_s": -2.515, "sec": 54.1}
  [328/361 73m] {"day": "2026-04-02", "status": "ok", "parity": true, "ts_ok": true, "lab_ok": true, "n": 28588, "dup": 1.0, "fill_f": 0.8645, "fill_s": 0.7586, "netl_f": -2.52, "netl_s": -3.38, "sec": 59.5}
  [329/361 74m] {"day": "2026-04-03", "status": "ok", "parity": true, "ts_ok": true, "lab_ok": true, "n": 27838, "dup": 1.0, "fill_f": 0.8028, "fill_s": 0.6503, "netl_f": -1.73, "netl_s": -2.289, "sec": 53.0}
  [330/361 74m] {"day": "2026-04-04", "status": "ok", "parity": true, "ts_ok": true, "lab_ok": true, "n": 28619, "dup": 1.0, "fill_f": 0.6523, "fill_s": 0.4808, "netl_f": -1.198, "netl_s": -1.44, "sec": 47.3}
  [331/361 74m] {"day": "2026-04-05", "status": "ok", "parity": true, "ts_ok": true, "lab_ok": true, "n": 28622, "dup": 1.0, "fill_f": 0.7287, "fill_s": 0.5991, "netl_f": -1.367, "netl_s": -1.899, "sec": 48.6}
  [332/361 74m] {"day": "2026-04-06", "status": "ok", "parity": true, "ts_ok": true, "lab_ok": true, "n": 28613, "dup": 1.0, "fill_f": 0.8638, "fill_s": 0.7395, "netl_f": -1.774, "netl_s": -2.673, "sec": 49.5}
  [333/361 74m] {"day": "2026-04-07", "status": "ok", "parity": true, "ts_ok": true, "lab_ok": true, "n": 28443, "dup": 1.0, "fill_f": 0.8702, "fill_s": 0.7528, "netl_f": -0.289, "netl_s": -1.092, "sec": 52.9}
  [334/361 75m] {"day": "2026-04-08", "status": "ok", "parity": true, "ts_ok": true, "lab_ok": true, "n": 28611, "dup": 1.0, "fill_f": 0.8619, "fill_s": 0.7581, "netl_f": -2.233, "netl_s": -2.907, "sec": 52.8}
  [335/361 75m] {"day": "2026-04-09", "status": "ok", "parity": true, "ts_ok": true, "lab_ok": true, "n": 28223, "dup": 1.0, "fill_f": 0.8448, "fill_s": 0.7308, "netl_f": -2.024, "netl_s": -2.925, "sec": 50.4}
  [336/361 75m] {"day": "2026-04-10", "status": "ok", "parity": true, "ts_ok": true, "lab_ok": true, "n": 28618, "dup": 1.0, "fill_f": 0.8345, "fill_s": 0.7046, "netl_f": -1.094, "netl_s": -1.706, "sec": 50.4}
  [337/361 75m] {"day": "2026-04-11", "status": "ok", "parity": true, "ts_ok": true, "lab_ok": true, "n": 28606, "dup": 1.0, "fill_f": 0.7411, "fill_s": 0.6411, "netl_f": -1.48, "netl_s": -1.808, "sec": 49.3}
  [338/361 75m] {"day": "2026-04-12", "status": "ok", "parity": true, "ts_ok": true, "lab_ok": true, "n": 28440, "dup": 1.0, "fill_f": 0.7665, "fill_s": 0.6614, "netl_f": -2.622, "netl_s": -3.161, "sec": 50.2}
  [339/361 76m] {"day": "2026-04-13", "status": "ok", "parity": true, "ts_ok": true, "lab_ok": true, "n": 28616, "dup": 1.0, "fill_f": 0.8377, "fill_s": 0.7162, "netl_f": -0.4, "netl_s": -1.056, "sec": 50.5}
  [340/361 76m] {"day": "2026-04-14", "status": "ok", "parity": true, "ts_ok": true, "lab_ok": true, "n": 28475, "dup": 1.0, "fill_f": 0.8639, "fill_s": 0.7801, "netl_f": -2.037, "netl_s": -2.543, "sec": 50.7}
  [341/361 76m] {"day": "2026-04-15", "status": "ok", "parity": true, "ts_ok": true, "lab_ok": true, "n": 28621, "dup": 1.0, "fill_f": 0.8422, "fill_s": 0.7251, "netl_f": -1.718, "netl_s": -2.552, "sec": 50.1}
  [342/361 76m] {"day": "2026-04-16", "status": "ok", "parity": true, "ts_ok": true, "lab_ok": true, "n": 28328, "dup": 1.0, "fill_f": 0.8527, "fill_s": 0.7183, "netl_f": -1.841, "netl_s": -2.67, "sec": 50.3}
  [343/361 76m] {"day": "2026-04-17", "status": "ok", "parity": true, "ts_ok": true, "lab_ok": true, "n": 28375, "dup": 1.0, "fill_f": 0.8446, "fill_s": 0.7292, "netl_f": -1.295, "netl_s": -1.927, "sec": 51.5}
  [344/361 77m] {"day": "2026-04-18", "status": "ok", "parity": true, "ts_ok": true, "lab_ok": true, "n": 28613, "dup": 1.0, "fill_f": 0.7798, "fill_s": 0.6517, "netl_f": -2.456, "netl_s": -2.993, "sec": 49.4}
  [345/361 77m] {"day": "2026-04-19", "status": "ok", "parity": true, "ts_ok": true, "lab_ok": true, "n": 28357, "dup": 1.0, "fill_f": 0.8252, "fill_s": 0.713, "netl_f": -2.616, "netl_s": -3.253, "sec": 50.4}
  [346/361 77m] {"day": "2026-04-20", "status": "ok", "parity": true, "ts_ok": true, "lab_ok": true, "n": 28615, "dup": 1.0, "fill_f": 0.8602, "fill_s": 0.7451, "netl_f": -1.355, "netl_s": -1.99, "sec": 53.2}
  [347/361 77m] {"day": "2026-04-21", "status": "ok", "parity": true, "ts_ok": true, "lab_ok": true, "n": 28603, "dup": 1.0, "fill_f": 0.8574, "fill_s": 0.7202, "netl_f": -1.63, "netl_s": -2.505, "sec": 51.7}
  [348/361 78m] {"day": "2026-04-22", "status": "ok", "parity": true, "ts_ok": true, "lab_ok": true, "n": 28512, "dup": 1.0, "fill_f": 0.8612, "fill_s": 0.7385, "netl_f": -1.37, "netl_s": -1.957, "sec": 53.6}
  [349/361 78m] {"day": "2026-04-23", "status": "ok", "parity": true, "ts_ok": true, "lab_ok": true, "n": 28516, "dup": 1.0, "fill_f": 0.8749, "fill_s": 0.6759, "netl_f": -0.153, "netl_s": -1.022, "sec": 53.6}
  [350/361 78m] {"day": "2026-04-24", "status": "ok", "parity": true, "ts_ok": true, "lab_ok": true, "n": 28617, "dup": 1.0, "fill_f": 0.8538, "fill_s": 0.5894, "netl_f": -0.022, "netl_s": -0.77, "sec": 53.5}
  [351/361 78m] {"day": "2026-04-25", "status": "ok", "parity": true, "ts_ok": true, "lab_ok": true, "n": 28617, "dup": 1.0, "fill_f": 0.6702, "fill_s": 0.2756, "netl_f": 0.205, "netl_s": -0.144, "sec": 51.4}
  [352/361 78m] {"day": "2026-04-26", "status": "ok", "parity": true, "ts_ok": true, "lab_ok": true, "n": 28606, "dup": 1.0, "fill_f": 0.7649, "fill_s": 0.4229, "netl_f": 0.51, "netl_s": -0.08, "sec": 49.4}
  [353/361 79m] {"day": "2026-04-27", "status": "ok", "parity": true, "ts_ok": true, "lab_ok": true, "n": 28434, "dup": 1.0, "fill_f": 0.8603, "fill_s": 0.6284, "netl_f": -0.603, "netl_s": -1.541, "sec": 51.9}
  [354/361 79m] {"day": "2026-04-28", "status": "ok", "parity": true, "ts_ok": true, "lab_ok": true, "n": 28612, "dup": 1.0, "fill_f": 0.8608, "fill_s": 0.607, "netl_f": -0.104, "netl_s": -0.743, "sec": 50.6}
  [355/361 79m] {"day": "2026-04-29", "status": "ok", "parity": true, "ts_ok": true, "lab_ok": true, "n": 28592, "dup": 1.0, "fill_f": 0.8708, "fill_s": 0.6831, "netl_f": -0.328, "netl_s": -1.219, "sec": 56.6}
  [356/361 79m] {"day": "2026-04-30", "status": "ok", "parity": true, "ts_ok": true, "lab_ok": true, "n": 28595, "dup": 1.0, "fill_f": 0.8381, "fill_s": 0.5382, "netl_f": 0.039, "netl_s": -0.801, "sec": 53.6}
  [357/361 80m] {"day": "2026-05-01", "status": "ok", "parity": true, "ts_ok": true, "lab_ok": true, "n": 28596, "dup": 1.0, "fill_f": 0.816, "fill_s": 0.5083, "netl_f": 0.338, "netl_s": -0.174, "sec": 52.4}
  [358/361 80m] {"day": "2026-05-02", "status": "ok", "parity": true, "ts_ok": true, "lab_ok": true, "n": 28571, "dup": 1.0, "fill_f": 0.7339, "fill_s": 0.3332, "netl_f": 0.322, "netl_s": -0.071, "sec": 48.3}
  [359/361 80m] {"day": "2026-05-03", "status": "ok", "parity": true, "ts_ok": true, "lab_ok": true, "n": 28617, "dup": 1.0, "fill_f": 0.7803, "fill_s": 0.4255, "netl_f": 0.009, "netl_s": -0.785, "sec": 44.5}
  [360/361 80m] {"day": "2026-05-04", "status": "ok", "parity": true, "ts_ok": true, "lab_ok": true, "n": 28607, "dup": 1.0, "fill_f": 0.8738, "fill_s": 0.677, "netl_f": 0.252, "netl_s": -0.603, "sec": 43.0}
  [361/361 80m] {"day": "2026-05-05", "status": "ok", "parity": true, "ts_ok": true, "lab_ok": true, "n": 28594, "dup": 1.0, "fill_f": 0.8385, "fill_s": 0.5833, "netl_f": 0.15, "netl_s": -0.816, "sec": 34.8}
[DONE] ok=361/361 parity-fail=0 []
[SUMMARY] fill frozen=0.8496 strict=0.7412 | netl150(filled) frozen=-1.775bp strict=-2.469bp
=== combine ETH 2026-07-30T22:49:53Z ===
[combine] parent dailies: 361
  0/361 2025-05-09
  40/361 2025-06-18
  80/361 2025-07-28
  120/361 2025-09-06
  160/361 2025-10-16
  200/361 2025-11-25
  240/361 2026-01-04
  280/361 2026-02-14
  320/361 2026-03-26
  360/361 2026-05-05
[saved] gs://market-data-0998ac51/research_runs/maker_labels_tb3s_h150dstrict/ETH.npz N=10224311 days=361 (359MB)
=== ALL DONE 2026-07-30T22:51:43Z ===
